Fecha,Hora,Nombre Comercial,URL,Status,Codigo HTTP,Tiempo de Carga (segundos)
7/04/2026,09:12:25,Hertz,https://www.hertzmexico.com/,OK,200,0.48
7/04/2026,09:12:25,Dollar,https://dollarmexico.com.mx/,OK,200,0.42
7/04/2026,09:12:25,Thrifty,https://www.thrifty.com.mx/,OK,200,0.54
7/04/2026,09:12:25,Firefly,https://www.fireflycarrental.com.mx/,OK,200,0.46
7/04/2026,09:12:25,Avis,https://avis.mx/,OK,200,1.02
7/04/2026,09:12:25,National,https://nationalcar.com.mx/,OK,200,3.62
7/04/2026,09:12:25,Alamo,https://www.alamo.com.mx/es,OK,200,1.29
7/04/2026,09:12:25,Mex Rent A Car,https://mexrentacar.com/es/index,OK,200,1.23
7/04/2026,09:12:25,Budget,https://budget.com.mx/#/,OK,200,1.49
7/04/2026,09:12:25,Localiza,https://www.localiza.com/mexico/es-mx,OK,200,1.27
7/04/2026,09:12:25,Enterprise,https://enterprise.mx/,OK,200,2.67
7/04/2026,09:12:25,Europcar,https://www.europcar.com.mx/,OK,200,1.12
7/04/2026,11:11:18,Hertz,https://www.hertzmexico.com/,OK,200,0.73
7/04/2026,11:11:18,Dollar,https://dollarmexico.com.mx/,OK,200,0.33
7/04/2026,11:11:18,Thrifty,https://www.thrifty.com.mx/,OK,200,0.41
7/04/2026,11:11:18,Firefly,https://www.fireflycarrental.com.mx/,OK,200,0.33
7/04/2026,11:11:18,Avis,https://avis.mx/,OK,200,0.94
7/04/2026,11:11:18,National,https://nationalcar.com.mx/,OK,200,3.2
7/04/2026,11:11:18,Alamo,https://www.alamo.com.mx/es,OK,200,1.27
7/04/2026,11:11:18,Mex Rent A Car,https://mexrentacar.com/es/index,OK,200,1.03
7/04/2026,11:11:18,Budget,https://budget.com.mx/#/,OK,200,0.5
7/04/2026,11:11:18,Localiza,https://www.localiza.com/mexico/es-mx,OK,200,1.33
7/04/2026,11:11:18,Enterprise,https://enterprise.mx/,OK,200,1.98
7/04/2026,11:11:18,Europcar,https://www.europcar.com.mx/,OK,200,1.47
7/04/2026,13:16:53,Hertz,https://www.hertzmexico.com/,OK,200,0.48
7/04/2026,13:16:53,Dollar,https://dollarmexico.com.mx/,OK,200,0.38
7/04/2026,13:16:53,Thrifty,https://www.thrifty.com.mx/,OK,200,0.57
7/04/2026,13:16:53,Firefly,https://www.fireflycarrental.com.mx/,OK,200,0.54
7/04/2026,13:16:53,Avis,https://avis.mx/,OK,200,1.07
7/04/2026,13:16:53,National,https://nationalcar.com.mx/,OK,200,3.61
7/04/2026,13:16:53,Alamo,https://www.alamo.com.mx/es,OK,200,1.33
7/04/2026,13:16:53,Mex Rent A Car,https://mexrentacar.com/es/index,OK,200,1.43
7/04/2026,13:16:53,Budget,https://budget.com.mx/#/,OK,200,0.46
7/04/2026,13:16:53,Localiza,https://www.localiza.com/mexico/es-mx,OK,200,0.97
7/04/2026,13:16:53,Enterprise,https://enterprise.mx/,OK,200,2.4
7/04/2026,13:16:53,Europcar,https://www.europcar.com.mx/,OK,200,0.69
7/04/2026,14:57:47,Hertz,https://www.hertzmexico.com/,OK,200,0.59
7/04/2026,14:57:47,Dollar,https://dollarmexico.com.mx/,OK,200,0.44
7/04/2026,14:57:47,Thrifty,https://www.thrifty.com.mx/,OK,200,0.5
7/04/2026,14:57:47,Firefly,https://www.fireflycarrental.com.mx/,OK,200,0.52
7/04/2026,14:57:47,Avis,https://avis.mx/,OK,200,1.14
7/04/2026,14:57:47,National,https://nationalcar.com.mx/,OK,200,3.61
7/04/2026,14:57:47,Alamo,https://www.alamo.com.mx/es,OK,200,1.29
7/04/2026,14:57:47,Mex Rent A Car,https://mexrentacar.com/es/index,OK,200,1.52
7/04/2026,14:57:47,Budget,https://budget.com.mx/#/,OK,200,6.04
7/04/2026,14:57:47,Localiza,https://www.localiza.com/mexico/es-mx,OK,200,1.08
7/04/2026,14:57:47,Enterprise,https://enterprise.mx/,OK,200,2.47
7/04/2026,14:57:47,Europcar,https://www.europcar.com.mx/,OK,200,2.93
7/04/2026,16:50:06,Hertz,https://www.hertzmexico.com/,OK,200,0.8
7/04/2026,16:50:06,Dollar,https://dollarmexico.com.mx/,OK,200,0.51
7/04/2026,16:50:06,Thrifty,https://www.thrifty.com.mx/,OK,200,0.57
7/04/2026,16:50:06,Firefly,https://www.fireflycarrental.com.mx/,OK,200,0.49
7/04/2026,16:50:06,Avis,https://avis.mx/,OK,200,0.9
7/04/2026,16:50:06,National,https://nationalcar.com.mx/,OK,200,3.26
7/04/2026,16:50:06,Alamo,https://www.alamo.com.mx/es,OK,200,1.18
7/04/2026,16:50:06,Mex Rent A Car,https://mexrentacar.com/es/index,OK,200,0.75
7/04/2026,16:50:06,Budget,https://budget.com.mx/#/,OK,200,6.3
7/04/2026,16:50:06,Localiza,https://www.localiza.com/mexico/es-mx,OK,200,3.38
7/04/2026,16:50:06,Enterprise,https://enterprise.mx/,OK,200,2.12
7/04/2026,16:50:06,Europcar,https://www.europcar.com.mx/,OK,200,0.61
7/04/2026,21:22:22,Hertz,https://www.hertzmexico.com/,OK,200,0.48
7/04/2026,21:22:22,Dollar,https://dollarmexico.com.mx/,OK,200,0.38
7/04/2026,21:22:22,Thrifty,https://www.thrifty.com.mx/,OK,200,0.47
7/04/2026,21:22:22,Firefly,https://www.fireflycarrental.com.mx/,OK,200,0.41
7/04/2026,21:22:22,Avis,https://avis.mx/,OK,200,0.99
7/04/2026,21:22:22,National,https://nationalcar.com.mx/,OK,200,3.23
7/04/2026,21:22:22,Alamo,https://www.alamo.com.mx/es,OK,200,1.19
7/04/2026,21:22:22,Mex Rent A Car,https://mexrentacar.com/es/index,OK,200,1.06
7/04/2026,21:22:22,Budget,https://budget.com.mx/#/,OK,200,0.65
7/04/2026,21:22:22,Localiza,https://www.localiza.com/mexico/es-mx,OK,200,1.43
7/04/2026,21:22:22,Enterprise,https://enterprise.mx/,OK,200,2.07
7/04/2026,21:22:22,Europcar,https://www.europcar.com.mx/,OK,200,0.72
7/04/2026,23:52:17,Hertz,https://www.hertzmexico.com/,OK,200,0.49
7/04/2026,23:52:17,Dollar,https://dollarmexico.com.mx/,OK,200,0.44
7/04/2026,23:52:17,Thrifty,https://www.thrifty.com.mx/,OK,200,0.38
7/04/2026,23:52:17,Firefly,https://www.fireflycarrental.com.mx/,OK,200,0.48
7/04/2026,23:52:17,Avis,https://avis.mx/,OK,200,1.01
7/04/2026,23:52:17,National,https://nationalcar.com.mx/,OK,200,3.25
7/04/2026,23:52:17,Alamo,https://www.alamo.com.mx/es,OK,200,1.33
7/04/2026,23:52:17,Mex Rent A Car,https://mexrentacar.com/es/index,OK,200,1.04
7/04/2026,23:52:17,Budget,https://budget.com.mx/#/,OK,200,0.63
7/04/2026,23:52:17,Localiza,https://www.localiza.com/mexico/es-mx,OK,200,1.17
7/04/2026,23:52:17,Enterprise,https://enterprise.mx/,OK,200,1.81
7/04/2026,23:52:17,Europcar,https://www.europcar.com.mx/,OK,200,0.69
8/04/2026,01:47:39,Hertz,https://www.hertzmexico.com/,OK,200,0.56
8/04/2026,01:47:39,Dollar,https://dollarmexico.com.mx/,OK,200,0.39
8/04/2026,01:47:39,Thrifty,https://www.thrifty.com.mx/,OK,200,0.57
8/04/2026,01:47:39,Firefly,https://www.fireflycarrental.com.mx/,OK,200,0.4
8/04/2026,01:47:39,Avis,https://avis.mx/,OK,200,1.1
8/04/2026,01:47:39,National,https://nationalcar.com.mx/,OK,200,3.77
8/04/2026,01:47:39,Alamo,https://www.alamo.com.mx/es,OK,200,1.21
8/04/2026,01:47:39,Mex Rent A Car,https://mexrentacar.com/es/index,OK,200,1.09
8/04/2026,01:47:39,Budget,https://budget.com.mx/#/,OK,200,0.75
8/04/2026,01:47:39,Localiza,https://www.localiza.com/mexico/es-mx,OK,200,1.42
8/04/2026,01:47:39,Enterprise,https://enterprise.mx/,OK,200,2.36
8/04/2026,01:47:39,Europcar,https://www.europcar.com.mx/,OK,200,0.58
8/04/2026,03:14:09,Hertz,https://www.hertzmexico.com/,OK,200,0.71
8/04/2026,03:14:09,Dollar,https://dollarmexico.com.mx/,OK,200,0.37
8/04/2026,03:14:09,Thrifty,https://www.thrifty.com.mx/,OK,200,0.58
8/04/2026,03:14:09,Firefly,https://www.fireflycarrental.com.mx/,OK,200,0.51
8/04/2026,03:14:09,Avis,https://avis.mx/,OK,200,1.01
8/04/2026,03:14:09,National,https://nationalcar.com.mx/,OK,200,3.37
8/04/2026,03:14:09,Alamo,https://www.alamo.com.mx/es,OK,200,1.55
8/04/2026,03:14:09,Mex Rent A Car,https://mexrentacar.com/es/index,OK,200,1.16
8/04/2026,03:14:09,Budget,https://budget.com.mx/#/,OK,200,0.4
8/04/2026,03:14:09,Localiza,https://www.localiza.com/mexico/es-mx,OK,200,1.76
8/04/2026,03:14:09,Enterprise,https://enterprise.mx/,OK,200,1.99
8/04/2026,03:14:09,Europcar,https://www.europcar.com.mx/,OK,200,0.67
8/04/2026,05:08:19,Hertz,https://www.hertzmexico.com/,OK,200,0.53
8/04/2026,05:08:19,Dollar,https://dollarmexico.com.mx/,OK,200,1.18
8/04/2026,05:08:19,Thrifty,https://www.thrifty.com.mx/,OK,200,0.73
8/04/2026,05:08:19,Firefly,https://www.fireflycarrental.com.mx/,OK,200,0.75
8/04/2026,05:08:19,Avis,https://avis.mx/,OK,200,0.86
8/04/2026,05:08:19,National,https://nationalcar.com.mx/,OK,200,2.59
8/04/2026,05:08:19,Alamo,https://www.alamo.com.mx/es,OK,200,2.26
8/04/2026,05:08:19,Mex Rent A Car,https://mexrentacar.com/es/index,OK,200,0.71
8/04/2026,05:08:19,Budget,https://budget.com.mx/#/,OK,200,0.73
8/04/2026,05:08:19,Localiza,https://www.localiza.com/mexico/es-mx,OK,200,0.94
8/04/2026,05:08:19,Enterprise,https://enterprise.mx/,OK,200,1.57
8/04/2026,05:08:19,Europcar,https://www.europcar.com.mx/,OK,200,1.39
8/04/2026,07:52:09,Hertz,https://www.hertzmexico.com/,OK,200,0.59
8/04/2026,07:52:09,Dollar,https://dollarmexico.com.mx/,OK,200,0.43
8/04/2026,07:52:09,Thrifty,https://www.thrifty.com.mx/,OK,200,0.54
8/04/2026,07:52:09,Firefly,https://www.fireflycarrental.com.mx/,OK,200,0.4
8/04/2026,07:52:09,Avis,https://avis.mx/,OK,200,0.95
8/04/2026,07:52:09,National,https://nationalcar.com.mx/,OK,200,3.59
8/04/2026,07:52:09,Alamo,https://www.alamo.com.mx/es,OK,200,1.39
8/04/2026,07:52:09,Mex Rent A Car,https://mexrentacar.com/es/index,OK,200,1.2
8/04/2026,07:52:09,Budget,https://budget.com.mx/#/,OK,200,0.79
8/04/2026,07:52:09,Localiza,https://www.localiza.com/mexico/es-mx,OK,200,0.85
8/04/2026,07:52:09,Enterprise,https://enterprise.mx/,OK,200,2.38
8/04/2026,07:52:09,Europcar,https://www.europcar.com.mx/,OK,200,1.57
8/04/2026,09:20:52,Hertz,https://www.hertzmexico.com/,OK,200,0.68
8/04/2026,09:20:52,Dollar,https://dollarmexico.com.mx/,OK,200,0.41
8/04/2026,09:20:52,Thrifty,https://www.thrifty.com.mx/,OK,200,0.56
8/04/2026,09:20:52,Firefly,https://www.fireflycarrental.com.mx/,OK,200,0.47
8/04/2026,09:20:52,Avis,https://avis.mx/,OK,200,1.04
8/04/2026,09:20:52,National,https://nationalcar.com.mx/,OK,200,3.08
8/04/2026,09:20:52,Alamo,https://www.alamo.com.mx/es,OK,200,1.39
8/04/2026,09:20:52,Mex Rent A Car,https://mexrentacar.com/es/index,OK,200,0.73
8/04/2026,09:20:52,Budget,https://budget.com.mx/#/,OK,200,0.48
8/04/2026,09:20:52,Localiza,https://www.localiza.com/mexico/es-mx,OK,200,1.02
8/04/2026,09:20:52,Enterprise,https://enterprise.mx/,OK,200,2.0
8/04/2026,09:20:52,Europcar,https://www.europcar.com.mx/,OK,200,0.74
8/04/2026,11:27:39,Hertz,https://www.hertzmexico.com/,OK,200,0.52
8/04/2026,11:27:39,Dollar,https://dollarmexico.com.mx/,OK,200,0.37
8/04/2026,11:27:39,Thrifty,https://www.thrifty.com.mx/,OK,200,0.53
8/04/2026,11:27:39,Firefly,https://www.fireflycarrental.com.mx/,OK,200,0.69
8/04/2026,11:27:39,Avis,https://avis.mx/,OK,200,1.1
8/04/2026,11:27:39,National,https://nationalcar.com.mx/,OK,200,3.53
8/04/2026,11:27:39,Alamo,https://www.alamo.com.mx/es,OK,200,1.13
8/04/2026,11:27:39,Mex Rent A Car,https://mexrentacar.com/es/index,OK,200,1.18
8/04/2026,11:27:39,Budget,https://budget.com.mx/#/,OK,200,1.97
8/04/2026,11:27:39,Localiza,https://www.localiza.com/mexico/es-mx,OK,200,1.04
8/04/2026,11:27:39,Enterprise,https://enterprise.mx/,OK,200,2.48
8/04/2026,11:27:39,Europcar,https://www.europcar.com.mx/,OK,200,0.53
8/04/2026,13:28:18,Hertz,https://www.hertzmexico.com/,OK,200,0.6
8/04/2026,13:28:18,Dollar,https://dollarmexico.com.mx/,OK,200,0.48
8/04/2026,13:28:18,Thrifty,https://www.thrifty.com.mx/,OK,200,0.42
8/04/2026,13:28:18,Firefly,https://www.fireflycarrental.com.mx/,OK,200,0.38
8/04/2026,13:28:18,Avis,https://avis.mx/,OK,200,0.95
8/04/2026,13:28:18,National,https://nationalcar.com.mx/,OK,200,3.35
8/04/2026,13:28:18,Alamo,https://www.alamo.com.mx/es,OK,200,1.15
8/04/2026,13:28:18,Mex Rent A Car,https://mexrentacar.com/es/index,OK,200,2.01
8/04/2026,13:28:18,Budget,https://budget.com.mx/#/,OK,200,0.69
8/04/2026,13:28:18,Localiza,https://www.localiza.com/mexico/es-mx,OK,200,1.9
8/04/2026,13:28:18,Enterprise,https://enterprise.mx/,OK,200,2.07
8/04/2026,13:28:18,Europcar,https://www.europcar.com.mx/,OK,200,0.77
8/04/2026,14:55:45,Hertz,https://www.hertzmexico.com/,OK,200,0.6
8/04/2026,14:55:45,Dollar,https://dollarmexico.com.mx/,OK,200,0.39
8/04/2026,14:55:45,Thrifty,https://www.thrifty.com.mx/,OK,200,0.56
8/04/2026,14:55:45,Firefly,https://www.fireflycarrental.com.mx/,OK,200,0.48
8/04/2026,14:55:45,Avis,https://avis.mx/,OK,200,0.76
8/04/2026,14:55:45,National,https://nationalcar.com.mx/,OK,200,3.32
8/04/2026,14:55:45,Alamo,https://www.alamo.com.mx/es,OK,200,1.41
8/04/2026,14:55:45,Mex Rent A Car,https://mexrentacar.com/es/index,OK,200,0.87
8/04/2026,14:55:45,Budget,https://budget.com.mx/#/,OK,200,0.52
8/04/2026,14:55:45,Localiza,https://www.localiza.com/mexico/es-mx,OK,200,1.65
8/04/2026,14:55:45,Enterprise,https://enterprise.mx/,OK,200,2.01
8/04/2026,14:55:45,Europcar,https://www.europcar.com.mx/,OK,200,0.64
8/04/2026,16:52:50,Hertz,https://www.hertzmexico.com/,OK,200,0.83
8/04/2026,16:52:50,Dollar,https://dollarmexico.com.mx/,OK,200,0.42
8/04/2026,16:52:50,Thrifty,https://www.thrifty.com.mx/,OK,200,0.5
8/04/2026,16:52:50,Firefly,https://www.fireflycarrental.com.mx/,OK,200,0.38
8/04/2026,16:52:50,Avis,https://avis.mx/,OK,200,0.86
8/04/2026,16:52:50,National,https://nationalcar.com.mx/,OK,200,3.86
8/04/2026,16:52:50,Alamo,https://www.alamo.com.mx/es,OK,200,13.68
8/04/2026,16:52:50,Mex Rent A Car,https://mexrentacar.com/es/index,OK,200,1.16
8/04/2026,16:52:50,Budget,https://budget.com.mx/#/,OK,200,0.49
8/04/2026,16:52:50,Localiza,https://www.localiza.com/mexico/es-mx,OK,200,1.19
8/04/2026,16:52:50,Enterprise,https://enterprise.mx/,OK,200,3.01
8/04/2026,16:52:50,Europcar,https://www.europcar.com.mx/,OK,200,0.92
8/04/2026,20:57:39,Hertz,https://www.hertzmexico.com/,OK,200,0.65
8/04/2026,20:57:39,Dollar,https://dollarmexico.com.mx/,OK,200,0.87
8/04/2026,20:57:39,Thrifty,https://www.thrifty.com.mx/,OK,200,0.8
8/04/2026,20:57:39,Firefly,https://www.fireflycarrental.com.mx/,OK,200,0.67
8/04/2026,20:57:39,Avis,https://avis.mx/,OK,200,0.82
8/04/2026,20:57:39,National,https://nationalcar.com.mx/,OK,200,2.47
8/04/2026,20:57:39,Alamo,https://www.alamo.com.mx/es,OK,200,1.71
8/04/2026,20:57:39,Mex Rent A Car,https://mexrentacar.com/es/index,OK,200,0.67
8/04/2026,20:57:39,Budget,https://budget.com.mx/#/,OK,200,0.52
8/04/2026,20:57:39,Localiza,https://www.localiza.com/mexico/es-mx,OK,200,1.01
8/04/2026,20:57:39,Enterprise,https://enterprise.mx/,OK,200,1.59
8/04/2026,20:57:39,Europcar,https://www.europcar.com.mx/,OK,200,1.08
8/04/2026,23:53:14,Hertz,https://www.hertzmexico.com/,OK,200,0.55
8/04/2026,23:53:14,Dollar,https://dollarmexico.com.mx/,OK,200,0.99
8/04/2026,23:53:14,Thrifty,https://www.thrifty.com.mx/,OK,200,0.77
8/04/2026,23:53:14,Firefly,https://www.fireflycarrental.com.mx/,OK,200,0.6
8/04/2026,23:53:14,Avis,https://avis.mx/,OK,200,0.87
8/04/2026,23:53:14,National,https://nationalcar.com.mx/,OK,200,2.77
8/04/2026,23:53:14,Alamo,https://www.alamo.com.mx/es,OK,200,2.69
8/04/2026,23:53:14,Mex Rent A Car,https://mexrentacar.com/es/index,OK,200,0.66
8/04/2026,23:53:14,Budget,https://budget.com.mx/#/,OK,200,0.52
8/04/2026,23:53:14,Localiza,https://www.localiza.com/mexico/es-mx,OK,200,1.01
8/04/2026,23:53:14,Enterprise,https://enterprise.mx/,OK,200,1.49
8/04/2026,23:53:14,Europcar,https://www.europcar.com.mx/,OK,200,0.7
9/04/2026,01:50:21,Hertz,https://www.hertzmexico.com/,OK,200,0.63
9/04/2026,01:50:21,Dollar,https://dollarmexico.com.mx/,OK,200,0.57
9/04/2026,01:50:21,Thrifty,https://www.thrifty.com.mx/,OK,200,0.51
9/04/2026,01:50:21,Firefly,https://www.fireflycarrental.com.mx/,OK,200,0.5
9/04/2026,01:50:21,Avis,https://avis.mx/,OK,200,0.82
9/04/2026,01:50:21,National,https://nationalcar.com.mx/,OK,200,3.3
9/04/2026,01:50:21,Alamo,https://www.alamo.com.mx/es,OK,200,1.29
9/04/2026,01:50:21,Mex Rent A Car,https://mexrentacar.com/es/index,OK,200,0.97
9/04/2026,01:50:21,Budget,https://budget.com.mx/#/,OK,200,0.49
9/04/2026,01:50:21,Localiza,https://www.localiza.com/mexico/es-mx,OK,200,2.66
9/04/2026,01:50:21,Enterprise,https://enterprise.mx/,OK,200,2.04
9/04/2026,01:50:21,Europcar,https://www.europcar.com.mx/,OK,200,2.84
9/04/2026,03:19:55,Hertz,https://www.hertzmexico.com/,OK,200,0.68
9/04/2026,03:19:55,Dollar,https://dollarmexico.com.mx/,OK,200,0.45
9/04/2026,03:19:55,Thrifty,https://www.thrifty.com.mx/,OK,200,0.45
9/04/2026,03:19:55,Firefly,https://www.fireflycarrental.com.mx/,OK,200,0.6
9/04/2026,03:19:55,Avis,https://avis.mx/,OK,200,0.94
9/04/2026,03:19:55,National,https://nationalcar.com.mx/,OK,200,3.7
9/04/2026,03:19:55,Alamo,https://www.alamo.com.mx/es,OK,200,1.39
9/04/2026,03:19:55,Mex Rent A Car,https://mexrentacar.com/es/index,OK,200,1.19
9/04/2026,03:19:55,Budget,https://budget.com.mx/#/,OK,200,0.77
9/04/2026,03:19:55,Localiza,https://www.localiza.com/mexico/es-mx,OK,200,1.1
9/04/2026,03:19:55,Enterprise,https://enterprise.mx/,OK,200,13.96
9/04/2026,03:19:55,Europcar,https://www.europcar.com.mx/,OK,200,0.48
9/04/2026,05:08:12,Hertz,https://www.hertzmexico.com/,OK,200,0.64
9/04/2026,05:08:12,Dollar,https://dollarmexico.com.mx/,OK,200,0.37
9/04/2026,05:08:12,Thrifty,https://www.thrifty.com.mx/,OK,200,0.46
9/04/2026,05:08:12,Firefly,https://www.fireflycarrental.com.mx/,OK,200,0.42
9/04/2026,05:08:12,Avis,https://avis.mx/,OK,200,0.99
9/04/2026,05:08:12,National,https://nationalcar.com.mx/,OK,200,3.27
9/04/2026,05:08:12,Alamo,https://www.alamo.com.mx/es,OK,200,1.29
9/04/2026,05:08:12,Mex Rent A Car,https://mexrentacar.com/es/index,OK,200,1.13
9/04/2026,05:08:12,Budget,https://budget.com.mx/#/,OK,200,0.62
9/04/2026,05:08:12,Localiza,https://www.localiza.com/mexico/es-mx,OK,200,1.83
9/04/2026,05:08:12,Enterprise,https://enterprise.mx/,OK,200,2.07
9/04/2026,05:08:12,Europcar,https://www.europcar.com.mx/,OK,200,1.06
9/04/2026,08:02:07,Hertz,https://www.hertzmexico.com/,OK,200,0.64
9/04/2026,08:02:07,Dollar,https://dollarmexico.com.mx/,OK,200,0.44
9/04/2026,08:02:07,Thrifty,https://www.thrifty.com.mx/,OK,200,0.58
9/04/2026,08:02:07,Firefly,https://www.fireflycarrental.com.mx/,OK,200,0.47
9/04/2026,08:02:07,Avis,https://avis.mx/,OK,200,0.98
9/04/2026,08:02:07,National,https://nationalcar.com.mx/,OK,200,2.29
9/04/2026,08:02:07,Alamo,https://www.alamo.com.mx/es,OK,200,1.73
9/04/2026,08:02:07,Mex Rent A Car,https://mexrentacar.com/es/index,OK,200,0.49
9/04/2026,08:02:07,Budget,https://budget.com.mx/#/,OK,200,0.49
9/04/2026,08:02:07,Localiza,https://www.localiza.com/mexico/es-mx,OK,200,1.03
9/04/2026,08:02:07,Enterprise,https://enterprise.mx/,OK,200,1.56
9/04/2026,08:02:07,Europcar,https://www.europcar.com.mx/,OK,200,0.84
9/04/2026,11:17:07,Hertz,https://www.hertzmexico.com/,OK,200,0.84
9/04/2026,11:17:07,Dollar,https://dollarmexico.com.mx/,OK,200,0.47
9/04/2026,11:17:07,Thrifty,https://www.thrifty.com.mx/,OK,200,0.54
9/04/2026,11:17:07,Firefly,https://www.fireflycarrental.com.mx/,OK,200,0.41
9/04/2026,11:17:07,Avis,https://avis.mx/,OK,200,1.04
9/04/2026,11:17:07,National,https://nationalcar.com.mx/,OK,200,3.22
9/04/2026,11:17:07,Alamo,https://www.alamo.com.mx/es,OK,200,1.47
9/04/2026,11:17:07,Mex Rent A Car,https://mexrentacar.com/es/index,OK,200,1.05
9/04/2026,11:17:07,Budget,https://budget.com.mx/#/,OK,200,0.75
9/04/2026,11:17:07,Localiza,https://www.localiza.com/mexico/es-mx,OK,200,1.8
9/04/2026,11:17:07,Enterprise,https://enterprise.mx/,OK,200,2.04
9/04/2026,11:17:07,Europcar,https://www.europcar.com.mx/,OK,200,0.86
9/04/2026,13:32:38,Hertz,https://www.hertzmexico.com/,OK,200,0.49
9/04/2026,13:32:38,Dollar,https://dollarmexico.com.mx/,OK,200,0.4
9/04/2026,13:32:38,Thrifty,https://www.thrifty.com.mx/,OK,200,0.45
9/04/2026,13:32:38,Firefly,https://www.fireflycarrental.com.mx/,OK,200,0.55
9/04/2026,13:32:38,Avis,https://avis.mx/,OK,200,1.05
9/04/2026,13:32:38,National,https://nationalcar.com.mx/,OK,200,3.68
9/04/2026,13:32:38,Alamo,https://www.alamo.com.mx/es,OK,200,1.02
9/04/2026,13:32:38,Mex Rent A Car,https://mexrentacar.com/es/index,OK,200,1.18
9/04/2026,13:32:38,Budget,https://budget.com.mx/#/,OK,200,0.53
9/04/2026,13:32:38,Localiza,https://www.localiza.com/mexico/es-mx,OK,200,1.26
9/04/2026,13:32:38,Enterprise,https://enterprise.mx/,OK,200,2.51
9/04/2026,13:32:38,Europcar,https://www.europcar.com.mx/,OK,200,0.62
9/04/2026,15:03:31,Hertz,https://www.hertzmexico.com/,OK,200,0.63
9/04/2026,15:03:31,Dollar,https://dollarmexico.com.mx/,OK,200,0.51
9/04/2026,15:03:31,Thrifty,https://www.thrifty.com.mx/,OK,200,0.59
9/04/2026,15:03:31,Firefly,https://www.fireflycarrental.com.mx/,OK,200,0.53
9/04/2026,15:03:31,Avis,https://avis.mx/,OK,200,0.83
9/04/2026,15:03:31,National,https://nationalcar.com.mx/,OK,200,3.17
9/04/2026,15:03:31,Alamo,https://www.alamo.com.mx/es,OK,200,1.59
9/04/2026,15:03:31,Mex Rent A Car,https://mexrentacar.com/es/index,OK,200,3.74
9/04/2026,15:03:31,Budget,https://budget.com.mx/#/,OK,200,1.04
9/04/2026,15:03:31,Localiza,https://www.localiza.com/mexico/es-mx,OK,200,1.51
9/04/2026,15:03:31,Enterprise,https://enterprise.mx/,OK,200,2.06
9/04/2026,15:03:31,Europcar,https://www.europcar.com.mx/,OK,200,0.7
9/04/2026,16:52:46,Hertz,https://www.hertzmexico.com/,OK,200,0.56
9/04/2026,16:52:46,Dollar,https://dollarmexico.com.mx/,OK,200,0.48
9/04/2026,16:52:46,Thrifty,https://www.thrifty.com.mx/,OK,200,0.58
9/04/2026,16:52:46,Firefly,https://www.fireflycarrental.com.mx/,OK,200,0.44
9/04/2026,16:52:46,Avis,https://avis.mx/,OK,200,0.85
9/04/2026,16:52:46,National,https://nationalcar.com.mx/,OK,200,2.55
9/04/2026,16:52:46,Alamo,https://www.alamo.com.mx/es,OK,200,1.64
9/04/2026,16:52:46,Mex Rent A Car,https://mexrentacar.com/es/index,OK,200,0.7
9/04/2026,16:52:46,Budget,https://budget.com.mx/#/,OK,200,0.53
9/04/2026,16:52:46,Localiza,https://www.localiza.com/mexico/es-mx,OK,200,1.01
9/04/2026,16:52:46,Enterprise,https://enterprise.mx/,OK,200,1.53
9/04/2026,16:52:46,Europcar,https://www.europcar.com.mx/,OK,200,0.75
9/04/2026,21:30:28,Hertz,https://www.hertzmexico.com/,OK,200,0.58
9/04/2026,21:30:28,Dollar,https://dollarmexico.com.mx/,OK,200,0.4
9/04/2026,21:30:28,Thrifty,https://www.thrifty.com.mx/,OK,200,0.51
9/04/2026,21:30:28,Firefly,https://www.fireflycarrental.com.mx/,OK,200,0.47
9/04/2026,21:30:28,Avis,https://avis.mx/,OK,200,1.14
9/04/2026,21:30:28,National,https://nationalcar.com.mx/,OK,200,3.73
9/04/2026,21:30:28,Alamo,https://www.alamo.com.mx/es,OK,200,1.3
9/04/2026,21:30:28,Mex Rent A Car,https://mexrentacar.com/es/index,OK,200,1.11
9/04/2026,21:30:28,Budget,https://budget.com.mx/#/,OK,200,0.5
9/04/2026,21:30:28,Localiza,https://www.localiza.com/mexico/es-mx,OK,200,1.23
9/04/2026,21:30:28,Enterprise,https://enterprise.mx/,OK,200,2.45
9/04/2026,21:30:28,Europcar,https://www.europcar.com.mx/,OK,200,0.58
10/04/2026,00:04:20,Hertz,https://www.hertzmexico.com/,OK,200,0.71
10/04/2026,00:04:20,Dollar,https://dollarmexico.com.mx/,OK,200,0.41
10/04/2026,00:04:20,Thrifty,https://www.thrifty.com.mx/,OK,200,0.52
10/04/2026,00:04:20,Firefly,https://www.fireflycarrental.com.mx/,OK,200,0.5
10/04/2026,00:04:20,Avis,https://avis.mx/,OK,200,1.07
10/04/2026,00:04:20,National,https://nationalcar.com.mx/,OK,200,3.7
10/04/2026,00:04:20,Alamo,https://www.alamo.com.mx/es,OK,200,1.15
10/04/2026,00:04:20,Mex Rent A Car,https://mexrentacar.com/es/index,OK,200,1.16
10/04/2026,00:04:20,Budget,https://budget.com.mx/#/,OK,200,0.48
10/04/2026,00:04:20,Localiza,https://www.localiza.com/mexico/es-mx,OK,200,1.28
10/04/2026,00:04:20,Enterprise,https://enterprise.mx/,OK,200,2.47
10/04/2026,00:04:20,Europcar,https://www.europcar.com.mx/,OK,200,0.48
10/04/2026,03:19:37,Hertz,https://www.hertzmexico.com/,OK,200,0.54
10/04/2026,03:19:37,Dollar,https://dollarmexico.com.mx/,OK,200,0.38
10/04/2026,03:19:37,Thrifty,https://www.thrifty.com.mx/,OK,200,0.55
10/04/2026,03:19:37,Firefly,https://www.fireflycarrental.com.mx/,OK,200,0.53
10/04/2026,03:19:37,Avis,https://avis.mx/,OK,200,1.04
10/04/2026,03:19:37,National,https://nationalcar.com.mx/,OK,200,3.76
10/04/2026,03:19:37,Alamo,https://www.alamo.com.mx/es,OK,200,1.22
10/04/2026,03:19:37,Mex Rent A Car,https://mexrentacar.com/es/index,OK,200,1.09
10/04/2026,03:19:37,Budget,https://budget.com.mx/#/,OK,200,0.74
10/04/2026,03:19:37,Localiza,https://www.localiza.com/mexico/es-mx,OK,200,1.18
10/04/2026,03:19:37,Enterprise,https://enterprise.mx/,OK,200,15.68
10/04/2026,03:19:37,Europcar,https://www.europcar.com.mx/,OK,200,0.52
10/04/2026,05:03:44,Hertz,https://www.hertzmexico.com/,OK,200,0.46
10/04/2026,05:03:44,Dollar,https://dollarmexico.com.mx/,OK,200,0.33
10/04/2026,05:03:44,Thrifty,https://www.thrifty.com.mx/,OK,200,0.47
10/04/2026,05:03:44,Firefly,https://www.fireflycarrental.com.mx/,OK,200,0.64
10/04/2026,05:03:44,Avis,https://avis.mx/,OK,200,1.13
10/04/2026,05:03:44,National,https://nationalcar.com.mx/,OK,200,3.68
10/04/2026,05:03:44,Alamo,https://www.alamo.com.mx/es,OK,200,1.61
10/04/2026,05:03:44,Mex Rent A Car,https://mexrentacar.com/es/index,OK,200,1.21
10/04/2026,05:03:44,Budget,https://budget.com.mx/#/,OK,200,0.53
10/04/2026,05:03:44,Localiza,https://www.localiza.com/mexico/es-mx,OK,200,1.1
10/04/2026,05:03:44,Enterprise,https://enterprise.mx/,OK,200,2.47
10/04/2026,05:03:44,Europcar,https://www.europcar.com.mx/,OK,200,0.73
10/04/2026,07:40:43,Hertz,https://www.hertzmexico.com/,OK,200,0.45
10/04/2026,07:40:43,Dollar,https://dollarmexico.com.mx/,OK,200,0.73
10/04/2026,07:40:43,Thrifty,https://www.thrifty.com.mx/,OK,200,0.73
10/04/2026,07:40:43,Firefly,https://www.fireflycarrental.com.mx/,OK,200,0.38
10/04/2026,07:40:43,Avis,https://avis.mx/,OK,200,0.83
10/04/2026,07:40:43,National,https://nationalcar.com.mx/,OK,200,2.31
10/04/2026,07:40:43,Alamo,https://www.alamo.com.mx/es,OK,200,1.82
10/04/2026,07:40:43,Mex Rent A Car,https://mexrentacar.com/es/index,OK,200,0.49
10/04/2026,07:40:43,Budget,https://budget.com.mx/#/,OK,200,0.77
10/04/2026,07:40:43,Localiza,https://www.localiza.com/mexico/es-mx,OK,200,0.84
10/04/2026,07:40:43,Enterprise,https://enterprise.mx/,OK,200,1.48
10/04/2026,07:40:43,Europcar,https://www.europcar.com.mx/,OK,200,0.79
10/04/2026,08:57:30,Hertz,https://www.hertzmexico.com/,OK,200,0.81
10/04/2026,08:57:30,Dollar,https://dollarmexico.com.mx/,OK,200,0.48
10/04/2026,08:57:30,Thrifty,https://www.thrifty.com.mx/,OK,200,0.69
10/04/2026,08:57:30,Firefly,https://www.fireflycarrental.com.mx/,OK,200,0.51
10/04/2026,08:57:30,Avis,https://avis.mx/,OK,200,0.92
10/04/2026,08:57:30,National,https://nationalcar.com.mx/,OK,200,3.05
10/04/2026,08:57:30,Alamo,https://www.alamo.com.mx/es,OK,200,1.62
10/04/2026,08:57:30,Mex Rent A Car,https://mexrentacar.com/es/index,OK,200,0.73
10/04/2026,08:57:30,Budget,https://budget.com.mx/#/,OK,200,0.47
10/04/2026,08:57:30,Localiza,https://www.localiza.com/mexico/es-mx,OK,200,0.96
10/04/2026,08:57:30,Enterprise,https://enterprise.mx/,OK,200,1.89
10/04/2026,08:57:30,Europcar,https://www.europcar.com.mx/,OK,200,0.78
10/04/2026,10:58:29,Hertz,https://www.hertzmexico.com/,OK,200,0.55
10/04/2026,10:58:29,Dollar,https://dollarmexico.com.mx/,OK,200,0.71
10/04/2026,10:58:29,Thrifty,https://www.thrifty.com.mx/,OK,200,0.73
10/04/2026,10:58:29,Firefly,https://www.fireflycarrental.com.mx/,OK,200,0.57
10/04/2026,10:58:29,Avis,https://avis.mx/,OK,200,0.9
10/04/2026,10:58:29,National,https://nationalcar.com.mx/,OK,200,2.53
10/04/2026,10:58:29,Alamo,https://www.alamo.com.mx/es,OK,200,1.61
10/04/2026,10:58:29,Mex Rent A Car,https://mexrentacar.com/es/index,OK,200,0.65
10/04/2026,10:58:29,Budget,https://budget.com.mx/#/,OK,200,0.5
10/04/2026,10:58:29,Localiza,https://www.localiza.com/mexico/es-mx,OK,200,0.98
10/04/2026,10:58:29,Enterprise,https://enterprise.mx/,OK,200,6.24
10/04/2026,10:58:29,Europcar,https://www.europcar.com.mx/,OK,200,0.85
10/04/2026,13:05:47,Hertz,https://www.hertzmexico.com/,OK,200,0.51
10/04/2026,13:05:47,Dollar,https://dollarmexico.com.mx/,OK,200,0.39
10/04/2026,13:05:47,Thrifty,https://www.thrifty.com.mx/,OK,200,0.65
10/04/2026,13:05:47,Firefly,https://www.fireflycarrental.com.mx/,OK,200,0.51
10/04/2026,13:05:47,Avis,https://avis.mx/,OK,200,0.95
10/04/2026,13:05:47,National,https://nationalcar.com.mx/,OK,200,3.68
10/04/2026,13:05:47,Alamo,https://www.alamo.com.mx/es,OK,200,1.22
10/04/2026,13:05:47,Mex Rent A Car,https://mexrentacar.com/es/index,OK,200,1.19
10/04/2026,13:05:47,Budget,https://budget.com.mx/#/,OK,200,1.09
10/04/2026,13:05:47,Localiza,https://www.localiza.com/mexico/es-mx,OK,200,1.03
10/04/2026,13:05:47,Enterprise,https://enterprise.mx/,OK,200,2.66
10/04/2026,13:05:47,Europcar,https://www.europcar.com.mx/,OK,200,0.63
10/04/2026,14:49:52,Hertz,https://www.hertzmexico.com/,OK,200,0.55
10/04/2026,14:49:52,Dollar,https://dollarmexico.com.mx/,OK,200,0.42
10/04/2026,14:49:52,Thrifty,https://www.thrifty.com.mx/,OK,200,0.64
10/04/2026,14:49:52,Firefly,https://www.fireflycarrental.com.mx/,OK,200,0.43
10/04/2026,14:49:52,Avis,https://avis.mx/,OK,200,0.93
10/04/2026,14:49:52,National,https://nationalcar.com.mx/,OK,200,2.69
10/04/2026,14:49:52,Alamo,https://www.alamo.com.mx/es,OK,200,1.94
10/04/2026,14:49:52,Mex Rent A Car,https://mexrentacar.com/es/index,OK,200,0.79
10/04/2026,14:49:52,Budget,https://budget.com.mx/#/,OK,200,0.53
10/04/2026,14:49:52,Localiza,https://www.localiza.com/mexico/es-mx,OK,200,1.26
10/04/2026,14:49:52,Enterprise,https://enterprise.mx/,OK,200,8.0
10/04/2026,14:49:52,Europcar,https://www.europcar.com.mx/,OK,200,0.89
10/04/2026,16:55:39,Hertz,https://www.hertzmexico.com/,OK,200,0.47
10/04/2026,16:55:39,Dollar,https://dollarmexico.com.mx/,OK,200,0.4
10/04/2026,16:55:39,Thrifty,https://www.thrifty.com.mx/,OK,200,0.55
10/04/2026,16:55:39,Firefly,https://www.fireflycarrental.com.mx/,OK,200,0.53
10/04/2026,16:55:39,Avis,https://avis.mx/,OK,200,1.16
10/04/2026,16:55:39,National,https://nationalcar.com.mx/,OK,200,3.65
10/04/2026,16:55:39,Alamo,https://www.alamo.com.mx/es,OK,200,1.17
10/04/2026,16:55:39,Mex Rent A Car,https://mexrentacar.com/es/index,OK,200,1.11
10/04/2026,16:55:39,Budget,https://budget.com.mx/#/,OK,200,0.43
10/04/2026,16:55:39,Localiza,https://www.localiza.com/mexico/es-mx,OK,200,1.3
10/04/2026,16:55:39,Enterprise,https://enterprise.mx/,OK,200,2.36
10/04/2026,16:55:39,Europcar,https://www.europcar.com.mx/,OK,200,0.53
10/04/2026,20:54:09,Hertz,https://www.hertzmexico.com/,OK,200,0.49
10/04/2026,20:54:09,Dollar,https://dollarmexico.com.mx/,OK,200,0.34
10/04/2026,20:54:09,Thrifty,https://www.thrifty.com.mx/,OK,200,0.44
10/04/2026,20:54:09,Firefly,https://www.fireflycarrental.com.mx/,OK,200,0.43
10/04/2026,20:54:09,Avis,https://avis.mx/,OK,200,0.91
10/04/2026,20:54:09,National,https://nationalcar.com.mx/,OK,200,3.37
10/04/2026,20:54:09,Alamo,https://www.alamo.com.mx/es,OK,200,1.4
10/04/2026,20:54:09,Mex Rent A Car,https://mexrentacar.com/es/index,OK,200,0.98
10/04/2026,20:54:09,Budget,https://budget.com.mx/#/,OK,200,0.67
10/04/2026,20:54:09,Localiza,https://www.localiza.com/mexico/es-mx,OK,200,0.92
10/04/2026,20:54:09,Enterprise,https://enterprise.mx/,OK,200,2.08
10/04/2026,20:54:09,Europcar,https://www.europcar.com.mx/,OK,200,0.65
10/04/2026,23:37:09,Hertz,https://www.hertzmexico.com/,OK,200,0.66
10/04/2026,23:37:09,Dollar,https://dollarmexico.com.mx/,OK,200,0.41
10/04/2026,23:37:09,Thrifty,https://www.thrifty.com.mx/,OK,200,0.56
10/04/2026,23:37:09,Firefly,https://www.fireflycarrental.com.mx/,OK,200,0.41
10/04/2026,23:37:09,Avis,https://avis.mx/,OK,200,1.02
10/04/2026,23:37:09,National,https://nationalcar.com.mx/,OK,200,3.76
10/04/2026,23:37:09,Alamo,https://www.alamo.com.mx/es,OK,200,1.16
10/04/2026,23:37:09,Mex Rent A Car,https://mexrentacar.com/es/index,OK,200,1.21
10/04/2026,23:37:09,Budget,https://budget.com.mx/#/,OK,200,0.74
10/04/2026,23:37:09,Localiza,https://www.localiza.com/mexico/es-mx,OK,200,1.03
10/04/2026,23:37:09,Enterprise,https://enterprise.mx/,OK,200,2.47
10/04/2026,23:37:09,Europcar,https://www.europcar.com.mx/,OK,200,0.59
11/04/2026,01:12:26,Hertz,https://www.hertzmexico.com/,OK,200,0.46
11/04/2026,01:12:26,Dollar,https://dollarmexico.com.mx/,OK,200,0.71
11/04/2026,01:12:26,Thrifty,https://www.thrifty.com.mx/,OK,200,0.83
11/04/2026,01:12:26,Firefly,https://www.fireflycarrental.com.mx/,OK,200,0.37
11/04/2026,01:12:26,Avis,https://avis.mx/,OK,200,0.81
11/04/2026,01:12:26,National,https://nationalcar.com.mx/,OK,200,2.38
11/04/2026,01:12:26,Alamo,https://www.alamo.com.mx/es,OK,200,1.95
11/04/2026,01:12:26,Mex Rent A Car,https://mexrentacar.com/es/index,OK,200,0.51
11/04/2026,01:12:26,Budget,https://budget.com.mx/#/,OK,200,0.5
11/04/2026,01:12:26,Localiza,https://www.localiza.com/mexico/es-mx,OK,200,1.41
11/04/2026,01:12:26,Enterprise,https://enterprise.mx/,OK,200,1.43
11/04/2026,01:12:26,Europcar,https://www.europcar.com.mx/,OK,200,0.77
11/04/2026,02:55:38,Hertz,https://www.hertzmexico.com/,OK,200,0.54
11/04/2026,02:55:38,Dollar,https://dollarmexico.com.mx/,OK,200,0.53
11/04/2026,02:55:38,Thrifty,https://www.thrifty.com.mx/,OK,200,0.7
11/04/2026,02:55:38,Firefly,https://www.fireflycarrental.com.mx/,OK,200,0.4
11/04/2026,02:55:38,Avis,https://avis.mx/,OK,200,1.21
11/04/2026,02:55:38,National,https://nationalcar.com.mx/,OK,200,3.68
11/04/2026,02:55:38,Alamo,https://www.alamo.com.mx/es,OK,200,1.09
11/04/2026,02:55:38,Mex Rent A Car,https://mexrentacar.com/es/index,OK,200,1.13
11/04/2026,02:55:38,Budget,https://budget.com.mx/#/,OK,200,0.47
11/04/2026,02:55:38,Localiza,https://www.localiza.com/mexico/es-mx,OK,200,1.13
11/04/2026,02:55:38,Enterprise,https://enterprise.mx/,OK,200,3.29
11/04/2026,02:55:38,Europcar,https://www.europcar.com.mx/,OK,200,0.53
11/04/2026,04:44:51,Hertz,https://www.hertzmexico.com/,OK,200,0.52
11/04/2026,04:44:51,Dollar,https://dollarmexico.com.mx/,OK,200,1.25
11/04/2026,04:44:51,Thrifty,https://www.thrifty.com.mx/,OK,200,0.89
11/04/2026,04:44:51,Firefly,https://www.fireflycarrental.com.mx/,OK,200,0.5
11/04/2026,04:44:51,Avis,https://avis.mx/,OK,200,0.94
11/04/2026,04:44:51,National,https://nationalcar.com.mx/,OK,200,2.36
11/04/2026,04:44:51,Alamo,https://www.alamo.com.mx/es,OK,200,1.86
11/04/2026,04:44:51,Mex Rent A Car,https://mexrentacar.com/es/index,OK,200,0.5
11/04/2026,04:44:51,Budget,https://budget.com.mx/#/,OK,200,0.5
11/04/2026,04:44:51,Localiza,https://www.localiza.com/mexico/es-mx,OK,200,0.96
11/04/2026,04:44:51,Enterprise,https://enterprise.mx/,OK,200,4.13
11/04/2026,04:44:51,Europcar,https://www.europcar.com.mx/,OK,200,0.78
11/04/2026,07:15:51,Hertz,https://www.hertzmexico.com/,OK,200,0.73
11/04/2026,07:15:51,Dollar,https://dollarmexico.com.mx/,OK,200,0.43
11/04/2026,07:15:51,Thrifty,https://www.thrifty.com.mx/,OK,200,0.5
11/04/2026,07:15:51,Firefly,https://www.fireflycarrental.com.mx/,OK,200,0.52
11/04/2026,07:15:51,Avis,https://avis.mx/,OK,200,0.92
11/04/2026,07:15:51,National,https://nationalcar.com.mx/,OK,200,3.8
11/04/2026,07:15:51,Alamo,https://www.alamo.com.mx/es,OK,200,1.16
11/04/2026,07:15:51,Mex Rent A Car,https://mexrentacar.com/es/index,OK,200,1.29
11/04/2026,07:15:51,Budget,https://budget.com.mx/#/,OK,200,0.74
11/04/2026,07:15:51,Localiza,https://www.localiza.com/mexico/es-mx,OK,200,1.22
11/04/2026,07:15:51,Enterprise,https://enterprise.mx/,OK,200,3.22
11/04/2026,07:15:51,Europcar,https://www.europcar.com.mx/,OK,200,1.35
11/04/2026,08:43:52,Hertz,https://www.hertzmexico.com/,OK,200,0.47
11/04/2026,08:43:52,Dollar,https://dollarmexico.com.mx/,OK,200,0.58
11/04/2026,08:43:52,Thrifty,https://www.thrifty.com.mx/,OK,200,0.55
11/04/2026,08:43:52,Firefly,https://www.fireflycarrental.com.mx/,OK,200,0.45
11/04/2026,08:43:52,Avis,https://avis.mx/,OK,200,1.0
11/04/2026,08:43:52,National,https://nationalcar.com.mx/,OK,200,3.72
11/04/2026,08:43:52,Alamo,https://www.alamo.com.mx/es,OK,200,1.13
11/04/2026,08:43:52,Mex Rent A Car,https://mexrentacar.com/es/index,OK,200,1.16
11/04/2026,08:43:52,Budget,https://budget.com.mx/#/,OK,200,0.48
11/04/2026,08:43:52,Localiza,https://www.localiza.com/mexico/es-mx,OK,200,1.01
11/04/2026,08:43:52,Enterprise,https://enterprise.mx/,OK,200,2.41
11/04/2026,08:43:52,Europcar,https://www.europcar.com.mx/,OK,200,0.65
11/04/2026,10:49:12,Hertz,https://www.hertzmexico.com/,OK,200,0.58
11/04/2026,10:49:12,Dollar,https://dollarmexico.com.mx/,OK,200,0.53
11/04/2026,10:49:12,Thrifty,https://www.thrifty.com.mx/,OK,200,0.9
11/04/2026,10:49:12,Firefly,https://www.fireflycarrental.com.mx/,OK,200,0.75
11/04/2026,10:49:12,Avis,https://avis.mx/,OK,200,0.88
11/04/2026,10:49:12,National,https://nationalcar.com.mx/,OK,200,2.56
11/04/2026,10:49:12,Alamo,https://www.alamo.com.mx/es,OK,200,1.85
11/04/2026,10:49:12,Mex Rent A Car,https://mexrentacar.com/es/index,OK,200,0.71
11/04/2026,10:49:12,Budget,https://budget.com.mx/#/,OK,200,0.51
11/04/2026,10:49:12,Localiza,https://www.localiza.com/mexico/es-mx,OK,200,1.3
11/04/2026,10:49:12,Enterprise,https://enterprise.mx/,OK,200,1.58
11/04/2026,10:49:12,Europcar,https://www.europcar.com.mx/,OK,200,0.98
11/04/2026,12:58:27,Hertz,https://www.hertzmexico.com/,OK,200,0.47
11/04/2026,12:58:27,Dollar,https://dollarmexico.com.mx/,OK,200,0.57
11/04/2026,12:58:27,Thrifty,https://www.thrifty.com.mx/,OK,200,0.75
11/04/2026,12:58:27,Firefly,https://www.fireflycarrental.com.mx/,OK,200,0.62
11/04/2026,12:58:27,Avis,https://avis.mx/,OK,200,0.97
11/04/2026,12:58:27,National,https://nationalcar.com.mx/,OK,200,2.28
11/04/2026,12:58:27,Alamo,https://www.alamo.com.mx/es,OK,200,1.99
11/04/2026,12:58:27,Mex Rent A Car,https://mexrentacar.com/es/index,OK,200,0.5
11/04/2026,12:58:27,Budget,https://budget.com.mx/#/,OK,200,0.78
11/04/2026,12:58:27,Localiza,https://www.localiza.com/mexico/es-mx,OK,200,1.08
11/04/2026,12:58:27,Enterprise,https://enterprise.mx/,OK,200,1.48
11/04/2026,12:58:27,Europcar,https://www.europcar.com.mx/,OK,200,3.52
11/04/2026,14:44:11,Hertz,https://www.hertzmexico.com/,OK,200,0.78
11/04/2026,14:44:11,Dollar,https://dollarmexico.com.mx/,OK,200,0.61
11/04/2026,14:44:11,Thrifty,https://www.thrifty.com.mx/,OK,200,0.54
11/04/2026,14:44:11,Firefly,https://www.fireflycarrental.com.mx/,OK,200,0.47
11/04/2026,14:44:11,Avis,https://avis.mx/,OK,200,0.69
11/04/2026,14:44:11,National,https://nationalcar.com.mx/,OK,200,3.28
11/04/2026,14:44:11,Alamo,https://www.alamo.com.mx/es,OK,200,1.43
11/04/2026,14:44:11,Mex Rent A Car,https://mexrentacar.com/es/index,OK,200,1.06
11/04/2026,14:44:11,Budget,https://budget.com.mx/#/,OK,200,0.55
11/04/2026,14:44:11,Localiza,https://www.localiza.com/mexico/es-mx,OK,200,1.67
11/04/2026,14:44:11,Enterprise,https://enterprise.mx/,OK,200,2.12
11/04/2026,14:44:11,Europcar,https://www.europcar.com.mx/,OK,200,0.93
11/04/2026,16:41:15,Hertz,https://www.hertzmexico.com/,OK,200,0.68
11/04/2026,16:41:15,Dollar,https://dollarmexico.com.mx/,OK,200,0.64
11/04/2026,16:41:15,Thrifty,https://www.thrifty.com.mx/,OK,200,0.54
11/04/2026,16:41:15,Firefly,https://www.fireflycarrental.com.mx/,OK,200,0.53
11/04/2026,16:41:15,Avis,https://avis.mx/,OK,200,0.83
11/04/2026,16:41:15,National,https://nationalcar.com.mx/,OK,200,2.48
11/04/2026,16:41:15,Alamo,https://www.alamo.com.mx/es,OK,200,2.01
11/04/2026,16:41:15,Mex Rent A Car,https://mexrentacar.com/es/index,OK,200,0.72
11/04/2026,16:41:15,Budget,https://budget.com.mx/#/,OK,200,0.52
11/04/2026,16:41:15,Localiza,https://www.localiza.com/mexico/es-mx,OK,200,1.27
11/04/2026,16:41:15,Enterprise,https://enterprise.mx/,OK,200,1.56
11/04/2026,16:41:15,Europcar,https://www.europcar.com.mx/,OK,200,0.81
11/04/2026,21:34:24,Hertz,https://www.hertzmexico.com/,OK,200,0.55
11/04/2026,21:34:24,Dollar,https://dollarmexico.com.mx/,OK,200,0.42
11/04/2026,21:34:24,Thrifty,https://www.thrifty.com.mx/,OK,200,0.67
11/04/2026,21:34:24,Firefly,https://www.fireflycarrental.com.mx/,OK,200,0.57
11/04/2026,21:34:24,Avis,https://avis.mx/,OK,200,1.06
11/04/2026,21:34:24,National,https://nationalcar.com.mx/,OK,200,3.83
11/04/2026,21:34:24,Alamo,https://www.alamo.com.mx/es,OK,200,1.26
11/04/2026,21:34:24,Mex Rent A Car,https://mexrentacar.com/es/index,OK,200,1.15
11/04/2026,21:34:24,Budget,https://budget.com.mx/#/,OK,200,0.57
11/04/2026,21:34:24,Localiza,https://www.localiza.com/mexico/es-mx,OK,200,0.94
11/04/2026,21:34:24,Enterprise,https://enterprise.mx/,OK,200,2.51
11/04/2026,21:34:24,Europcar,https://www.europcar.com.mx/,OK,200,0.43
11/04/2026,23:59:47,Hertz,https://www.hertzmexico.com/,OK,200,0.8
11/04/2026,23:59:47,Dollar,https://dollarmexico.com.mx/,OK,200,0.54
11/04/2026,23:59:47,Thrifty,https://www.thrifty.com.mx/,OK,200,0.63
11/04/2026,23:59:47,Firefly,https://www.fireflycarrental.com.mx/,OK,200,0.52
11/04/2026,23:59:47,Avis,https://avis.mx/,OK,200,0.92
11/04/2026,23:59:47,National,https://nationalcar.com.mx/,OK,200,3.04
11/04/2026,23:59:47,Alamo,https://www.alamo.com.mx/es,OK,200,1.5
11/04/2026,23:59:47,Mex Rent A Car,https://mexrentacar.com/es/index,OK,200,0.7
11/04/2026,23:59:47,Budget,https://budget.com.mx/#/,OK,200,0.54
11/04/2026,23:59:47,Localiza,https://www.localiza.com/mexico/es-mx,OK,200,1.61
11/04/2026,23:59:47,Enterprise,https://enterprise.mx/,OK,200,5.73
11/04/2026,23:59:47,Europcar,https://www.europcar.com.mx/,OK,200,0.75
12/04/2026,01:41:07,Hertz,https://www.hertzmexico.com/,OK,200,0.51
12/04/2026,01:41:07,Dollar,https://dollarmexico.com.mx/,OK,200,0.41
12/04/2026,01:41:07,Thrifty,https://www.thrifty.com.mx/,OK,200,0.55
12/04/2026,01:41:07,Firefly,https://www.fireflycarrental.com.mx/,OK,200,0.36
12/04/2026,01:41:07,Avis,https://avis.mx/,OK,200,1.08
12/04/2026,01:41:07,National,https://nationalcar.com.mx/,OK,200,3.67
12/04/2026,01:41:07,Alamo,https://www.alamo.com.mx/es,OK,200,1.36
12/04/2026,01:41:07,Mex Rent A Car,https://mexrentacar.com/es/index,OK,200,1.14
12/04/2026,01:41:07,Budget,https://budget.com.mx/#/,OK,200,0.72
12/04/2026,01:41:07,Localiza,https://www.localiza.com/mexico/es-mx,OK,200,1.22
12/04/2026,01:41:07,Enterprise,https://enterprise.mx/,OK,200,2.36
12/04/2026,01:41:07,Europcar,https://www.europcar.com.mx/,OK,200,1.35
12/04/2026,02:59:52,Hertz,https://www.hertzmexico.com/,OK,200,0.58
12/04/2026,02:59:52,Dollar,https://dollarmexico.com.mx/,OK,200,0.53
12/04/2026,02:59:52,Thrifty,https://www.thrifty.com.mx/,OK,200,0.52
12/04/2026,02:59:52,Firefly,https://www.fireflycarrental.com.mx/,OK,200,0.58
12/04/2026,02:59:52,Avis,https://avis.mx/,OK,200,1.01
12/04/2026,02:59:52,National,https://nationalcar.com.mx/,OK,200,3.78
12/04/2026,02:59:52,Alamo,https://www.alamo.com.mx/es,OK,200,1.15
12/04/2026,02:59:52,Mex Rent A Car,https://mexrentacar.com/es/index,OK,200,1.16
12/04/2026,02:59:52,Budget,https://budget.com.mx/#/,OK,200,0.54
12/04/2026,02:59:52,Localiza,https://www.localiza.com/mexico/es-mx,OK,200,1.16
12/04/2026,02:59:52,Enterprise,https://enterprise.mx/,OK,200,16.39
12/04/2026,02:59:52,Europcar,https://www.europcar.com.mx/,OK,200,0.53
12/04/2026,04:50:09,Hertz,https://www.hertzmexico.com/,OK,200,0.49
12/04/2026,04:50:09,Dollar,https://dollarmexico.com.mx/,OK,200,0.47
12/04/2026,04:50:09,Thrifty,https://www.thrifty.com.mx/,OK,200,0.6
12/04/2026,04:50:09,Firefly,https://www.fireflycarrental.com.mx/,OK,200,0.56
12/04/2026,04:50:09,Avis,https://avis.mx/,OK,200,1.03
12/04/2026,04:50:09,National,https://nationalcar.com.mx/,OK,200,3.22
12/04/2026,04:50:09,Alamo,https://www.alamo.com.mx/es,OK,200,1.22
12/04/2026,04:50:09,Mex Rent A Car,https://mexrentacar.com/es/index,OK,200,1.02
12/04/2026,04:50:09,Budget,https://budget.com.mx/#/,OK,200,0.67
12/04/2026,04:50:09,Localiza,https://www.localiza.com/mexico/es-mx,OK,200,1.09
12/04/2026,04:50:09,Enterprise,https://enterprise.mx/,OK,200,2.78
12/04/2026,04:50:09,Europcar,https://www.europcar.com.mx/,OK,200,0.67
12/04/2026,07:18:36,Hertz,https://www.hertzmexico.com/,OK,200,0.45
12/04/2026,07:18:36,Dollar,https://dollarmexico.com.mx/,OK,200,1.32
12/04/2026,07:18:36,Thrifty,https://www.thrifty.com.mx/,OK,200,0.68
12/04/2026,07:18:36,Firefly,https://www.fireflycarrental.com.mx/,OK,200,0.57
12/04/2026,07:18:36,Avis,https://avis.mx/,OK,200,0.95
12/04/2026,07:18:36,National,https://nationalcar.com.mx/,OK,200,2.27
12/04/2026,07:18:36,Alamo,https://www.alamo.com.mx/es,OK,200,1.85
12/04/2026,07:18:36,Mex Rent A Car,https://mexrentacar.com/es/index,OK,200,0.51
12/04/2026,07:18:36,Budget,https://budget.com.mx/#/,OK,200,0.74
12/04/2026,07:18:36,Localiza,https://www.localiza.com/mexico/es-mx,OK,200,1.02
12/04/2026,07:18:36,Enterprise,https://enterprise.mx/,OK,200,1.45
12/04/2026,07:18:36,Europcar,https://www.europcar.com.mx/,OK,200,4.25
12/04/2026,08:49:51,Hertz,https://www.hertzmexico.com/,OK,200,0.64
12/04/2026,08:49:51,Dollar,https://dollarmexico.com.mx/,OK,200,0.39
12/04/2026,08:49:51,Thrifty,https://www.thrifty.com.mx/,OK,200,0.73
12/04/2026,08:49:51,Firefly,https://www.fireflycarrental.com.mx/,OK,200,0.92
12/04/2026,08:49:51,Avis,https://avis.mx/,OK,200,0.99
12/04/2026,08:49:51,National,https://nationalcar.com.mx/,OK,200,3.69
12/04/2026,08:49:51,Alamo,https://www.alamo.com.mx/es,OK,200,1.26
12/04/2026,08:49:51,Mex Rent A Car,https://mexrentacar.com/es/index,OK,200,1.25
12/04/2026,08:49:51,Budget,https://budget.com.mx/#/,OK,200,0.47
12/04/2026,08:49:51,Localiza,https://www.localiza.com/mexico/es-mx,OK,200,1.02
12/04/2026,08:49:51,Enterprise,https://enterprise.mx/,OK,200,7.98
12/04/2026,08:49:51,Europcar,https://www.europcar.com.mx/,OK,200,0.59
12/04/2026,10:51:29,Hertz,https://www.hertzmexico.com/,OK,200,0.72
12/04/2026,10:51:29,Dollar,https://dollarmexico.com.mx/,OK,200,0.48
12/04/2026,10:51:29,Thrifty,https://www.thrifty.com.mx/,OK,200,0.55
12/04/2026,10:51:29,Firefly,https://www.fireflycarrental.com.mx/,OK,200,0.5
12/04/2026,10:51:29,Avis,https://avis.mx/,OK,200,1.04
12/04/2026,10:51:29,National,https://nationalcar.com.mx/,OK,200,3.33
12/04/2026,10:51:29,Alamo,https://www.alamo.com.mx/es,OK,200,1.3
12/04/2026,10:51:29,Mex Rent A Car,https://mexrentacar.com/es/index,OK,200,0.96
12/04/2026,10:51:29,Budget,https://budget.com.mx/#/,OK,200,0.47
12/04/2026,10:51:29,Localiza,https://www.localiza.com/mexico/es-mx,OK,200,1.51
12/04/2026,10:51:29,Enterprise,https://enterprise.mx/,OK,200,2.06
12/04/2026,10:51:29,Europcar,https://www.europcar.com.mx/,OK,200,0.64
12/04/2026,13:01:41,Hertz,https://www.hertzmexico.com/,OK,200,0.43
12/04/2026,13:01:41,Dollar,https://dollarmexico.com.mx/,OK,200,0.33
12/04/2026,13:01:41,Thrifty,https://www.thrifty.com.mx/,OK,200,0.59
12/04/2026,13:01:41,Firefly,https://www.fireflycarrental.com.mx/,OK,200,0.49
12/04/2026,13:01:41,Avis,https://avis.mx/,OK,200,1.13
12/04/2026,13:01:41,National,https://nationalcar.com.mx/,OK,200,3.53
12/04/2026,13:01:41,Alamo,https://www.alamo.com.mx/es,OK,200,1.11
12/04/2026,13:01:41,Mex Rent A Car,https://mexrentacar.com/es/index,OK,200,0.99
12/04/2026,13:01:41,Budget,https://budget.com.mx/#/,OK,200,0.76
12/04/2026,13:01:41,Localiza,https://www.localiza.com/mexico/es-mx,OK,200,1.02
12/04/2026,13:01:41,Enterprise,https://enterprise.mx/,OK,200,2.45
12/04/2026,13:01:41,Europcar,https://www.europcar.com.mx/,OK,200,0.58
12/04/2026,14:47:26,Hertz,https://www.hertzmexico.com/,OK,200,0.65
12/04/2026,14:47:26,Dollar,https://dollarmexico.com.mx/,OK,200,0.58
12/04/2026,14:47:26,Thrifty,https://www.thrifty.com.mx/,OK,200,0.39
12/04/2026,14:47:26,Firefly,https://www.fireflycarrental.com.mx/,OK,200,0.42
12/04/2026,14:47:26,Avis,https://avis.mx/,OK,200,1.02
12/04/2026,14:47:26,National,https://nationalcar.com.mx/,OK,200,3.22
12/04/2026,14:47:26,Alamo,https://www.alamo.com.mx/es,OK,200,1.29
12/04/2026,14:47:26,Mex Rent A Car,https://mexrentacar.com/es/index,OK,200,0.96
12/04/2026,14:47:26,Budget,https://budget.com.mx/#/,OK,200,0.67
12/04/2026,14:47:26,Localiza,https://www.localiza.com/mexico/es-mx,OK,200,1.78
12/04/2026,14:47:26,Enterprise,https://enterprise.mx/,OK,200,1.86
12/04/2026,14:47:26,Europcar,https://www.europcar.com.mx/,OK,200,1.95
12/04/2026,16:44:01,Hertz,https://www.hertzmexico.com/,OK,200,0.62
12/04/2026,16:44:01,Dollar,https://dollarmexico.com.mx/,OK,200,0.37
12/04/2026,16:44:01,Thrifty,https://www.thrifty.com.mx/,OK,200,0.52
12/04/2026,16:44:01,Firefly,https://www.fireflycarrental.com.mx/,OK,200,0.5
12/04/2026,16:44:01,Avis,https://avis.mx/,OK,200,0.98
12/04/2026,16:44:01,National,https://nationalcar.com.mx/,OK,200,3.76
12/04/2026,16:44:01,Alamo,https://www.alamo.com.mx/es,OK,200,1.2
12/04/2026,16:44:01,Mex Rent A Car,https://mexrentacar.com/es/index,OK,200,1.23
12/04/2026,16:44:01,Budget,https://budget.com.mx/#/,OK,200,0.53
12/04/2026,16:44:01,Localiza,https://www.localiza.com/mexico/es-mx,OK,200,1.16
12/04/2026,16:44:01,Enterprise,https://enterprise.mx/,OK,200,2.59
12/04/2026,16:44:01,Europcar,https://www.europcar.com.mx/,OK,200,0.62
12/04/2026,21:40:39,Hertz,https://www.hertzmexico.com/,OK,200,0.51
12/04/2026,21:40:39,Dollar,https://dollarmexico.com.mx/,OK,200,0.62
12/04/2026,21:40:39,Thrifty,https://www.thrifty.com.mx/,OK,200,0.56
12/04/2026,21:40:39,Firefly,https://www.fireflycarrental.com.mx/,OK,200,0.65
12/04/2026,21:40:39,Avis,https://avis.mx/,OK,200,1.25
12/04/2026,21:40:39,National,https://nationalcar.com.mx/,OK,200,4.08
12/04/2026,21:40:39,Alamo,https://www.alamo.com.mx/es,OK,200,1.34
12/04/2026,21:40:39,Mex Rent A Car,https://mexrentacar.com/es/index,OK,200,1.3
12/04/2026,21:40:39,Budget,https://budget.com.mx/#/,OK,200,0.76
12/04/2026,21:40:39,Localiza,https://www.localiza.com/mexico/es-mx,OK,200,1.21
12/04/2026,21:40:39,Enterprise,https://enterprise.mx/,OK,200,2.49
12/04/2026,21:40:39,Europcar,https://www.europcar.com.mx/,OK,200,0.75
13/04/2026,00:23:36,Hertz,https://www.hertzmexico.com/,OK,200,0.52
13/04/2026,00:23:36,Dollar,https://dollarmexico.com.mx/,OK,200,0.83
13/04/2026,00:23:36,Thrifty,https://www.thrifty.com.mx/,OK,200,0.53
13/04/2026,00:23:36,Firefly,https://www.fireflycarrental.com.mx/,OK,200,0.73
13/04/2026,00:23:36,Avis,https://avis.mx/,OK,200,1.11
13/04/2026,00:23:36,National,https://nationalcar.com.mx/,OK,200,2.3
13/04/2026,00:23:36,Alamo,https://www.alamo.com.mx/es,OK,200,1.84
13/04/2026,00:23:36,Mex Rent A Car,https://mexrentacar.com/es/index,OK,200,0.54
13/04/2026,00:23:36,Budget,https://budget.com.mx/#/,OK,200,0.77
13/04/2026,00:23:36,Localiza,https://www.localiza.com/mexico/es-mx,OK,200,0.89
13/04/2026,00:23:36,Enterprise,https://enterprise.mx/,OK,200,1.47
13/04/2026,00:23:36,Europcar,https://www.europcar.com.mx/,OK,200,1.02
13/04/2026,04:03:33,Hertz,https://www.hertzmexico.com/,OK,200,0.65
13/04/2026,04:03:33,Dollar,https://dollarmexico.com.mx/,OK,200,1.16
13/04/2026,04:03:33,Thrifty,https://www.thrifty.com.mx/,OK,200,0.74
13/04/2026,04:03:33,Firefly,https://www.fireflycarrental.com.mx/,OK,200,0.73
13/04/2026,04:03:33,Avis,https://avis.mx/,OK,200,0.86
13/04/2026,04:03:33,National,https://nationalcar.com.mx/,OK,200,2.42
13/04/2026,04:03:33,Alamo,https://www.alamo.com.mx/es,OK,200,1.79
13/04/2026,04:03:33,Mex Rent A Car,https://mexrentacar.com/es/index,OK,200,0.78
13/04/2026,04:03:33,Budget,https://budget.com.mx/#/,OK,200,0.6
13/04/2026,04:03:33,Localiza,https://www.localiza.com/mexico/es-mx,OK,200,1.18
13/04/2026,04:03:33,Enterprise,https://enterprise.mx/,OK,200,1.58
13/04/2026,04:03:33,Europcar,https://www.europcar.com.mx/,OK,200,0.77
13/04/2026,08:00:34,Hertz,https://www.hertzmexico.com/,OK,200,0.58
13/04/2026,08:00:34,Dollar,https://dollarmexico.com.mx/,OK,200,0.68
13/04/2026,08:00:34,Thrifty,https://www.thrifty.com.mx/,OK,200,0.7
13/04/2026,08:00:34,Firefly,https://www.fireflycarrental.com.mx/,OK,200,0.6
13/04/2026,08:00:34,Avis,https://avis.mx/,OK,200,1.2
13/04/2026,08:00:34,National,https://nationalcar.com.mx/,OK,200,2.8
13/04/2026,08:00:34,Alamo,https://www.alamo.com.mx/es,OK,200,1.89
13/04/2026,08:00:34,Mex Rent A Car,https://mexrentacar.com/es/index,OK,200,0.48
13/04/2026,08:00:34,Budget,https://budget.com.mx/#/,OK,200,0.78
13/04/2026,08:00:34,Localiza,https://www.localiza.com/mexico/es-mx,OK,200,1.29
13/04/2026,08:00:34,Enterprise,https://enterprise.mx/,OK,200,1.43
13/04/2026,08:00:34,Europcar,https://www.europcar.com.mx/,OK,200,1.34
13/04/2026,09:41:21,Hertz,https://www.hertzmexico.com/,OK,200,0.79
13/04/2026,09:41:21,Dollar,https://dollarmexico.com.mx/,OK,200,0.51
13/04/2026,09:41:21,Thrifty,https://www.thrifty.com.mx/,OK,200,0.52
13/04/2026,09:41:21,Firefly,https://www.fireflycarrental.com.mx/,OK,200,0.44
13/04/2026,09:41:21,Avis,https://avis.mx/,OK,200,1.12
13/04/2026,09:41:21,National,https://nationalcar.com.mx/,OK,200,3.77
13/04/2026,09:41:21,Alamo,https://www.alamo.com.mx/es,OK,200,1.19
13/04/2026,09:41:21,Mex Rent A Car,https://mexrentacar.com/es/index,OK,200,1.18
13/04/2026,09:41:21,Budget,https://budget.com.mx/#/,OK,200,0.77
13/04/2026,09:41:21,Localiza,https://www.localiza.com/mexico/es-mx,OK,200,1.07
13/04/2026,09:41:21,Enterprise,https://enterprise.mx/,OK,200,2.4
13/04/2026,09:41:21,Europcar,https://www.europcar.com.mx/,OK,200,0.49
13/04/2026,11:14:40,Hertz,https://www.hertzmexico.com/,OK,200,0.7
13/04/2026,11:14:40,Dollar,https://dollarmexico.com.mx/,OK,200,0.36
13/04/2026,11:14:40,Thrifty,https://www.thrifty.com.mx/,OK,200,0.47
13/04/2026,11:14:40,Firefly,https://www.fireflycarrental.com.mx/,OK,200,0.31
13/04/2026,11:14:40,Avis,https://avis.mx/,OK,200,1.09
13/04/2026,11:14:40,National,https://nationalcar.com.mx/,OK,200,3.26
13/04/2026,11:14:40,Alamo,https://www.alamo.com.mx/es,OK,200,1.44
13/04/2026,11:14:40,Mex Rent A Car,https://mexrentacar.com/es/index,OK,200,1.49
13/04/2026,11:14:40,Budget,https://budget.com.mx/#/,OK,200,0.45
13/04/2026,11:14:40,Localiza,https://www.localiza.com/mexico/es-mx,OK,200,1.76
13/04/2026,11:14:40,Enterprise,https://enterprise.mx/,OK,200,16.35
13/04/2026,11:14:40,Europcar,https://www.europcar.com.mx/,OK,200,1.93
13/04/2026,13:24:46,Hertz,https://www.hertzmexico.com/,OK,200,0.5
13/04/2026,13:24:46,Dollar,https://dollarmexico.com.mx/,OK,200,0.36
13/04/2026,13:24:46,Thrifty,https://www.thrifty.com.mx/,OK,200,0.47
13/04/2026,13:24:46,Firefly,https://www.fireflycarrental.com.mx/,OK,200,0.52
13/04/2026,13:24:46,Avis,https://avis.mx/,OK,200,1.0
13/04/2026,13:24:46,National,https://nationalcar.com.mx/,OK,200,3.2
13/04/2026,13:24:46,Alamo,https://www.alamo.com.mx/es,OK,200,1.18
13/04/2026,13:24:46,Mex Rent A Car,https://mexrentacar.com/es/index,OK,200,1.06
13/04/2026,13:24:46,Budget,https://budget.com.mx/#/,OK,200,0.47
13/04/2026,13:24:46,Localiza,https://www.localiza.com/mexico/es-mx,OK,200,1.77
13/04/2026,13:24:46,Enterprise,https://enterprise.mx/,OK,200,16.09
13/04/2026,13:24:46,Europcar,https://www.europcar.com.mx/,OK,200,0.94
13/04/2026,15:03:50,Hertz,https://www.hertzmexico.com/,OK,200,0.69
13/04/2026,15:03:50,Dollar,https://dollarmexico.com.mx/,OK,200,1.09
13/04/2026,15:03:50,Thrifty,https://www.thrifty.com.mx/,OK,200,0.45
13/04/2026,15:03:50,Firefly,https://www.fireflycarrental.com.mx/,OK,200,0.58
13/04/2026,15:03:50,Avis,https://avis.mx/,OK,200,0.97
13/04/2026,15:03:50,National,https://nationalcar.com.mx/,OK,200,3.77
13/04/2026,15:03:50,Alamo,https://www.alamo.com.mx/es,OK,200,1.29
13/04/2026,15:03:50,Mex Rent A Car,https://mexrentacar.com/es/index,OK,200,1.26
13/04/2026,15:03:50,Budget,https://budget.com.mx/#/,OK,200,1.52
13/04/2026,15:03:50,Localiza,https://www.localiza.com/mexico/es-mx,OK,200,0.88
13/04/2026,15:03:50,Enterprise,https://enterprise.mx/,OK,200,2.37
13/04/2026,15:03:50,Europcar,https://www.europcar.com.mx/,OK,200,0.89
13/04/2026,16:53:45,Hertz,https://www.hertzmexico.com/,OK,200,0.54
13/04/2026,16:53:45,Dollar,https://dollarmexico.com.mx/,OK,200,1.23
13/04/2026,16:53:45,Thrifty,https://www.thrifty.com.mx/,OK,200,0.75
13/04/2026,16:53:45,Firefly,https://www.fireflycarrental.com.mx/,OK,200,0.4
13/04/2026,16:53:45,Avis,https://avis.mx/,OK,200,0.8
13/04/2026,16:53:45,National,https://nationalcar.com.mx/,OK,200,2.46
13/04/2026,16:53:45,Alamo,https://www.alamo.com.mx/es,OK,200,1.73
13/04/2026,16:53:45,Mex Rent A Car,https://mexrentacar.com/es/index,OK,200,0.65
13/04/2026,16:53:45,Budget,https://budget.com.mx/#/,OK,200,0.66
13/04/2026,16:53:45,Localiza,https://www.localiza.com/mexico/es-mx,OK,200,1.08
13/04/2026,16:53:45,Enterprise,https://enterprise.mx/,OK,200,1.56
13/04/2026,16:53:45,Europcar,https://www.europcar.com.mx/,OK,200,0.91
13/04/2026,21:30:17,Hertz,https://www.hertzmexico.com/,OK,200,0.66
13/04/2026,21:30:17,Dollar,https://dollarmexico.com.mx/,OK,200,0.5
13/04/2026,21:30:17,Thrifty,https://www.thrifty.com.mx/,OK,200,0.53
13/04/2026,21:30:17,Firefly,https://www.fireflycarrental.com.mx/,OK,200,0.49
13/04/2026,21:30:17,Avis,https://avis.mx/,OK,200,0.93
13/04/2026,21:30:17,National,https://nationalcar.com.mx/,OK,200,3.38
13/04/2026,21:30:17,Alamo,https://www.alamo.com.mx/es,OK,200,1.28
13/04/2026,21:30:17,Mex Rent A Car,https://mexrentacar.com/es/index,OK,200,0.99
13/04/2026,21:30:17,Budget,https://budget.com.mx/#/,OK,200,0.87
13/04/2026,21:30:17,Localiza,https://www.localiza.com/mexico/es-mx,OK,200,1.41
13/04/2026,21:30:17,Enterprise,https://enterprise.mx/,OK,200,2.86
13/04/2026,21:30:17,Europcar,https://www.europcar.com.mx/,OK,200,0.7
14/04/2026,00:06:04,Hertz,https://www.hertzmexico.com/,OK,200,0.44
14/04/2026,00:06:04,Dollar,https://dollarmexico.com.mx/,OK,200,0.61
14/04/2026,00:06:04,Thrifty,https://www.thrifty.com.mx/,OK,200,0.48
14/04/2026,00:06:04,Firefly,https://www.fireflycarrental.com.mx/,OK,200,0.84
14/04/2026,00:06:04,Avis,https://avis.mx/,OK,200,0.93
14/04/2026,00:06:04,National,https://nationalcar.com.mx/,OK,200,2.33
14/04/2026,00:06:04,Alamo,https://www.alamo.com.mx/es,OK,200,1.68
14/04/2026,00:06:04,Mex Rent A Car,https://mexrentacar.com/es/index,OK,200,0.52
14/04/2026,00:06:04,Budget,https://budget.com.mx/#/,OK,200,0.76
14/04/2026,00:06:04,Localiza,https://www.localiza.com/mexico/es-mx,OK,200,1.03
14/04/2026,00:06:04,Enterprise,https://enterprise.mx/,OK,200,1.5
14/04/2026,00:06:04,Europcar,https://www.europcar.com.mx/,OK,200,0.86
14/04/2026,03:27:40,Hertz,https://www.hertzmexico.com/,OK,200,0.47
14/04/2026,03:27:40,Dollar,https://dollarmexico.com.mx/,OK,200,0.77
14/04/2026,03:27:40,Thrifty,https://www.thrifty.com.mx/,OK,200,0.61
14/04/2026,03:27:40,Firefly,https://www.fireflycarrental.com.mx/,OK,200,0.82
14/04/2026,03:27:40,Avis,https://avis.mx/,OK,200,0.94
14/04/2026,03:27:40,National,https://nationalcar.com.mx/,OK,200,2.4
14/04/2026,03:27:40,Alamo,https://www.alamo.com.mx/es,OK,200,1.8
14/04/2026,03:27:40,Mex Rent A Car,https://mexrentacar.com/es/index,OK,200,0.48
14/04/2026,03:27:40,Budget,https://budget.com.mx/#/,OK,200,0.51
14/04/2026,03:27:40,Localiza,https://www.localiza.com/mexico/es-mx,OK,200,1.35
14/04/2026,03:27:40,Enterprise,https://enterprise.mx/,OK,200,1.46
14/04/2026,03:27:40,Europcar,https://www.europcar.com.mx/,OK,200,0.68
14/04/2026,05:11:53,Hertz,https://www.hertzmexico.com/,OK,200,0.77
14/04/2026,05:11:53,Dollar,https://dollarmexico.com.mx/,OK,200,0.59
14/04/2026,05:11:53,Thrifty,https://www.thrifty.com.mx/,OK,200,0.58
14/04/2026,05:11:53,Firefly,https://www.fireflycarrental.com.mx/,OK,200,0.53
14/04/2026,05:11:53,Avis,https://avis.mx/,OK,200,0.91
14/04/2026,05:11:53,National,https://nationalcar.com.mx/,OK,200,3.18
14/04/2026,05:11:53,Alamo,https://www.alamo.com.mx/es,OK,200,1.53
14/04/2026,05:11:53,Mex Rent A Car,https://mexrentacar.com/es/index,OK,200,0.74
14/04/2026,05:11:53,Budget,https://budget.com.mx/#/,OK,200,0.53
14/04/2026,05:11:53,Localiza,https://www.localiza.com/mexico/es-mx,OK,200,1.75
14/04/2026,05:11:53,Enterprise,https://enterprise.mx/,OK,200,1.88
14/04/2026,05:11:53,Europcar,https://www.europcar.com.mx/,OK,200,0.62
14/04/2026,08:03:53,Hertz,https://www.hertzmexico.com/,OK,200,0.7
14/04/2026,08:03:53,Dollar,https://dollarmexico.com.mx/,OK,200,0.38
14/04/2026,08:03:53,Thrifty,https://www.thrifty.com.mx/,OK,200,0.83
14/04/2026,08:03:53,Firefly,https://www.fireflycarrental.com.mx/,OK,200,0.52
14/04/2026,08:03:53,Avis,https://avis.mx/,OK,200,1.01
14/04/2026,08:03:53,National,https://nationalcar.com.mx/,OK,200,3.36
14/04/2026,08:03:53,Alamo,https://www.alamo.com.mx/es,OK,200,1.22
14/04/2026,08:03:53,Mex Rent A Car,https://mexrentacar.com/es/index,OK,200,1.06
14/04/2026,08:03:53,Budget,https://budget.com.mx/#/,OK,200,0.43
14/04/2026,08:03:53,Localiza,https://www.localiza.com/mexico/es-mx,OK,200,2.07
14/04/2026,08:03:53,Enterprise,https://enterprise.mx/,OK,200,2.11
14/04/2026,08:03:53,Europcar,https://www.europcar.com.mx/,OK,200,0.85
14/04/2026,11:19:02,Hertz,https://www.hertzmexico.com/,OK,200,0.76
14/04/2026,11:19:02,Dollar,https://dollarmexico.com.mx/,OK,200,0.49
14/04/2026,11:19:02,Thrifty,https://www.thrifty.com.mx/,OK,200,0.57
14/04/2026,11:19:02,Firefly,https://www.fireflycarrental.com.mx/,OK,200,0.49
14/04/2026,11:19:02,Avis,https://avis.mx/,OK,200,1.15
14/04/2026,11:19:02,National,https://nationalcar.com.mx/,OK,200,3.15
14/04/2026,11:19:02,Alamo,https://www.alamo.com.mx/es,OK,200,1.92
14/04/2026,11:19:02,Mex Rent A Car,https://mexrentacar.com/es/index,OK,200,0.72
14/04/2026,11:19:02,Budget,https://budget.com.mx/#/,OK,200,0.52
14/04/2026,11:19:02,Localiza,https://www.localiza.com/mexico/es-mx,OK,200,1.22
14/04/2026,11:19:02,Enterprise,https://enterprise.mx/,OK,200,1.81
14/04/2026,11:19:02,Europcar,https://www.europcar.com.mx/,OK,200,0.79
14/04/2026,13:27:32,Hertz,https://www.hertzmexico.com/,OK,200,0.7
14/04/2026,13:27:32,Dollar,https://dollarmexico.com.mx/,OK,200,0.44
14/04/2026,13:27:32,Thrifty,https://www.thrifty.com.mx/,OK,200,0.69
14/04/2026,13:27:32,Firefly,https://www.fireflycarrental.com.mx/,OK,200,0.46
14/04/2026,13:27:32,Avis,https://avis.mx/,OK,200,0.79
14/04/2026,13:27:32,National,https://nationalcar.com.mx/,OK,200,3.25
14/04/2026,13:27:32,Alamo,https://www.alamo.com.mx/es,OK,200,1.52
14/04/2026,13:27:32,Mex Rent A Car,https://mexrentacar.com/es/index,OK,200,0.95
14/04/2026,13:27:32,Budget,https://budget.com.mx/#/,OK,200,0.55
14/04/2026,13:27:32,Localiza,https://www.localiza.com/mexico/es-mx,OK,200,1.06
14/04/2026,13:27:32,Enterprise,https://enterprise.mx/,OK,200,2.01
14/04/2026,13:27:32,Europcar,https://www.europcar.com.mx/,OK,200,0.8
14/04/2026,15:03:20,Hertz,https://www.hertzmexico.com/,OK,200,0.48
14/04/2026,15:03:20,Dollar,https://dollarmexico.com.mx/,OK,200,0.42
14/04/2026,15:03:20,Thrifty,https://www.thrifty.com.mx/,OK,200,0.67
14/04/2026,15:03:20,Firefly,https://www.fireflycarrental.com.mx/,OK,200,0.5
14/04/2026,15:03:20,Avis,https://avis.mx/,OK,200,0.94
14/04/2026,15:03:20,National,https://nationalcar.com.mx/,OK,200,2.38
14/04/2026,15:03:20,Alamo,https://www.alamo.com.mx/es,OK,200,1.78
14/04/2026,15:03:20,Mex Rent A Car,https://mexrentacar.com/es/index,OK,200,0.5
14/04/2026,15:03:20,Budget,https://budget.com.mx/#/,OK,200,0.74
14/04/2026,15:03:20,Localiza,https://www.localiza.com/mexico/es-mx,OK,200,1.8
14/04/2026,15:03:20,Enterprise,https://enterprise.mx/,OK,200,1.52
14/04/2026,15:03:20,Europcar,https://www.europcar.com.mx/,OK,200,2.23
14/04/2026,16:53:51,Hertz,https://www.hertzmexico.com/,OK,200,0.37
14/04/2026,16:53:51,Dollar,https://dollarmexico.com.mx/,OK,200,0.3
14/04/2026,16:53:51,Thrifty,https://www.thrifty.com.mx/,OK,200,0.41
14/04/2026,16:53:51,Firefly,https://www.fireflycarrental.com.mx/,OK,200,0.44
14/04/2026,16:53:51,Avis,https://avis.mx/,OK,200,1.12
14/04/2026,16:53:51,National,https://nationalcar.com.mx/,OK,200,3.76
14/04/2026,16:53:51,Alamo,https://www.alamo.com.mx/es,OK,200,1.33
14/04/2026,16:53:51,Mex Rent A Car,https://mexrentacar.com/es/index,OK,200,1.27
14/04/2026,16:53:51,Budget,https://budget.com.mx/#/,OK,200,0.51
14/04/2026,16:53:51,Localiza,https://www.localiza.com/mexico/es-mx,OK,200,0.87
14/04/2026,16:53:51,Enterprise,https://enterprise.mx/,OK,200,2.35
14/04/2026,16:53:51,Europcar,https://www.europcar.com.mx/,OK,200,0.54
14/04/2026,21:29:06,Hertz,https://www.hertzmexico.com/,OK,200,0.36
14/04/2026,21:29:06,Dollar,https://dollarmexico.com.mx/,OK,200,0.33
14/04/2026,21:29:06,Thrifty,https://www.thrifty.com.mx/,OK,200,0.37
14/04/2026,21:29:06,Firefly,https://www.fireflycarrental.com.mx/,OK,200,0.45
14/04/2026,21:29:06,Avis,https://avis.mx/,OK,200,0.97
14/04/2026,21:29:06,National,https://nationalcar.com.mx/,OK,200,3.27
14/04/2026,21:29:06,Alamo,https://www.alamo.com.mx/es,OK,200,1.16
14/04/2026,21:29:06,Mex Rent A Car,https://mexrentacar.com/es/index,OK,200,1.03
14/04/2026,21:29:06,Budget,https://budget.com.mx/#/,OK,200,0.68
14/04/2026,21:29:06,Localiza,https://www.localiza.com/mexico/es-mx,OK,200,1.23
14/04/2026,21:29:06,Enterprise,https://enterprise.mx/,OK,200,2.05
14/04/2026,21:29:06,Europcar,https://www.europcar.com.mx/,OK,200,0.68
15/04/2026,00:05:56,Hertz,https://www.hertzmexico.com/,OK,200,0.35
15/04/2026,00:05:56,Dollar,https://dollarmexico.com.mx/,OK,200,0.39
15/04/2026,00:05:56,Thrifty,https://www.thrifty.com.mx/,OK,200,0.5
15/04/2026,00:05:56,Firefly,https://www.fireflycarrental.com.mx/,OK,200,0.44
15/04/2026,00:05:56,Avis,https://avis.mx/,OK,200,0.84
15/04/2026,00:05:56,National,https://nationalcar.com.mx/,OK,200,3.21
15/04/2026,00:05:56,Alamo,https://www.alamo.com.mx/es,OK,200,1.47
15/04/2026,00:05:56,Mex Rent A Car,https://mexrentacar.com/es/index,OK,200,1.02
15/04/2026,00:05:56,Budget,https://budget.com.mx/#/,OK,200,0.91
15/04/2026,00:05:56,Localiza,https://www.localiza.com/mexico/es-mx,OK,200,2.29
15/04/2026,00:05:56,Enterprise,https://enterprise.mx/,OK,200,1.97
15/04/2026,00:05:56,Europcar,https://www.europcar.com.mx/,OK,200,0.69
15/04/2026,03:43:40,Hertz,https://www.hertzmexico.com/,OK,200,0.29
15/04/2026,03:43:40,Dollar,https://dollarmexico.com.mx/,OK,200,0.46
15/04/2026,03:43:40,Thrifty,https://www.thrifty.com.mx/,OK,200,0.49
15/04/2026,03:43:40,Firefly,https://www.fireflycarrental.com.mx/,OK,200,0.44
15/04/2026,03:43:40,Avis,https://avis.mx/,OK,200,1.02
15/04/2026,03:43:40,National,https://nationalcar.com.mx/,OK,200,3.29
15/04/2026,03:43:40,Alamo,https://www.alamo.com.mx/es,OK,200,1.35
15/04/2026,03:43:40,Mex Rent A Car,https://mexrentacar.com/es/index,OK,200,0.93
15/04/2026,03:43:40,Budget,https://budget.com.mx/#/,OK,200,0.83
15/04/2026,03:43:40,Localiza,https://www.localiza.com/mexico/es-mx,OK,200,1.91
15/04/2026,03:43:40,Enterprise,https://enterprise.mx/,OK,200,2.04
15/04/2026,03:43:40,Europcar,https://www.europcar.com.mx/,OK,200,0.63
15/04/2026,05:08:30,Hertz,https://www.hertzmexico.com/,OK,200,0.31
15/04/2026,05:08:30,Dollar,https://dollarmexico.com.mx/,OK,200,0.29
15/04/2026,05:08:30,Thrifty,https://www.thrifty.com.mx/,OK,200,0.43
15/04/2026,05:08:30,Firefly,https://www.fireflycarrental.com.mx/,OK,200,0.53
15/04/2026,05:08:30,Avis,https://avis.mx/,OK,200,1.37
15/04/2026,05:08:30,National,https://nationalcar.com.mx/,OK,200,3.71
15/04/2026,05:08:30,Alamo,https://www.alamo.com.mx/es,OK,200,1.13
15/04/2026,05:08:30,Mex Rent A Car,https://mexrentacar.com/es/index,OK,200,1.25
15/04/2026,05:08:30,Budget,https://budget.com.mx/#/,OK,200,0.74
15/04/2026,05:08:30,Localiza,https://www.localiza.com/mexico/es-mx,OK,200,1.06
15/04/2026,05:08:30,Enterprise,https://enterprise.mx/,OK,200,2.49
15/04/2026,05:08:30,Europcar,https://www.europcar.com.mx/,OK,200,1.51
15/04/2026,07:56:48,Hertz,https://www.hertzmexico.com/,OK,200,0.39
15/04/2026,07:56:48,Dollar,https://dollarmexico.com.mx/,OK,200,0.36
15/04/2026,07:56:48,Thrifty,https://www.thrifty.com.mx/,OK,200,0.51
15/04/2026,07:56:48,Firefly,https://www.fireflycarrental.com.mx/,OK,200,0.41
15/04/2026,07:56:48,Avis,https://avis.mx/,OK,200,1.17
15/04/2026,07:56:48,National,https://nationalcar.com.mx/,OK,200,3.68
15/04/2026,07:56:48,Alamo,https://www.alamo.com.mx/es,OK,200,1.2
15/04/2026,07:56:48,Mex Rent A Car,https://mexrentacar.com/es/index,OK,200,1.18
15/04/2026,07:56:48,Budget,https://budget.com.mx/#/,OK,200,0.85
15/04/2026,07:56:48,Localiza,https://www.localiza.com/mexico/es-mx,OK,200,2.28
15/04/2026,07:56:48,Enterprise,https://enterprise.mx/,OK,200,2.52
15/04/2026,07:56:48,Europcar,https://www.europcar.com.mx/,OK,200,3.79
15/04/2026,09:14:08,Hertz,https://www.hertzmexico.com/,OK,200,0.38
15/04/2026,09:14:08,Dollar,https://dollarmexico.com.mx/,OK,200,0.35
15/04/2026,09:14:08,Thrifty,https://www.thrifty.com.mx/,OK,200,4.46
15/04/2026,09:14:08,Firefly,https://www.fireflycarrental.com.mx/,OK,200,0.4
15/04/2026,09:14:08,Avis,https://avis.mx/,OK,200,1.04
15/04/2026,09:14:08,National,https://nationalcar.com.mx/,OK,200,3.71
15/04/2026,09:14:08,Alamo,https://www.alamo.com.mx/es,OK,200,1.24
15/04/2026,09:14:08,Mex Rent A Car,https://mexrentacar.com/es/index,OK,200,1.21
15/04/2026,09:14:08,Budget,https://budget.com.mx/#/,OK,200,0.94
15/04/2026,09:14:08,Localiza,https://www.localiza.com/mexico/es-mx,OK,200,1.21
15/04/2026,09:14:08,Enterprise,https://enterprise.mx/,OK,200,2.5
15/04/2026,09:14:08,Europcar,https://www.europcar.com.mx/,OK,200,0.96
15/04/2026,11:15:54,Hertz,https://www.hertzmexico.com/,OK,200,0.29
15/04/2026,11:15:54,Dollar,https://dollarmexico.com.mx/,OK,200,0.42
15/04/2026,11:15:54,Thrifty,https://www.thrifty.com.mx/,OK,200,0.58
15/04/2026,11:15:54,Firefly,https://www.fireflycarrental.com.mx/,OK,200,0.47
15/04/2026,11:15:54,Avis,https://avis.mx/,OK,200,1.0
15/04/2026,11:15:54,National,https://nationalcar.com.mx/,OK,200,3.67
15/04/2026,11:15:54,Alamo,https://www.alamo.com.mx/es,OK,200,1.24
15/04/2026,11:15:54,Mex Rent A Car,https://mexrentacar.com/es/index,OK,200,1.23
15/04/2026,11:15:54,Budget,https://budget.com.mx/#/,OK,200,0.9
15/04/2026,11:15:54,Localiza,https://www.localiza.com/mexico/es-mx,OK,200,0.98
15/04/2026,11:15:54,Enterprise,https://enterprise.mx/,OK,200,2.39
15/04/2026,11:15:54,Europcar,https://www.europcar.com.mx/,OK,200,0.93
15/04/2026,13:39:11,Hertz,https://www.hertzmexico.com/,OK,200,0.37
15/04/2026,13:39:11,Dollar,https://dollarmexico.com.mx/,OK,200,0.28
15/04/2026,13:39:11,Thrifty,https://www.thrifty.com.mx/,OK,200,0.35
15/04/2026,13:39:11,Firefly,https://www.fireflycarrental.com.mx/,OK,200,0.38
15/04/2026,13:39:11,Avis,https://avis.mx/,OK,200,0.98
15/04/2026,13:39:11,National,https://nationalcar.com.mx/,OK,200,2.28
15/04/2026,13:39:11,Alamo,https://www.alamo.com.mx/es,OK,200,1.65
15/04/2026,13:39:11,Mex Rent A Car,https://mexrentacar.com/es/index,OK,200,0.47
15/04/2026,13:39:11,Budget,https://budget.com.mx/#/,OK,200,0.49
15/04/2026,13:39:11,Localiza,https://www.localiza.com/mexico/es-mx,OK,200,0.76
15/04/2026,13:39:11,Enterprise,https://enterprise.mx/,OK,200,1.46
15/04/2026,13:39:11,Europcar,https://www.europcar.com.mx/,OK,200,1.28
15/04/2026,15:01:13,Hertz,https://www.hertzmexico.com/,OK,200,0.34
15/04/2026,15:01:13,Dollar,https://dollarmexico.com.mx/,OK,200,0.36
15/04/2026,15:01:13,Thrifty,https://www.thrifty.com.mx/,OK,200,0.47
15/04/2026,15:01:13,Firefly,https://www.fireflycarrental.com.mx/,OK,200,0.51
15/04/2026,15:01:13,Avis,https://avis.mx/,OK,200,1.01
15/04/2026,15:01:13,National,https://nationalcar.com.mx/,OK,200,3.75
15/04/2026,15:01:13,Alamo,https://www.alamo.com.mx/es,OK,200,1.54
15/04/2026,15:01:13,Mex Rent A Car,https://mexrentacar.com/es/index,OK,200,1.24
15/04/2026,15:01:13,Budget,https://budget.com.mx/#/,OK,200,0.49
15/04/2026,15:01:13,Localiza,https://www.localiza.com/mexico/es-mx,OK,200,1.12
15/04/2026,15:01:13,Enterprise,https://enterprise.mx/,OK,200,2.44
15/04/2026,15:01:13,Europcar,https://www.europcar.com.mx/,OK,200,0.75
15/04/2026,16:51:07,Hertz,https://www.hertzmexico.com/,OK,200,0.29
15/04/2026,16:51:07,Dollar,https://dollarmexico.com.mx/,OK,200,0.41
15/04/2026,16:51:07,Thrifty,https://www.thrifty.com.mx/,OK,200,0.52
15/04/2026,16:51:07,Firefly,https://www.fireflycarrental.com.mx/,OK,200,0.41
15/04/2026,16:51:07,Avis,https://avis.mx/,OK,200,0.76
15/04/2026,16:51:07,National,https://nationalcar.com.mx/,OK,200,2.52
15/04/2026,16:51:07,Alamo,https://www.alamo.com.mx/es,OK,200,1.8
15/04/2026,16:51:07,Mex Rent A Car,https://mexrentacar.com/es/index,OK,200,0.68
15/04/2026,16:51:07,Budget,https://budget.com.mx/#/,OK,200,0.5
15/04/2026,16:51:07,Localiza,https://www.localiza.com/mexico/es-mx,OK,200,1.33
15/04/2026,16:51:07,Enterprise,https://enterprise.mx/,OK,200,1.51
15/04/2026,16:51:07,Europcar,https://www.europcar.com.mx/,OK,200,0.78
15/04/2026,21:36:03,Hertz,https://www.hertzmexico.com/,OK,200,0.36
15/04/2026,21:36:03,Dollar,https://dollarmexico.com.mx/,OK,200,0.37
15/04/2026,21:36:03,Thrifty,https://www.thrifty.com.mx/,OK,200,0.46
15/04/2026,21:36:03,Firefly,https://www.fireflycarrental.com.mx/,OK,200,0.53
15/04/2026,21:36:03,Avis,https://avis.mx/,OK,200,0.91
15/04/2026,21:36:03,National,https://nationalcar.com.mx/,OK,200,3.65
15/04/2026,21:36:03,Alamo,https://www.alamo.com.mx/es,OK,200,1.22
15/04/2026,21:36:03,Mex Rent A Car,https://mexrentacar.com/es/index,OK,200,1.26
15/04/2026,21:36:03,Budget,https://budget.com.mx/#/,OK,200,0.75
15/04/2026,21:36:03,Localiza,https://www.localiza.com/mexico/es-mx,OK,200,0.95
15/04/2026,21:36:03,Enterprise,https://enterprise.mx/,OK,200,2.39
15/04/2026,21:36:03,Europcar,https://www.europcar.com.mx/,OK,200,1.54
16/04/2026,00:08:47,Hertz,https://www.hertzmexico.com/,OK,200,0.28
16/04/2026,00:08:47,Dollar,https://dollarmexico.com.mx/,OK,200,0.35
16/04/2026,00:08:47,Thrifty,https://www.thrifty.com.mx/,OK,200,0.45
16/04/2026,00:08:47,Firefly,https://www.fireflycarrental.com.mx/,OK,200,0.43
16/04/2026,00:08:47,Avis,https://avis.mx/,OK,200,1.05
16/04/2026,00:08:47,National,https://nationalcar.com.mx/,OK,200,3.67
16/04/2026,00:08:47,Alamo,https://www.alamo.com.mx/es,OK,200,1.41
16/04/2026,00:08:47,Mex Rent A Car,https://mexrentacar.com/es/index,OK,200,1.22
16/04/2026,00:08:47,Budget,https://budget.com.mx/#/,OK,200,0.72
16/04/2026,00:08:47,Localiza,https://www.localiza.com/mexico/es-mx,OK,200,1.26
16/04/2026,00:08:47,Enterprise,https://enterprise.mx/,OK,200,2.42
16/04/2026,00:08:47,Europcar,https://www.europcar.com.mx/,OK,200,4.1
16/04/2026,03:27:28,Hertz,https://www.hertzmexico.com/,OK,200,0.4
16/04/2026,03:27:28,Dollar,https://dollarmexico.com.mx/,OK,200,0.3
16/04/2026,03:27:28,Thrifty,https://www.thrifty.com.mx/,OK,200,0.37
16/04/2026,03:27:28,Firefly,https://www.fireflycarrental.com.mx/,OK,200,0.43
16/04/2026,03:27:28,Avis,https://avis.mx/,OK,200,1.15
16/04/2026,03:27:28,National,https://nationalcar.com.mx/,OK,200,3.69
16/04/2026,03:27:28,Alamo,https://www.alamo.com.mx/es,OK,200,1.09
16/04/2026,03:27:28,Mex Rent A Car,https://mexrentacar.com/es/index,OK,200,1.29
16/04/2026,03:27:28,Budget,https://budget.com.mx/#/,OK,200,0.68
16/04/2026,03:27:28,Localiza,https://www.localiza.com/mexico/es-mx,OK,200,1.16
16/04/2026,03:27:28,Enterprise,https://enterprise.mx/,OK,200,2.42
16/04/2026,03:27:28,Europcar,https://www.europcar.com.mx/,OK,200,0.55
16/04/2026,05:12:37,Hertz,https://www.hertzmexico.com/,OK,200,0.37
16/04/2026,05:12:37,Dollar,https://dollarmexico.com.mx/,OK,200,0.36
16/04/2026,05:12:37,Thrifty,https://www.thrifty.com.mx/,OK,200,0.36
16/04/2026,05:12:37,Firefly,https://www.fireflycarrental.com.mx/,OK,200,0.43
16/04/2026,05:12:37,Avis,https://avis.mx/,OK,200,1.11
16/04/2026,05:12:37,National,https://nationalcar.com.mx/,OK,200,3.68
16/04/2026,05:12:37,Alamo,https://www.alamo.com.mx/es,OK,200,1.17
16/04/2026,05:12:37,Mex Rent A Car,https://mexrentacar.com/es/index,OK,200,1.25
16/04/2026,05:12:37,Budget,https://budget.com.mx/#/,OK,200,0.53
16/04/2026,05:12:37,Localiza,https://www.localiza.com/mexico/es-mx,OK,200,0.95
16/04/2026,05:12:37,Enterprise,https://enterprise.mx/,OK,200,2.47
16/04/2026,05:12:37,Europcar,https://www.europcar.com.mx/,OK,200,0.69
16/04/2026,08:15:03,Hertz,https://www.hertzmexico.com/,OK,200,0.36
16/04/2026,08:15:03,Dollar,https://dollarmexico.com.mx/,OK,200,0.31
16/04/2026,08:15:03,Thrifty,https://www.thrifty.com.mx/,OK,200,0.43
16/04/2026,08:15:03,Firefly,https://www.fireflycarrental.com.mx/,OK,200,0.42
16/04/2026,08:15:03,Avis,https://avis.mx/,OK,200,0.87
16/04/2026,08:15:03,National,https://nationalcar.com.mx/,OK,200,3.68
16/04/2026,08:15:03,Alamo,https://www.alamo.com.mx/es,OK,200,1.2
16/04/2026,08:15:03,Mex Rent A Car,https://mexrentacar.com/es/index,OK,200,1.27
16/04/2026,08:15:03,Budget,https://budget.com.mx/#/,OK,200,0.71
16/04/2026,08:15:03,Localiza,https://www.localiza.com/mexico/es-mx,OK,200,0.84
16/04/2026,08:15:03,Enterprise,https://enterprise.mx/,OK,200,3.16
16/04/2026,08:15:03,Europcar,https://www.europcar.com.mx/,OK,200,1.02
16/04/2026,11:24:09,Hertz,https://www.hertzmexico.com/,OK,200,0.28
16/04/2026,11:24:09,Dollar,https://dollarmexico.com.mx/,OK,200,0.6
16/04/2026,11:24:09,Thrifty,https://www.thrifty.com.mx/,OK,200,0.4
16/04/2026,11:24:09,Firefly,https://www.fireflycarrental.com.mx/,OK,200,0.54
16/04/2026,11:24:09,Avis,https://avis.mx/,OK,200,0.79
16/04/2026,11:24:09,National,https://nationalcar.com.mx/,OK,200,2.36
16/04/2026,11:24:09,Alamo,https://www.alamo.com.mx/es,OK,200,1.66
16/04/2026,11:24:09,Mex Rent A Car,https://mexrentacar.com/es/index,OK,200,0.49
16/04/2026,11:24:09,Budget,https://budget.com.mx/#/,OK,200,0.79
16/04/2026,11:24:09,Localiza,https://www.localiza.com/mexico/es-mx,OK,200,1.12
16/04/2026,11:24:09,Enterprise,https://enterprise.mx/,OK,200,1.46
16/04/2026,11:24:09,Europcar,https://www.europcar.com.mx/,OK,200,2.82
16/04/2026,13:26:59,Hertz,https://www.hertzmexico.com/,OK,200,0.42
16/04/2026,13:26:59,Dollar,https://dollarmexico.com.mx/,OK,200,0.43
16/04/2026,13:26:59,Thrifty,https://www.thrifty.com.mx/,OK,200,0.88
16/04/2026,13:26:59,Firefly,https://www.fireflycarrental.com.mx/,OK,200,0.55
16/04/2026,13:26:59,Avis,https://avis.mx/,OK,200,0.87
16/04/2026,13:26:59,National,https://nationalcar.com.mx/,OK,200,3.28
16/04/2026,13:26:59,Alamo,https://www.alamo.com.mx/es,OK,200,1.48
16/04/2026,13:26:59,Mex Rent A Car,https://mexrentacar.com/es/index,OK,200,0.99
16/04/2026,13:26:59,Budget,https://budget.com.mx/#/,OK,200,0.52
16/04/2026,13:26:59,Localiza,https://www.localiza.com/mexico/es-mx,OK,200,1.55
16/04/2026,13:26:59,Enterprise,https://enterprise.mx/,OK,200,1.97
16/04/2026,13:26:59,Europcar,https://www.europcar.com.mx/,OK,200,0.85
16/04/2026,14:58:39,Hertz,https://www.hertzmexico.com/,OK,200,0.42
16/04/2026,14:58:39,Dollar,https://dollarmexico.com.mx/,OK,200,0.36
16/04/2026,14:58:39,Thrifty,https://www.thrifty.com.mx/,OK,200,0.68
16/04/2026,14:58:39,Firefly,https://www.fireflycarrental.com.mx/,OK,200,0.46
16/04/2026,14:58:39,Avis,https://avis.mx/,OK,200,0.97
16/04/2026,14:58:39,National,https://nationalcar.com.mx/,OK,200,3.17
16/04/2026,14:58:39,Alamo,https://www.alamo.com.mx/es,OK,200,1.21
16/04/2026,14:58:39,Mex Rent A Car,https://mexrentacar.com/es/index,OK,200,1.58
16/04/2026,14:58:39,Budget,https://budget.com.mx/#/,OK,200,0.55
16/04/2026,14:58:39,Localiza,https://www.localiza.com/mexico/es-mx,OK,200,1.62
16/04/2026,14:58:39,Enterprise,https://enterprise.mx/,OK,200,1.99
16/04/2026,14:58:39,Europcar,https://www.europcar.com.mx/,OK,200,0.83
16/04/2026,16:53:10,Hertz,https://www.hertzmexico.com/,OK,200,0.32
16/04/2026,16:53:10,Dollar,https://dollarmexico.com.mx/,OK,200,0.76
16/04/2026,16:53:10,Thrifty,https://www.thrifty.com.mx/,OK,200,0.45
16/04/2026,16:53:10,Firefly,https://www.fireflycarrental.com.mx/,OK,200,0.32
16/04/2026,16:53:10,Avis,https://avis.mx/,OK,200,0.76
16/04/2026,16:53:10,National,https://nationalcar.com.mx/,OK,200,2.39
16/04/2026,16:53:10,Alamo,https://www.alamo.com.mx/es,OK,200,1.89
16/04/2026,16:53:10,Mex Rent A Car,https://mexrentacar.com/es/index,OK,200,0.5
16/04/2026,16:53:10,Budget,https://budget.com.mx/#/,OK,200,0.52
16/04/2026,16:53:10,Localiza,https://www.localiza.com/mexico/es-mx,OK,200,1.53
16/04/2026,16:53:10,Enterprise,https://enterprise.mx/,OK,200,1.42
16/04/2026,16:53:10,Europcar,https://www.europcar.com.mx/,OK,200,0.72
16/04/2026,21:32:03,Hertz,https://www.hertzmexico.com/,OK,200,0.46
16/04/2026,21:32:03,Dollar,https://dollarmexico.com.mx/,OK,200,0.39
16/04/2026,21:32:03,Thrifty,https://www.thrifty.com.mx/,OK,200,0.72
16/04/2026,21:32:03,Firefly,https://www.fireflycarrental.com.mx/,OK,200,0.34
16/04/2026,21:32:03,Avis,https://avis.mx/,OK,200,1.02
16/04/2026,21:32:03,National,https://nationalcar.com.mx/,OK,200,3.3
16/04/2026,21:32:03,Alamo,https://www.alamo.com.mx/es,OK,200,1.13
16/04/2026,21:32:03,Mex Rent A Car,https://mexrentacar.com/es/index,OK,200,0.9
16/04/2026,21:32:03,Budget,https://budget.com.mx/#/,OK,200,1.82
16/04/2026,21:32:03,Localiza,https://www.localiza.com/mexico/es-mx,OK,200,1.63
16/04/2026,21:32:03,Enterprise,https://enterprise.mx/,OK,200,2.07
16/04/2026,21:32:03,Europcar,https://www.europcar.com.mx/,OK,200,4.02
17/04/2026,00:09:14,Hertz,https://www.hertzmexico.com/,OK,200,0.31
17/04/2026,00:09:14,Dollar,https://dollarmexico.com.mx/,OK,200,0.27
17/04/2026,00:09:14,Thrifty,https://www.thrifty.com.mx/,OK,200,0.29
17/04/2026,00:09:14,Firefly,https://www.fireflycarrental.com.mx/,OK,200,0.3
17/04/2026,00:09:14,Avis,https://avis.mx/,OK,200,1.15
17/04/2026,00:09:14,National,https://nationalcar.com.mx/,OK,200,2.29
17/04/2026,00:09:14,Alamo,https://www.alamo.com.mx/es,OK,200,1.71
17/04/2026,00:09:14,Mex Rent A Car,https://mexrentacar.com/es/index,OK,200,0.51
17/04/2026,00:09:14,Budget,https://budget.com.mx/#/,OK,200,0.5
17/04/2026,00:09:14,Localiza,https://www.localiza.com/mexico/es-mx,OK,200,0.93
17/04/2026,00:09:14,Enterprise,https://enterprise.mx/,OK,200,1.43
17/04/2026,00:09:14,Europcar,https://www.europcar.com.mx/,OK,200,1.57
17/04/2026,03:26:33,Hertz,https://www.hertzmexico.com/,OK,200,0.27
17/04/2026,03:26:33,Dollar,https://dollarmexico.com.mx/,OK,200,0.36
17/04/2026,03:26:33,Thrifty,https://www.thrifty.com.mx/,OK,200,0.54
17/04/2026,03:26:33,Firefly,https://www.fireflycarrental.com.mx/,OK,200,0.33
17/04/2026,03:26:33,Avis,https://avis.mx/,OK,200,0.92
17/04/2026,03:26:33,National,https://nationalcar.com.mx/,OK,200,3.31
17/04/2026,03:26:33,Alamo,https://www.alamo.com.mx/es,OK,200,1.35
17/04/2026,03:26:33,Mex Rent A Car,https://mexrentacar.com/es/index,OK,200,1.11
17/04/2026,03:26:33,Budget,https://budget.com.mx/#/,OK,200,0.65
17/04/2026,03:26:33,Localiza,https://www.localiza.com/mexico/es-mx,OK,200,1.42
17/04/2026,03:26:33,Enterprise,https://enterprise.mx/,OK,200,2.07
17/04/2026,03:26:33,Europcar,https://www.europcar.com.mx/,OK,200,0.96
17/04/2026,05:05:07,Hertz,https://www.hertzmexico.com/,OK,200,0.36
17/04/2026,05:05:07,Dollar,https://dollarmexico.com.mx/,OK,200,0.48
17/04/2026,05:05:07,Thrifty,https://www.thrifty.com.mx/,OK,200,0.51
17/04/2026,05:05:07,Firefly,https://www.fireflycarrental.com.mx/,OK,200,0.48
17/04/2026,05:05:07,Avis,https://avis.mx/,OK,200,0.93
17/04/2026,05:05:07,National,https://nationalcar.com.mx/,OK,200,3.16
17/04/2026,05:05:07,Alamo,https://www.alamo.com.mx/es,OK,200,1.28
17/04/2026,05:05:07,Mex Rent A Car,https://mexrentacar.com/es/index,OK,200,0.64
17/04/2026,05:05:07,Budget,https://budget.com.mx/#/,OK,200,0.46
17/04/2026,05:05:07,Localiza,https://www.localiza.com/mexico/es-mx,OK,200,1.34
17/04/2026,05:05:07,Enterprise,https://enterprise.mx/,OK,200,2.11
17/04/2026,05:05:07,Europcar,https://www.europcar.com.mx/,OK,200,0.5
17/04/2026,07:48:42,Hertz,https://www.hertzmexico.com/,OK,200,0.39
17/04/2026,07:48:42,Dollar,https://dollarmexico.com.mx/,OK,200,0.3
17/04/2026,07:48:42,Thrifty,https://www.thrifty.com.mx/,OK,200,0.47
17/04/2026,07:48:42,Firefly,https://www.fireflycarrental.com.mx/,OK,200,0.61
17/04/2026,07:48:42,Avis,https://avis.mx/,OK,200,1.19
17/04/2026,07:48:42,National,https://nationalcar.com.mx/,OK,200,3.73
17/04/2026,07:48:42,Alamo,https://www.alamo.com.mx/es,OK,200,1.32
17/04/2026,07:48:42,Mex Rent A Car,https://mexrentacar.com/es/index,OK,200,1.08
17/04/2026,07:48:42,Budget,https://budget.com.mx/#/,OK,200,0.69
17/04/2026,07:48:42,Localiza,https://www.localiza.com/mexico/es-mx,OK,200,1.08
17/04/2026,07:48:42,Enterprise,https://enterprise.mx/,OK,200,2.41
17/04/2026,07:48:42,Europcar,https://www.europcar.com.mx/,OK,200,0.49
17/04/2026,09:03:24,Hertz,https://www.hertzmexico.com/,OK,200,0.28
17/04/2026,09:03:24,Dollar,https://dollarmexico.com.mx/,OK,200,0.3
17/04/2026,09:03:24,Thrifty,https://www.thrifty.com.mx/,OK,200,0.29
17/04/2026,09:03:24,Firefly,https://www.fireflycarrental.com.mx/,OK,200,0.41
17/04/2026,09:03:24,Avis,https://avis.mx/,OK,200,1.23
17/04/2026,09:03:24,National,https://nationalcar.com.mx/,OK,200,3.4
17/04/2026,09:03:24,Alamo,https://www.alamo.com.mx/es,OK,200,1.41
17/04/2026,09:03:24,Mex Rent A Car,https://mexrentacar.com/es/index,OK,200,0.92
17/04/2026,09:03:24,Budget,https://budget.com.mx/#/,OK,200,0.4
17/04/2026,09:03:24,Localiza,https://www.localiza.com/mexico/es-mx,OK,200,0.86
17/04/2026,09:03:24,Enterprise,https://enterprise.mx/,OK,200,2.18
17/04/2026,09:03:24,Europcar,https://www.europcar.com.mx/,OK,200,1.43
17/04/2026,11:01:23,Hertz,https://www.hertzmexico.com/,OK,200,0.3
17/04/2026,11:01:23,Dollar,https://dollarmexico.com.mx/,OK,200,0.41
17/04/2026,11:01:23,Thrifty,https://www.thrifty.com.mx/,OK,200,0.53
17/04/2026,11:01:23,Firefly,https://www.fireflycarrental.com.mx/,OK,200,0.78
17/04/2026,11:01:23,Avis,https://avis.mx/,OK,200,3.64
17/04/2026,11:01:23,National,https://nationalcar.com.mx/,OK,200,3.71
17/04/2026,11:01:23,Alamo,https://www.alamo.com.mx/es,OK,200,1.19
17/04/2026,11:01:23,Mex Rent A Car,https://mexrentacar.com/es/index,OK,200,1.19
17/04/2026,11:01:23,Budget,https://budget.com.mx/#/,OK,200,0.54
17/04/2026,11:01:23,Localiza,https://www.localiza.com/mexico/es-mx,OK,200,0.91
17/04/2026,11:01:23,Enterprise,https://enterprise.mx/,OK,200,2.43
17/04/2026,11:01:23,Europcar,https://www.europcar.com.mx/,OK,200,0.65
17/04/2026,13:13:02,Hertz,https://www.hertzmexico.com/,OK,200,0.39
17/04/2026,13:13:02,Dollar,https://dollarmexico.com.mx/,OK,200,0.33
17/04/2026,13:13:02,Thrifty,https://www.thrifty.com.mx/,OK,200,0.43
17/04/2026,13:13:02,Firefly,https://www.fireflycarrental.com.mx/,OK,200,0.37
17/04/2026,13:13:02,Avis,https://avis.mx/,OK,200,1.11
17/04/2026,13:13:02,National,https://nationalcar.com.mx/,OK,200,3.05
17/04/2026,13:13:02,Alamo,https://www.alamo.com.mx/es,OK,200,1.31
17/04/2026,13:13:02,Mex Rent A Car,https://mexrentacar.com/es/index,OK,200,0.68
17/04/2026,13:13:02,Budget,https://budget.com.mx/#/,OK,200,0.48
17/04/2026,13:13:02,Localiza,https://www.localiza.com/mexico/es-mx,OK,200,1.35
17/04/2026,13:13:02,Enterprise,https://enterprise.mx/,OK,200,1.81
17/04/2026,13:13:02,Europcar,https://www.europcar.com.mx/,OK,200,0.42
17/04/2026,14:56:33,Hertz,https://www.hertzmexico.com/,OK,200,0.36
17/04/2026,14:56:33,Dollar,https://dollarmexico.com.mx/,OK,200,0.33
17/04/2026,14:56:33,Thrifty,https://www.thrifty.com.mx/,OK,200,0.46
17/04/2026,14:56:33,Firefly,https://www.fireflycarrental.com.mx/,OK,200,0.52
17/04/2026,14:56:33,Avis,https://avis.mx/,OK,200,0.85
17/04/2026,14:56:33,National,https://nationalcar.com.mx/,OK,200,3.25
17/04/2026,14:56:33,Alamo,https://www.alamo.com.mx/es,OK,200,1.33
17/04/2026,14:56:33,Mex Rent A Car,https://mexrentacar.com/es/index,OK,200,0.85
17/04/2026,14:56:33,Budget,https://budget.com.mx/#/,OK,200,0.49
17/04/2026,14:56:33,Localiza,https://www.localiza.com/mexico/es-mx,OK,200,2.26
17/04/2026,14:56:33,Enterprise,https://enterprise.mx/,OK,200,1.98
17/04/2026,14:56:33,Europcar,https://www.europcar.com.mx/,OK,200,0.66
17/04/2026,16:52:47,Hertz,https://www.hertzmexico.com/,OK,200,0.37
17/04/2026,16:52:47,Dollar,https://dollarmexico.com.mx/,OK,200,0.41
17/04/2026,16:52:47,Thrifty,https://www.thrifty.com.mx/,OK,200,0.44
17/04/2026,16:52:47,Firefly,https://www.fireflycarrental.com.mx/,OK,200,0.55
17/04/2026,16:52:47,Avis,https://avis.mx/,OK,200,0.86
17/04/2026,16:52:47,National,https://nationalcar.com.mx/,OK,200,3.71
17/04/2026,16:52:47,Alamo,https://www.alamo.com.mx/es,OK,200,1.15
17/04/2026,16:52:47,Mex Rent A Car,https://mexrentacar.com/es/index,OK,200,0.84
17/04/2026,16:52:47,Budget,https://budget.com.mx/#/,OK,200,0.6
17/04/2026,16:52:47,Localiza,https://www.localiza.com/mexico/es-mx,OK,200,2.02
17/04/2026,16:52:47,Enterprise,https://enterprise.mx/,OK,200,2.12
17/04/2026,16:52:47,Europcar,https://www.europcar.com.mx/,OK,200,0.42
17/04/2026,21:20:03,Hertz,https://www.hertzmexico.com/,OK,200,0.32
17/04/2026,21:20:03,Dollar,https://dollarmexico.com.mx/,OK,200,0.62
17/04/2026,21:20:03,Thrifty,https://www.thrifty.com.mx/,OK,200,0.35
17/04/2026,21:20:03,Firefly,https://www.fireflycarrental.com.mx/,OK,200,0.31
17/04/2026,21:20:03,Avis,https://avis.mx/,OK,200,0.84
17/04/2026,21:20:03,National,https://nationalcar.com.mx/,OK,200,2.27
17/04/2026,21:20:03,Alamo,https://www.alamo.com.mx/es,OK,200,1.65
17/04/2026,21:20:03,Mex Rent A Car,https://mexrentacar.com/es/index,OK,200,0.48
17/04/2026,21:20:03,Budget,https://budget.com.mx/#/,OK,200,0.77
17/04/2026,21:20:03,Localiza,https://www.localiza.com/mexico/es-mx,OK,200,1.94
17/04/2026,21:20:03,Enterprise,https://enterprise.mx/,OK,200,1.56
17/04/2026,21:20:03,Europcar,https://www.europcar.com.mx/,OK,200,0.49
17/04/2026,23:45:48,Hertz,https://www.hertzmexico.com/,OK,200,0.32
17/04/2026,23:45:48,Dollar,https://dollarmexico.com.mx/,OK,200,0.35
17/04/2026,23:45:48,Thrifty,https://www.thrifty.com.mx/,OK,200,0.47
17/04/2026,23:45:48,Firefly,https://www.fireflycarrental.com.mx/,OK,200,0.63
17/04/2026,23:45:48,Avis,https://avis.mx/,OK,200,0.9
17/04/2026,23:45:48,National,https://nationalcar.com.mx/,OK,200,2.55
17/04/2026,23:45:48,Alamo,https://www.alamo.com.mx/es,OK,200,1.75
17/04/2026,23:45:48,Mex Rent A Car,https://mexrentacar.com/es/index,Fallo,500,0.42
17/04/2026,23:45:48,Budget,https://budget.com.mx/#/,OK,200,0.52
17/04/2026,23:45:48,Localiza,https://www.localiza.com/mexico/es-mx,OK,200,1.03
17/04/2026,23:45:48,Enterprise,https://enterprise.mx/,OK,200,1.7
17/04/2026,23:45:48,Europcar,https://www.europcar.com.mx/,OK,200,1.0
18/04/2026,01:21:36,Hertz,https://www.hertzmexico.com/,OK,200,0.29
18/04/2026,01:21:36,Dollar,https://dollarmexico.com.mx/,OK,200,0.33
18/04/2026,01:21:36,Thrifty,https://www.thrifty.com.mx/,OK,200,0.43
18/04/2026,01:21:36,Firefly,https://www.fireflycarrental.com.mx/,OK,200,0.29
18/04/2026,01:21:36,Avis,https://avis.mx/,OK,200,1.42
18/04/2026,01:21:36,National,https://nationalcar.com.mx/,OK,200,3.71
18/04/2026,01:21:36,Alamo,https://www.alamo.com.mx/es,OK,200,1.11
18/04/2026,01:21:36,Mex Rent A Car,https://mexrentacar.com/es/index,OK,200,1.25
18/04/2026,01:21:36,Budget,https://budget.com.mx/#/,OK,200,0.69
18/04/2026,01:21:36,Localiza,https://www.localiza.com/mexico/es-mx,OK,200,1.42
18/04/2026,01:21:36,Enterprise,https://enterprise.mx/,OK,200,2.71
18/04/2026,01:21:36,Europcar,https://www.europcar.com.mx/,OK,200,3.14
18/04/2026,03:00:36,Hertz,https://www.hertzmexico.com/,OK,200,0.27
18/04/2026,03:00:36,Dollar,https://dollarmexico.com.mx/,OK,200,0.72
18/04/2026,03:00:36,Thrifty,https://www.thrifty.com.mx/,OK,200,0.34
18/04/2026,03:00:36,Firefly,https://www.fireflycarrental.com.mx/,OK,200,0.54
18/04/2026,03:00:36,Avis,https://avis.mx/,OK,200,0.93
18/04/2026,03:00:36,National,https://nationalcar.com.mx/,OK,200,2.33
18/04/2026,03:00:36,Alamo,https://www.alamo.com.mx/es,OK,200,1.87
18/04/2026,03:00:36,Mex Rent A Car,https://mexrentacar.com/es/index,OK,200,0.48
18/04/2026,03:00:36,Budget,https://budget.com.mx/#/,OK,200,0.78
18/04/2026,03:00:36,Localiza,https://www.localiza.com/mexico/es-mx,OK,200,2.03
18/04/2026,03:00:36,Enterprise,https://enterprise.mx/,OK,200,2.17
18/04/2026,03:00:36,Europcar,https://www.europcar.com.mx/,OK,200,0.45
18/04/2026,04:51:18,Hertz,https://www.hertzmexico.com/,OK,200,0.29
18/04/2026,04:51:18,Dollar,https://dollarmexico.com.mx/,OK,200,0.59
18/04/2026,04:51:18,Thrifty,https://www.thrifty.com.mx/,OK,200,0.61
18/04/2026,04:51:18,Firefly,https://www.fireflycarrental.com.mx/,OK,200,0.65
18/04/2026,04:51:18,Avis,https://avis.mx/,OK,200,1.0
18/04/2026,04:51:18,National,https://nationalcar.com.mx/,OK,200,2.44
18/04/2026,04:51:18,Alamo,https://www.alamo.com.mx/es,OK,200,11.23
18/04/2026,04:51:18,Mex Rent A Car,https://mexrentacar.com/es/index,OK,200,0.6
18/04/2026,04:51:18,Budget,https://budget.com.mx/#/,OK,200,0.7
18/04/2026,04:51:18,Localiza,https://www.localiza.com/mexico/es-mx,OK,200,1.18
18/04/2026,04:51:18,Enterprise,https://enterprise.mx/,OK,200,1.55
18/04/2026,04:51:18,Europcar,https://www.europcar.com.mx/,OK,200,0.82
18/04/2026,07:18:52,Hertz,https://www.hertzmexico.com/,OK,200,0.49
18/04/2026,07:18:52,Dollar,https://dollarmexico.com.mx/,OK,200,0.44
18/04/2026,07:18:52,Thrifty,https://www.thrifty.com.mx/,OK,200,0.37
18/04/2026,07:18:52,Firefly,https://www.fireflycarrental.com.mx/,OK,200,0.53
18/04/2026,07:18:52,Avis,https://avis.mx/,OK,200,1.06
18/04/2026,07:18:52,National,https://nationalcar.com.mx/,OK,200,3.26
18/04/2026,07:18:52,Alamo,https://www.alamo.com.mx/es,OK,200,1.26
18/04/2026,07:18:52,Mex Rent A Car,https://mexrentacar.com/es/index,OK,200,0.87
18/04/2026,07:18:52,Budget,https://budget.com.mx/#/,OK,200,0.49
18/04/2026,07:18:52,Localiza,https://www.localiza.com/mexico/es-mx,OK,200,1.08
18/04/2026,07:18:52,Enterprise,https://enterprise.mx/,OK,200,2.07
18/04/2026,07:18:52,Europcar,https://www.europcar.com.mx/,OK,200,0.43
18/04/2026,08:50:31,Hertz,https://www.hertzmexico.com/,OK,200,0.33
18/04/2026,08:50:31,Dollar,https://dollarmexico.com.mx/,OK,200,0.41
18/04/2026,08:50:31,Thrifty,https://www.thrifty.com.mx/,OK,200,0.49
18/04/2026,08:50:31,Firefly,https://www.fireflycarrental.com.mx/,OK,200,0.48
18/04/2026,08:50:31,Avis,https://avis.mx/,OK,200,0.98
18/04/2026,08:50:31,National,https://nationalcar.com.mx/,OK,200,3.22
18/04/2026,08:50:31,Alamo,https://www.alamo.com.mx/es,OK,200,1.36
18/04/2026,08:50:31,Mex Rent A Car,https://mexrentacar.com/es/index,OK,200,0.64
18/04/2026,08:50:31,Budget,https://budget.com.mx/#/,OK,200,0.48
18/04/2026,08:50:31,Localiza,https://www.localiza.com/mexico/es-mx,OK,200,1.15
18/04/2026,08:50:31,Enterprise,https://enterprise.mx/,OK,200,1.89
18/04/2026,08:50:31,Europcar,https://www.europcar.com.mx/,OK,200,0.46
18/04/2026,10:53:01,Hertz,https://www.hertzmexico.com/,OK,200,0.31
18/04/2026,10:53:01,Dollar,https://dollarmexico.com.mx/,OK,200,0.89
18/04/2026,10:53:01,Thrifty,https://www.thrifty.com.mx/,OK,200,0.37
18/04/2026,10:53:01,Firefly,https://www.fireflycarrental.com.mx/,OK,200,0.44
18/04/2026,10:53:01,Avis,https://avis.mx/,OK,200,0.96
18/04/2026,10:53:01,National,https://nationalcar.com.mx/,OK,200,2.33
18/04/2026,10:53:01,Alamo,https://www.alamo.com.mx/es,OK,200,1.66
18/04/2026,10:53:01,Mex Rent A Car,https://mexrentacar.com/es/index,OK,200,0.48
18/04/2026,10:53:01,Budget,https://budget.com.mx/#/,OK,200,0.51
18/04/2026,10:53:01,Localiza,https://www.localiza.com/mexico/es-mx,OK,200,2.48
18/04/2026,10:53:01,Enterprise,https://enterprise.mx/,OK,200,1.44
18/04/2026,10:53:01,Europcar,https://www.europcar.com.mx/,OK,200,0.71
18/04/2026,13:02:58,Hertz,https://www.hertzmexico.com/,OK,200,0.33
18/04/2026,13:02:58,Dollar,https://dollarmexico.com.mx/,OK,200,1.14
18/04/2026,13:02:58,Thrifty,https://www.thrifty.com.mx/,OK,200,0.48
18/04/2026,13:02:58,Firefly,https://www.fireflycarrental.com.mx/,OK,200,1.4
18/04/2026,13:02:58,Avis,https://avis.mx/,OK,200,0.9
18/04/2026,13:02:58,National,https://nationalcar.com.mx/,OK,200,2.49
18/04/2026,13:02:58,Alamo,https://www.alamo.com.mx/es,OK,200,1.71
18/04/2026,13:02:58,Mex Rent A Car,https://mexrentacar.com/es/index,OK,200,0.61
18/04/2026,13:02:58,Budget,https://budget.com.mx/#/,OK,200,0.74
18/04/2026,13:02:58,Localiza,https://www.localiza.com/mexico/es-mx,OK,200,1.74
18/04/2026,13:02:58,Enterprise,https://enterprise.mx/,OK,200,1.71
18/04/2026,13:02:58,Europcar,https://www.europcar.com.mx/,OK,200,0.65
18/04/2026,14:47:13,Hertz,https://www.hertzmexico.com/,OK,200,0.34
18/04/2026,14:47:13,Dollar,https://dollarmexico.com.mx/,OK,200,0.38
18/04/2026,14:47:13,Thrifty,https://www.thrifty.com.mx/,OK,200,0.44
18/04/2026,14:47:13,Firefly,https://www.fireflycarrental.com.mx/,OK,200,0.45
18/04/2026,14:47:13,Avis,https://avis.mx/,OK,200,0.86
18/04/2026,14:47:13,National,https://nationalcar.com.mx/,OK,200,3.29
18/04/2026,14:47:13,Alamo,https://www.alamo.com.mx/es,OK,200,1.27
18/04/2026,14:47:13,Mex Rent A Car,https://mexrentacar.com/es/index,OK,200,0.79
18/04/2026,14:47:13,Budget,https://budget.com.mx/#/,OK,200,0.48
18/04/2026,14:47:13,Localiza,https://www.localiza.com/mexico/es-mx,OK,200,2.01
18/04/2026,14:47:13,Enterprise,https://enterprise.mx/,OK,200,2.1
18/04/2026,14:47:13,Europcar,https://www.europcar.com.mx/,OK,200,0.56
18/04/2026,16:44:46,Hertz,https://www.hertzmexico.com/,OK,200,0.31
18/04/2026,16:44:46,Dollar,https://dollarmexico.com.mx/,OK,200,0.71
18/04/2026,16:44:46,Thrifty,https://www.thrifty.com.mx/,OK,200,0.33
18/04/2026,16:44:46,Firefly,https://www.fireflycarrental.com.mx/,OK,200,0.5
18/04/2026,16:44:46,Avis,https://avis.mx/,OK,200,0.95
18/04/2026,16:44:46,National,https://nationalcar.com.mx/,OK,200,2.29
18/04/2026,16:44:46,Alamo,https://www.alamo.com.mx/es,OK,200,1.73
18/04/2026,16:44:46,Mex Rent A Car,https://mexrentacar.com/es/index,OK,200,0.5
18/04/2026,16:44:46,Budget,https://budget.com.mx/#/,OK,200,0.51
18/04/2026,16:44:46,Localiza,https://www.localiza.com/mexico/es-mx,OK,200,1.1
18/04/2026,16:44:46,Enterprise,https://enterprise.mx/,OK,200,12.7
18/04/2026,16:44:46,Europcar,https://www.europcar.com.mx/,OK,200,1.06
18/04/2026,21:39:10,Hertz,https://www.hertzmexico.com/,OK,200,0.3
18/04/2026,21:39:10,Dollar,https://dollarmexico.com.mx/,OK,200,0.35
18/04/2026,21:39:10,Thrifty,https://www.thrifty.com.mx/,OK,200,0.4
18/04/2026,21:39:10,Firefly,https://www.fireflycarrental.com.mx/,OK,200,0.4
18/04/2026,21:39:10,Avis,https://avis.mx/,OK,200,0.89
18/04/2026,21:39:10,National,https://nationalcar.com.mx/,OK,200,2.95
18/04/2026,21:39:10,Alamo,https://www.alamo.com.mx/es,OK,200,1.46
18/04/2026,21:39:10,Mex Rent A Car,https://mexrentacar.com/es/index,OK,200,0.64
18/04/2026,21:39:10,Budget,https://budget.com.mx/#/,OK,200,0.48
18/04/2026,21:39:10,Localiza,https://www.localiza.com/mexico/es-mx,OK,200,1.1
18/04/2026,21:39:10,Enterprise,https://enterprise.mx/,OK,200,2.19
18/04/2026,21:39:10,Europcar,https://www.europcar.com.mx/,OK,200,0.66
19/04/2026,00:04:24,Hertz,https://www.hertzmexico.com/,OK,200,0.31
19/04/2026,00:04:24,Dollar,https://dollarmexico.com.mx/,OK,200,0.34
19/04/2026,00:04:24,Thrifty,https://www.thrifty.com.mx/,OK,200,0.47
19/04/2026,00:04:24,Firefly,https://www.fireflycarrental.com.mx/,OK,200,0.57
19/04/2026,00:04:24,Avis,https://avis.mx/,OK,200,0.89
19/04/2026,00:04:24,National,https://nationalcar.com.mx/,OK,200,3.74
19/04/2026,00:04:24,Alamo,https://www.alamo.com.mx/es,OK,200,1.14
19/04/2026,00:04:24,Mex Rent A Car,https://mexrentacar.com/es/index,OK,200,1.27
19/04/2026,00:04:24,Budget,https://budget.com.mx/#/,OK,200,0.55
19/04/2026,00:04:24,Localiza,https://www.localiza.com/mexico/es-mx,OK,200,1.49
19/04/2026,00:04:24,Enterprise,https://enterprise.mx/,OK,200,2.52
19/04/2026,00:04:24,Europcar,https://www.europcar.com.mx/,OK,200,0.58
19/04/2026,03:02:18,Hertz,https://www.hertzmexico.com/,OK,200,0.37
19/04/2026,03:02:18,Dollar,https://dollarmexico.com.mx/,OK,200,0.41
19/04/2026,03:02:18,Thrifty,https://www.thrifty.com.mx/,OK,200,0.45
19/04/2026,03:02:18,Firefly,https://www.fireflycarrental.com.mx/,OK,200,0.35
19/04/2026,03:02:18,Avis,https://avis.mx/,OK,200,0.93
19/04/2026,03:02:18,National,https://nationalcar.com.mx/,OK,200,3.55
19/04/2026,03:02:18,Alamo,https://www.alamo.com.mx/es,OK,200,1.2
19/04/2026,03:02:18,Mex Rent A Car,https://mexrentacar.com/es/index,OK,200,1.19
19/04/2026,03:02:18,Budget,https://budget.com.mx/#/,OK,200,0.59
19/04/2026,03:02:18,Localiza,https://www.localiza.com/mexico/es-mx,OK,200,1.04
19/04/2026,03:02:18,Enterprise,https://enterprise.mx/,OK,200,2.4
19/04/2026,03:02:18,Europcar,https://www.europcar.com.mx/,OK,200,0.47
19/04/2026,04:51:25,Hertz,https://www.hertzmexico.com/,OK,200,0.35
19/04/2026,04:51:25,Dollar,https://dollarmexico.com.mx/,OK,200,0.36
19/04/2026,04:51:25,Thrifty,https://www.thrifty.com.mx/,OK,200,0.45
19/04/2026,04:51:25,Firefly,https://www.fireflycarrental.com.mx/,OK,200,0.44
19/04/2026,04:51:25,Avis,https://avis.mx/,OK,200,1.13
19/04/2026,04:51:25,National,https://nationalcar.com.mx/,OK,200,3.78
19/04/2026,04:51:25,Alamo,https://www.alamo.com.mx/es,OK,200,1.29
19/04/2026,04:51:25,Mex Rent A Car,https://mexrentacar.com/es/index,OK,200,1.01
19/04/2026,04:51:25,Budget,https://budget.com.mx/#/,OK,200,0.72
19/04/2026,04:51:25,Localiza,https://www.localiza.com/mexico/es-mx,OK,200,0.94
19/04/2026,04:51:25,Enterprise,https://enterprise.mx/,OK,200,2.44
19/04/2026,04:51:25,Europcar,https://www.europcar.com.mx/,OK,200,0.41
19/04/2026,07:19:15,Hertz,https://www.hertzmexico.com/,OK,200,0.37
19/04/2026,07:19:15,Dollar,https://dollarmexico.com.mx/,OK,200,0.42
19/04/2026,07:19:15,Thrifty,https://www.thrifty.com.mx/,OK,200,0.56
19/04/2026,07:19:15,Firefly,https://www.fireflycarrental.com.mx/,OK,200,0.53
19/04/2026,07:19:15,Avis,https://avis.mx/,OK,200,1.09
19/04/2026,07:19:15,National,https://nationalcar.com.mx/,OK,200,3.1
19/04/2026,07:19:15,Alamo,https://www.alamo.com.mx/es,OK,200,1.37
19/04/2026,07:19:15,Mex Rent A Car,https://mexrentacar.com/es/index,OK,200,0.65
19/04/2026,07:19:15,Budget,https://budget.com.mx/#/,OK,200,0.48
19/04/2026,07:19:15,Localiza,https://www.localiza.com/mexico/es-mx,OK,200,1.06
19/04/2026,07:19:15,Enterprise,https://enterprise.mx/,OK,200,1.89
19/04/2026,07:19:15,Europcar,https://www.europcar.com.mx/,OK,200,0.67
19/04/2026,08:50:35,Hertz,https://www.hertzmexico.com/,OK,200,0.38
19/04/2026,08:50:35,Dollar,https://dollarmexico.com.mx/,OK,200,0.38
19/04/2026,08:50:35,Thrifty,https://www.thrifty.com.mx/,OK,200,0.49
19/04/2026,08:50:35,Firefly,https://www.fireflycarrental.com.mx/,OK,200,0.48
19/04/2026,08:50:35,Avis,https://avis.mx/,OK,200,0.94
19/04/2026,08:50:35,National,https://nationalcar.com.mx/,OK,200,3.07
19/04/2026,08:50:35,Alamo,https://www.alamo.com.mx/es,OK,200,1.43
19/04/2026,08:50:35,Mex Rent A Car,https://mexrentacar.com/es/index,OK,200,0.68
19/04/2026,08:50:35,Budget,https://budget.com.mx/#/,OK,200,0.5
19/04/2026,08:50:35,Localiza,https://www.localiza.com/mexico/es-mx,OK,200,1.34
19/04/2026,08:50:35,Enterprise,https://enterprise.mx/,OK,200,1.99
19/04/2026,08:50:35,Europcar,https://www.europcar.com.mx/,OK,200,0.6
19/04/2026,10:53:12,Hertz,https://www.hertzmexico.com/,OK,200,0.35
19/04/2026,10:53:12,Dollar,https://dollarmexico.com.mx/,OK,200,0.41
19/04/2026,10:53:12,Thrifty,https://www.thrifty.com.mx/,OK,200,0.55
19/04/2026,10:53:12,Firefly,https://www.fireflycarrental.com.mx/,OK,200,0.45
19/04/2026,10:53:12,Avis,https://avis.mx/,OK,200,0.96
19/04/2026,10:53:12,National,https://nationalcar.com.mx/,OK,200,3.16
19/04/2026,10:53:12,Alamo,https://www.alamo.com.mx/es,OK,200,1.28
19/04/2026,10:53:12,Mex Rent A Car,https://mexrentacar.com/es/index,OK,200,0.73
19/04/2026,10:53:12,Budget,https://budget.com.mx/#/,OK,200,0.76
19/04/2026,10:53:12,Localiza,https://www.localiza.com/mexico/es-mx,OK,200,1.12
19/04/2026,10:53:12,Enterprise,https://enterprise.mx/,OK,200,1.94
19/04/2026,10:53:12,Europcar,https://www.europcar.com.mx/,OK,200,0.67
19/04/2026,13:03:06,Hertz,https://www.hertzmexico.com/,OK,200,0.38
19/04/2026,13:03:06,Dollar,https://dollarmexico.com.mx/,OK,200,0.36
19/04/2026,13:03:06,Thrifty,https://www.thrifty.com.mx/,OK,200,0.46
19/04/2026,13:03:06,Firefly,https://www.fireflycarrental.com.mx/,OK,200,0.49
19/04/2026,13:03:06,Avis,https://avis.mx/,OK,200,0.99
19/04/2026,13:03:06,National,https://nationalcar.com.mx/,OK,200,3.75
19/04/2026,13:03:06,Alamo,https://www.alamo.com.mx/es,OK,200,1.38
19/04/2026,13:03:06,Mex Rent A Car,https://mexrentacar.com/es/index,OK,200,1.04
19/04/2026,13:03:06,Budget,https://budget.com.mx/#/,OK,200,0.82
19/04/2026,13:03:06,Localiza,https://www.localiza.com/mexico/es-mx,OK,200,1.4
19/04/2026,13:03:06,Enterprise,https://enterprise.mx/,OK,200,2.32
19/04/2026,13:03:06,Europcar,https://www.europcar.com.mx/,OK,200,0.81
19/04/2026,14:49:28,Hertz,https://www.hertzmexico.com/,OK,200,0.3
19/04/2026,14:49:28,Dollar,https://dollarmexico.com.mx/,OK,200,0.66
19/04/2026,14:49:28,Thrifty,https://www.thrifty.com.mx/,OK,200,0.43
19/04/2026,14:49:28,Firefly,https://www.fireflycarrental.com.mx/,OK,200,1.0
19/04/2026,14:49:28,Avis,https://avis.mx/,OK,200,0.84
19/04/2026,14:49:28,National,https://nationalcar.com.mx/,OK,200,2.59
19/04/2026,14:49:28,Alamo,https://www.alamo.com.mx/es,OK,200,1.74
19/04/2026,14:49:28,Mex Rent A Car,https://mexrentacar.com/es/index,OK,200,0.65
19/04/2026,14:49:28,Budget,https://budget.com.mx/#/,OK,200,0.49
19/04/2026,14:49:28,Localiza,https://www.localiza.com/mexico/es-mx,OK,200,0.99
19/04/2026,14:49:28,Enterprise,https://enterprise.mx/,OK,200,1.57
19/04/2026,14:49:28,Europcar,https://www.europcar.com.mx/,OK,200,0.77
19/04/2026,16:46:20,Hertz,https://www.hertzmexico.com/,OK,200,0.25
19/04/2026,16:46:20,Dollar,https://dollarmexico.com.mx/,OK,200,0.81
19/04/2026,16:46:20,Thrifty,https://www.thrifty.com.mx/,OK,200,0.26
19/04/2026,16:46:20,Firefly,https://www.fireflycarrental.com.mx/,OK,200,0.29
19/04/2026,16:46:20,Avis,https://avis.mx/,OK,200,0.88
19/04/2026,16:46:20,National,https://nationalcar.com.mx/,OK,200,2.26
19/04/2026,16:46:20,Alamo,https://www.alamo.com.mx/es,OK,200,1.72
19/04/2026,16:46:20,Mex Rent A Car,https://mexrentacar.com/es/index,OK,200,0.47
19/04/2026,16:46:20,Budget,https://budget.com.mx/#/,OK,200,0.75
19/04/2026,16:46:20,Localiza,https://www.localiza.com/mexico/es-mx,OK,200,1.05
19/04/2026,16:46:20,Enterprise,https://enterprise.mx/,OK,200,1.49
19/04/2026,16:46:20,Europcar,https://www.europcar.com.mx/,OK,200,0.49
19/04/2026,21:40:31,Hertz,https://www.hertzmexico.com/,OK,200,0.31
19/04/2026,21:40:31,Dollar,https://dollarmexico.com.mx/,OK,200,0.7
19/04/2026,21:40:31,Thrifty,https://www.thrifty.com.mx/,OK,200,0.46
19/04/2026,21:40:31,Firefly,https://www.fireflycarrental.com.mx/,OK,200,0.47
19/04/2026,21:40:31,Avis,https://avis.mx/,OK,200,1.18
19/04/2026,21:40:31,National,https://nationalcar.com.mx/,OK,200,3.69
19/04/2026,21:40:31,Alamo,https://www.alamo.com.mx/es,OK,200,1.01
19/04/2026,21:40:31,Mex Rent A Car,https://mexrentacar.com/es/index,OK,200,1.22
19/04/2026,21:40:31,Budget,https://budget.com.mx/#/,OK,200,0.76
19/04/2026,21:40:31,Localiza,https://www.localiza.com/mexico/es-mx,OK,200,1.19
19/04/2026,21:40:31,Enterprise,https://enterprise.mx/,OK,200,2.37
19/04/2026,21:40:31,Europcar,https://www.europcar.com.mx/,OK,200,0.7
20/04/2026,00:23:30,Hertz,https://www.hertzmexico.com/,OK,200,0.35
20/04/2026,00:23:30,Dollar,https://dollarmexico.com.mx/,OK,200,0.36
20/04/2026,00:23:30,Thrifty,https://www.thrifty.com.mx/,OK,200,0.37
20/04/2026,00:23:30,Firefly,https://www.fireflycarrental.com.mx/,OK,200,0.52
20/04/2026,00:23:30,Avis,https://avis.mx/,OK,200,1.0
20/04/2026,00:23:30,National,https://nationalcar.com.mx/,OK,200,3.62
20/04/2026,00:23:30,Alamo,https://www.alamo.com.mx/es,OK,200,1.31
20/04/2026,00:23:30,Mex Rent A Car,https://mexrentacar.com/es/index,OK,200,1.11
20/04/2026,00:23:30,Budget,https://budget.com.mx/#/,OK,200,0.72
20/04/2026,00:23:30,Localiza,https://www.localiza.com/mexico/es-mx,OK,200,1.19
20/04/2026,00:23:30,Enterprise,https://enterprise.mx/,OK,200,2.58
20/04/2026,00:23:30,Europcar,https://www.europcar.com.mx/,OK,200,1.22
20/04/2026,04:05:52,Hertz,https://www.hertzmexico.com/,OK,200,0.31
20/04/2026,04:05:52,Dollar,https://dollarmexico.com.mx/,OK,200,0.6
20/04/2026,04:05:52,Thrifty,https://www.thrifty.com.mx/,OK,200,0.32
20/04/2026,04:05:52,Firefly,https://www.fireflycarrental.com.mx/,OK,200,0.5
20/04/2026,04:05:52,Avis,https://avis.mx/,OK,200,0.85
20/04/2026,04:05:52,National,https://nationalcar.com.mx/,OK,200,2.27
20/04/2026,04:05:52,Alamo,https://www.alamo.com.mx/es,OK,200,1.74
20/04/2026,04:05:52,Mex Rent A Car,https://mexrentacar.com/es/index,OK,200,0.48
20/04/2026,04:05:52,Budget,https://budget.com.mx/#/,OK,200,0.51
20/04/2026,04:05:52,Localiza,https://www.localiza.com/mexico/es-mx,OK,200,0.91
20/04/2026,04:05:52,Enterprise,https://enterprise.mx/,OK,200,1.51
20/04/2026,04:05:52,Europcar,https://www.europcar.com.mx/,OK,200,0.95
20/04/2026,08:03:07,Hertz,https://www.hertzmexico.com/,OK,200,0.36
20/04/2026,08:03:07,Dollar,https://dollarmexico.com.mx/,OK,200,0.36
20/04/2026,08:03:07,Thrifty,https://www.thrifty.com.mx/,OK,200,0.45
20/04/2026,08:03:07,Firefly,https://www.fireflycarrental.com.mx/,OK,200,0.47
20/04/2026,08:03:07,Avis,https://avis.mx/,OK,200,1.12
20/04/2026,08:03:07,National,https://nationalcar.com.mx/,OK,200,3.12
20/04/2026,08:03:07,Alamo,https://www.alamo.com.mx/es,OK,200,1.67
20/04/2026,08:03:07,Mex Rent A Car,https://mexrentacar.com/es/index,OK,200,0.7
20/04/2026,08:03:07,Budget,https://budget.com.mx/#/,OK,200,0.48
20/04/2026,08:03:07,Localiza,https://www.localiza.com/mexico/es-mx,OK,200,1.19
20/04/2026,08:03:07,Enterprise,https://enterprise.mx/,OK,200,1.84
20/04/2026,08:03:07,Europcar,https://www.europcar.com.mx/,OK,200,0.69
20/04/2026,11:15:23,Hertz,https://www.hertzmexico.com/,OK,200,0.28
20/04/2026,11:15:23,Dollar,https://dollarmexico.com.mx/,OK,200,0.69
20/04/2026,11:15:23,Thrifty,https://www.thrifty.com.mx/,OK,200,0.39
20/04/2026,11:15:23,Firefly,https://www.fireflycarrental.com.mx/,OK,200,0.33
20/04/2026,11:15:23,Avis,https://avis.mx/,OK,200,0.92
20/04/2026,11:15:23,National,https://nationalcar.com.mx/,OK,200,2.32
20/04/2026,11:15:23,Alamo,https://www.alamo.com.mx/es,OK,200,1.6
20/04/2026,11:15:23,Mex Rent A Car,https://mexrentacar.com/es/index,OK,200,0.53
20/04/2026,11:15:23,Budget,https://budget.com.mx/#/,OK,200,0.49
20/04/2026,11:15:23,Localiza,https://www.localiza.com/mexico/es-mx,OK,200,0.94
20/04/2026,11:15:23,Enterprise,https://enterprise.mx/,OK,200,1.83
20/04/2026,11:15:23,Europcar,https://www.europcar.com.mx/,OK,200,0.82
20/04/2026,13:18:55,Hertz,https://www.hertzmexico.com/,OK,200,0.3
20/04/2026,13:18:55,Dollar,https://dollarmexico.com.mx/,OK,200,0.37
20/04/2026,13:18:55,Thrifty,https://www.thrifty.com.mx/,OK,200,0.42
20/04/2026,13:18:55,Firefly,https://www.fireflycarrental.com.mx/,OK,200,0.41
20/04/2026,13:18:55,Avis,https://avis.mx/,OK,200,0.98
20/04/2026,13:18:55,National,https://nationalcar.com.mx/,OK,200,3.33
20/04/2026,13:18:55,Alamo,https://www.alamo.com.mx/es,OK,200,1.23
20/04/2026,13:18:55,Mex Rent A Car,https://mexrentacar.com/es/index,OK,200,1.02
20/04/2026,13:18:55,Budget,https://budget.com.mx/#/,OK,200,0.76
20/04/2026,13:18:55,Localiza,https://www.localiza.com/mexico/es-mx,OK,200,1.57
20/04/2026,13:18:55,Enterprise,https://enterprise.mx/,OK,200,2.03
20/04/2026,13:18:55,Europcar,https://www.europcar.com.mx/,OK,200,1.06
20/04/2026,14:57:49,Hertz,https://www.hertzmexico.com/,OK,200,0.36
20/04/2026,14:57:49,Dollar,https://dollarmexico.com.mx/,OK,200,0.44
20/04/2026,14:57:49,Thrifty,https://www.thrifty.com.mx/,OK,200,0.5
20/04/2026,14:57:49,Firefly,https://www.fireflycarrental.com.mx/,OK,200,0.38
20/04/2026,14:57:49,Avis,https://avis.mx/,OK,200,1.62
20/04/2026,14:57:49,National,https://nationalcar.com.mx/,OK,200,3.77
20/04/2026,14:57:49,Alamo,https://www.alamo.com.mx/es,OK,200,1.2
20/04/2026,14:57:49,Mex Rent A Car,https://mexrentacar.com/es/index,OK,200,1.16
20/04/2026,14:57:49,Budget,https://budget.com.mx/#/,OK,200,0.95
20/04/2026,14:57:49,Localiza,https://www.localiza.com/mexico/es-mx,OK,200,1.01
20/04/2026,14:57:49,Enterprise,https://enterprise.mx/,OK,200,2.48
20/04/2026,14:57:49,Europcar,https://www.europcar.com.mx/,OK,200,1.16
20/04/2026,16:54:50,Hertz,https://www.hertzmexico.com/,OK,200,0.39
20/04/2026,16:54:50,Dollar,https://dollarmexico.com.mx/,OK,200,0.36
20/04/2026,16:54:50,Thrifty,https://www.thrifty.com.mx/,OK,200,0.39
20/04/2026,16:54:50,Firefly,https://www.fireflycarrental.com.mx/,OK,200,0.43
20/04/2026,16:54:50,Avis,https://avis.mx/,OK,200,1.3
20/04/2026,16:54:50,National,https://nationalcar.com.mx/,OK,200,2.53
20/04/2026,16:54:50,Alamo,https://www.alamo.com.mx/es,OK,200,1.82
20/04/2026,16:54:50,Mex Rent A Car,https://mexrentacar.com/es/index,OK,200,0.68
20/04/2026,16:54:50,Budget,https://budget.com.mx/#/,OK,200,0.51
20/04/2026,16:54:50,Localiza,https://www.localiza.com/mexico/es-mx,OK,200,1.66
20/04/2026,16:54:50,Enterprise,https://enterprise.mx/,OK,200,2.74
20/04/2026,16:54:50,Europcar,https://www.europcar.com.mx/,OK,200,1.55
20/04/2026,21:33:08,Hertz,https://www.hertzmexico.com/,OK,200,0.26
20/04/2026,21:33:08,Dollar,https://dollarmexico.com.mx/,OK,200,0.34
20/04/2026,21:33:08,Thrifty,https://www.thrifty.com.mx/,OK,200,0.41
20/04/2026,21:33:08,Firefly,https://www.fireflycarrental.com.mx/,OK,200,0.43
20/04/2026,21:33:08,Avis,https://avis.mx/,OK,200,1.2
20/04/2026,21:33:08,National,https://nationalcar.com.mx/,OK,200,3.57
20/04/2026,21:33:08,Alamo,https://www.alamo.com.mx/es,OK,200,1.28
20/04/2026,21:33:08,Mex Rent A Car,https://mexrentacar.com/es/index,OK,200,1.16
20/04/2026,21:33:08,Budget,https://budget.com.mx/#/,OK,200,0.75
20/04/2026,21:33:08,Localiza,https://www.localiza.com/mexico/es-mx,OK,200,1.05
20/04/2026,21:33:08,Enterprise,https://enterprise.mx/,OK,200,2.27
20/04/2026,21:33:08,Europcar,https://www.europcar.com.mx/,OK,200,0.95
21/04/2026,00:08:55,Hertz,https://www.hertzmexico.com/,OK,200,0.4
21/04/2026,00:08:55,Dollar,https://dollarmexico.com.mx/,OK,200,0.41
21/04/2026,00:08:55,Thrifty,https://www.thrifty.com.mx/,OK,200,0.56
21/04/2026,00:08:55,Firefly,https://www.fireflycarrental.com.mx/,OK,200,0.59
21/04/2026,00:08:55,Avis,https://avis.mx/,OK,200,1.04
21/04/2026,00:08:55,National,https://nationalcar.com.mx/,OK,200,3.9
21/04/2026,00:08:55,Alamo,https://www.alamo.com.mx/es,OK,200,1.24
21/04/2026,00:08:55,Mex Rent A Car,https://mexrentacar.com/es/index,OK,200,1.23
21/04/2026,00:08:55,Budget,https://budget.com.mx/#/,OK,200,0.78
21/04/2026,00:08:55,Localiza,https://www.localiza.com/mexico/es-mx,OK,200,1.29
21/04/2026,00:08:55,Enterprise,https://enterprise.mx/,OK,200,2.58
21/04/2026,00:08:55,Europcar,https://www.europcar.com.mx/,OK,200,0.55
21/04/2026,03:46:57,Hertz,https://www.hertzmexico.com/,OK,200,0.37
21/04/2026,03:46:57,Dollar,https://dollarmexico.com.mx/,OK,200,0.32
21/04/2026,03:46:57,Thrifty,https://www.thrifty.com.mx/,OK,200,0.31
21/04/2026,03:46:57,Firefly,https://www.fireflycarrental.com.mx/,OK,200,0.38
21/04/2026,03:46:57,Avis,https://avis.mx/,OK,200,0.93
21/04/2026,03:46:57,National,https://nationalcar.com.mx/,OK,200,3.33
21/04/2026,03:46:57,Alamo,https://www.alamo.com.mx/es,OK,200,1.24
21/04/2026,03:46:57,Mex Rent A Car,https://mexrentacar.com/es/index,OK,200,0.94
21/04/2026,03:46:57,Budget,https://budget.com.mx/#/,OK,200,0.6
21/04/2026,03:46:57,Localiza,https://www.localiza.com/mexico/es-mx,OK,200,1.81
21/04/2026,03:46:57,Enterprise,https://enterprise.mx/,OK,200,2.16
21/04/2026,03:46:57,Europcar,https://www.europcar.com.mx/,OK,200,0.7
21/04/2026,05:16:40,Hertz,https://www.hertzmexico.com/,OK,200,0.3
21/04/2026,05:16:40,Dollar,https://dollarmexico.com.mx/,OK,200,0.35
21/04/2026,05:16:40,Thrifty,https://www.thrifty.com.mx/,OK,200,0.54
21/04/2026,05:16:40,Firefly,https://www.fireflycarrental.com.mx/,OK,200,0.5
21/04/2026,05:16:40,Avis,https://avis.mx/,OK,200,1.22
21/04/2026,05:16:40,National,https://nationalcar.com.mx/,OK,200,3.8
21/04/2026,05:16:40,Alamo,https://www.alamo.com.mx/es,OK,200,1.28
21/04/2026,05:16:40,Mex Rent A Car,https://mexrentacar.com/es/index,OK,200,0.96
21/04/2026,05:16:40,Budget,https://budget.com.mx/#/,OK,200,0.49
21/04/2026,05:16:40,Localiza,https://www.localiza.com/mexico/es-mx,OK,200,0.94
21/04/2026,05:16:40,Enterprise,https://enterprise.mx/,OK,200,2.47
21/04/2026,05:16:40,Europcar,https://www.europcar.com.mx/,OK,200,2.4
21/04/2026,08:01:53,Hertz,https://www.hertzmexico.com/,OK,200,0.32
21/04/2026,08:01:53,Dollar,https://dollarmexico.com.mx/,OK,200,0.32
21/04/2026,08:01:53,Thrifty,https://www.thrifty.com.mx/,OK,200,0.46
21/04/2026,08:01:53,Firefly,https://www.fireflycarrental.com.mx/,OK,200,0.36
21/04/2026,08:01:53,Avis,https://avis.mx/,OK,200,0.91
21/04/2026,08:01:53,National,https://nationalcar.com.mx/,OK,200,3.77
21/04/2026,08:01:53,Alamo,https://www.alamo.com.mx/es,OK,200,1.18
21/04/2026,08:01:53,Mex Rent A Car,https://mexrentacar.com/es/index,OK,200,1.17
21/04/2026,08:01:53,Budget,https://budget.com.mx/#/,OK,200,1.53
21/04/2026,08:01:53,Localiza,https://www.localiza.com/mexico/es-mx,OK,200,1.49
21/04/2026,08:01:53,Enterprise,https://enterprise.mx/,OK,200,2.39
21/04/2026,08:01:53,Europcar,https://www.europcar.com.mx/,OK,200,0.64
21/04/2026,11:12:24,Hertz,https://www.hertzmexico.com/,OK,200,0.35
21/04/2026,11:12:24,Dollar,https://dollarmexico.com.mx/,OK,200,0.48
21/04/2026,11:12:24,Thrifty,https://www.thrifty.com.mx/,OK,200,0.49
21/04/2026,11:12:24,Firefly,https://www.fireflycarrental.com.mx/,OK,200,0.47
21/04/2026,11:12:24,Avis,https://avis.mx/,OK,200,1.29
21/04/2026,11:12:24,National,https://nationalcar.com.mx/,OK,200,2.4
21/04/2026,11:12:24,Alamo,https://www.alamo.com.mx/es,OK,200,1.99
21/04/2026,11:12:24,Mex Rent A Car,https://mexrentacar.com/es/index,OK,200,0.73
21/04/2026,11:12:24,Budget,https://budget.com.mx/#/,OK,200,0.61
21/04/2026,11:12:24,Localiza,https://www.localiza.com/mexico/es-mx,OK,200,1.43
21/04/2026,11:12:24,Enterprise,https://enterprise.mx/,OK,200,1.49
21/04/2026,11:12:24,Europcar,https://www.europcar.com.mx/,OK,200,0.88
21/04/2026,13:23:08,Hertz,https://www.hertzmexico.com/,OK,200,0.3
21/04/2026,13:23:08,Dollar,https://dollarmexico.com.mx/,OK,200,0.39
21/04/2026,13:23:08,Thrifty,https://www.thrifty.com.mx/,OK,200,0.47
21/04/2026,13:23:08,Firefly,https://www.fireflycarrental.com.mx/,OK,200,0.48
21/04/2026,13:23:08,Avis,https://avis.mx/,OK,200,1.24
21/04/2026,13:23:08,National,https://nationalcar.com.mx/,OK,200,3.64
21/04/2026,13:23:08,Alamo,https://www.alamo.com.mx/es,OK,200,1.18
21/04/2026,13:23:08,Mex Rent A Car,https://mexrentacar.com/es/index,OK,200,1.19
21/04/2026,13:23:08,Budget,https://budget.com.mx/#/,OK,200,0.88
21/04/2026,13:23:08,Localiza,https://www.localiza.com/mexico/es-mx,OK,200,1.18
21/04/2026,13:23:08,Enterprise,https://enterprise.mx/,OK,200,2.39
21/04/2026,13:23:08,Europcar,https://www.europcar.com.mx/,OK,200,0.53
21/04/2026,15:01:15,Hertz,https://www.hertzmexico.com/,OK,200,0.39
21/04/2026,15:01:15,Dollar,https://dollarmexico.com.mx/,OK,200,0.38
21/04/2026,15:01:15,Thrifty,https://www.thrifty.com.mx/,OK,200,0.47
21/04/2026,15:01:15,Firefly,https://www.fireflycarrental.com.mx/,OK,200,0.46
21/04/2026,15:01:15,Avis,https://avis.mx/,OK,200,1.21
21/04/2026,15:01:15,National,https://nationalcar.com.mx/,OK,200,3.14
21/04/2026,15:01:15,Alamo,https://www.alamo.com.mx/es,OK,200,1.4
21/04/2026,15:01:15,Mex Rent A Car,https://mexrentacar.com/es/index,OK,200,0.66
21/04/2026,15:01:15,Budget,https://budget.com.mx/#/,OK,200,0.47
21/04/2026,15:01:15,Localiza,https://www.localiza.com/mexico/es-mx,OK,200,1.15
21/04/2026,15:01:15,Enterprise,https://enterprise.mx/,OK,200,1.83
21/04/2026,15:01:15,Europcar,https://www.europcar.com.mx/,OK,200,0.69
21/04/2026,16:48:19,Hertz,https://www.hertzmexico.com/,OK,200,0.36
21/04/2026,16:48:19,Dollar,https://dollarmexico.com.mx/,OK,200,0.49
21/04/2026,16:48:19,Thrifty,https://www.thrifty.com.mx/,OK,200,0.32
21/04/2026,16:48:19,Firefly,https://www.fireflycarrental.com.mx/,OK,200,0.42
21/04/2026,16:48:19,Avis,https://avis.mx/,OK,200,0.86
21/04/2026,16:48:19,National,https://nationalcar.com.mx/,OK,200,2.52
21/04/2026,16:48:19,Alamo,https://www.alamo.com.mx/es,OK,200,1.69
21/04/2026,16:48:19,Mex Rent A Car,https://mexrentacar.com/es/index,OK,200,0.63
21/04/2026,16:48:19,Budget,https://budget.com.mx/#/,OK,200,0.51
21/04/2026,16:48:19,Localiza,https://www.localiza.com/mexico/es-mx,OK,200,1.16
21/04/2026,16:48:19,Enterprise,https://enterprise.mx/,OK,200,1.65
21/04/2026,16:48:19,Europcar,https://www.europcar.com.mx/,OK,200,0.78
21/04/2026,21:31:07,Hertz,https://www.hertzmexico.com/,OK,200,0.45
21/04/2026,21:31:07,Dollar,https://dollarmexico.com.mx/,OK,200,0.4
21/04/2026,21:31:07,Thrifty,https://www.thrifty.com.mx/,OK,200,0.47
21/04/2026,21:31:07,Firefly,https://www.fireflycarrental.com.mx/,OK,200,0.48
21/04/2026,21:31:07,Avis,https://avis.mx/,OK,200,0.96
21/04/2026,21:31:07,National,https://nationalcar.com.mx/,OK,200,3.07
21/04/2026,21:31:07,Alamo,https://www.alamo.com.mx/es,OK,200,1.42
21/04/2026,21:31:07,Mex Rent A Car,https://mexrentacar.com/es/index,OK,200,0.63
21/04/2026,21:31:07,Budget,https://budget.com.mx/#/,OK,200,0.51
21/04/2026,21:31:07,Localiza,https://www.localiza.com/mexico/es-mx,OK,200,1.13
21/04/2026,21:31:07,Enterprise,https://enterprise.mx/,OK,200,1.86
21/04/2026,21:31:07,Europcar,https://www.europcar.com.mx/,OK,200,0.67
22/04/2026,00:06:07,Hertz,https://www.hertzmexico.com/,OK,200,0.35
22/04/2026,00:06:07,Dollar,https://dollarmexico.com.mx/,OK,200,0.43
22/04/2026,00:06:07,Thrifty,https://www.thrifty.com.mx/,OK,200,0.53
22/04/2026,00:06:07,Firefly,https://www.fireflycarrental.com.mx/,OK,200,0.5
22/04/2026,00:06:07,Avis,https://avis.mx/,OK,200,1.22
22/04/2026,00:06:07,National,https://nationalcar.com.mx/,OK,200,3.15
22/04/2026,00:06:07,Alamo,https://www.alamo.com.mx/es,OK,200,1.63
22/04/2026,00:06:07,Mex Rent A Car,https://mexrentacar.com/es/index,OK,200,0.63
22/04/2026,00:06:07,Budget,https://budget.com.mx/#/,OK,200,0.46
22/04/2026,00:06:07,Localiza,https://www.localiza.com/mexico/es-mx,OK,200,1.31
22/04/2026,00:06:07,Enterprise,https://enterprise.mx/,OK,200,1.91
22/04/2026,00:06:07,Europcar,https://www.europcar.com.mx/,OK,200,0.61
22/04/2026,03:44:26,Hertz,https://www.hertzmexico.com/,OK,200,0.42
22/04/2026,03:44:26,Dollar,https://dollarmexico.com.mx/,OK,200,0.41
22/04/2026,03:44:26,Thrifty,https://www.thrifty.com.mx/,OK,200,0.52
22/04/2026,03:44:26,Firefly,https://www.fireflycarrental.com.mx/,OK,200,0.49
22/04/2026,03:44:26,Avis,https://avis.mx/,OK,200,0.97
22/04/2026,03:44:26,National,https://nationalcar.com.mx/,OK,200,3.35
22/04/2026,03:44:26,Alamo,https://www.alamo.com.mx/es,OK,200,1.26
22/04/2026,03:44:26,Mex Rent A Car,https://mexrentacar.com/es/index,OK,200,0.98
22/04/2026,03:44:26,Budget,https://budget.com.mx/#/,OK,200,0.68
22/04/2026,03:44:26,Localiza,https://www.localiza.com/mexico/es-mx,OK,200,1.26
22/04/2026,03:44:26,Enterprise,https://enterprise.mx/,OK,200,2.21
22/04/2026,03:44:26,Europcar,https://www.europcar.com.mx/,OK,200,0.66
22/04/2026,05:21:58,Hertz,https://www.hertzmexico.com/,OK,200,0.27
22/04/2026,05:21:58,Dollar,https://dollarmexico.com.mx/,OK,200,0.36
22/04/2026,05:21:58,Thrifty,https://www.thrifty.com.mx/,OK,200,0.39
22/04/2026,05:21:58,Firefly,https://www.fireflycarrental.com.mx/,OK,200,0.38
22/04/2026,05:21:58,Avis,https://avis.mx/,OK,200,0.91
22/04/2026,05:21:58,National,https://nationalcar.com.mx/,OK,200,3.78
22/04/2026,05:21:58,Alamo,https://www.alamo.com.mx/es,OK,200,1.12
22/04/2026,05:21:58,Mex Rent A Car,https://mexrentacar.com/es/index,OK,200,1.19
22/04/2026,05:21:58,Budget,https://budget.com.mx/#/,OK,200,0.69
22/04/2026,05:21:58,Localiza,https://www.localiza.com/mexico/es-mx,OK,200,1.13
22/04/2026,05:21:58,Enterprise,https://enterprise.mx/,OK,200,2.43
22/04/2026,05:21:58,Europcar,https://www.europcar.com.mx/,OK,200,0.61
22/04/2026,08:02:05,Hertz,https://www.hertzmexico.com/,OK,200,0.25
22/04/2026,08:02:05,Dollar,https://dollarmexico.com.mx/,OK,200,0.41
22/04/2026,08:02:05,Thrifty,https://www.thrifty.com.mx/,OK,200,0.29
22/04/2026,08:02:05,Firefly,https://www.fireflycarrental.com.mx/,OK,200,0.64
22/04/2026,08:02:05,Avis,https://avis.mx/,OK,200,0.82
22/04/2026,08:02:05,National,https://nationalcar.com.mx/,OK,200,2.38
22/04/2026,08:02:05,Alamo,https://www.alamo.com.mx/es,OK,200,2.19
22/04/2026,08:02:05,Mex Rent A Car,https://mexrentacar.com/es/index,OK,200,0.52
22/04/2026,08:02:05,Budget,https://budget.com.mx/#/,OK,200,0.79
22/04/2026,08:02:05,Localiza,https://www.localiza.com/mexico/es-mx,OK,200,0.86
22/04/2026,08:02:05,Enterprise,https://enterprise.mx/,OK,200,1.46
22/04/2026,08:02:05,Europcar,https://www.europcar.com.mx/,OK,200,2.65
22/04/2026,11:11:08,Hertz,https://www.hertzmexico.com/,OK,200,0.27
22/04/2026,11:11:08,Dollar,https://dollarmexico.com.mx/,OK,200,0.3
22/04/2026,11:11:08,Thrifty,https://www.thrifty.com.mx/,OK,200,0.38
22/04/2026,11:11:08,Firefly,https://www.fireflycarrental.com.mx/,OK,200,0.41
22/04/2026,11:11:08,Avis,https://avis.mx/,OK,200,1.04
22/04/2026,11:11:08,National,https://nationalcar.com.mx/,OK,200,3.62
22/04/2026,11:11:08,Alamo,https://www.alamo.com.mx/es,OK,200,1.25
22/04/2026,11:11:08,Mex Rent A Car,https://mexrentacar.com/es/index,OK,200,1.12
22/04/2026,11:11:08,Budget,https://budget.com.mx/#/,OK,200,0.79
22/04/2026,11:11:08,Localiza,https://www.localiza.com/mexico/es-mx,OK,200,1.86
22/04/2026,11:11:08,Enterprise,https://enterprise.mx/,OK,200,2.39
22/04/2026,11:11:08,Europcar,https://www.europcar.com.mx/,OK,200,0.55
22/04/2026,13:25:17,Hertz,https://www.hertzmexico.com/,OK,200,0.26
22/04/2026,13:25:17,Dollar,https://dollarmexico.com.mx/,OK,200,0.34
22/04/2026,13:25:17,Thrifty,https://www.thrifty.com.mx/,OK,200,0.35
22/04/2026,13:25:17,Firefly,https://www.fireflycarrental.com.mx/,OK,200,0.48
22/04/2026,13:25:17,Avis,https://avis.mx/,OK,200,1.07
22/04/2026,13:25:17,National,https://nationalcar.com.mx/,OK,200,3.64
22/04/2026,13:25:17,Alamo,https://www.alamo.com.mx/es,OK,200,1.09
22/04/2026,13:25:17,Mex Rent A Car,https://mexrentacar.com/es/index,OK,200,1.07
22/04/2026,13:25:17,Budget,https://budget.com.mx/#/,OK,200,1.43
22/04/2026,13:25:17,Localiza,https://www.localiza.com/mexico/es-mx,OK,200,0.93
22/04/2026,13:25:17,Enterprise,https://enterprise.mx/,OK,200,2.51
22/04/2026,13:25:17,Europcar,https://www.europcar.com.mx/,OK,200,0.59
22/04/2026,15:04:12,Hertz,https://www.hertzmexico.com/,OK,200,0.39
22/04/2026,15:04:12,Dollar,https://dollarmexico.com.mx/,OK,200,0.36
22/04/2026,15:04:12,Thrifty,https://www.thrifty.com.mx/,OK,200,0.41
22/04/2026,15:04:12,Firefly,https://www.fireflycarrental.com.mx/,OK,200,0.39
22/04/2026,15:04:12,Avis,https://avis.mx/,OK,200,1.06
22/04/2026,15:04:12,National,https://nationalcar.com.mx/,OK,200,3.85
22/04/2026,15:04:12,Alamo,https://www.alamo.com.mx/es,OK,200,1.26
22/04/2026,15:04:12,Mex Rent A Car,https://mexrentacar.com/es/index,OK,200,1.17
22/04/2026,15:04:12,Budget,https://budget.com.mx/#/,OK,200,0.9
22/04/2026,15:04:12,Localiza,https://www.localiza.com/mexico/es-mx,OK,200,1.39
22/04/2026,15:04:12,Enterprise,https://enterprise.mx/,OK,200,2.44
22/04/2026,15:04:12,Europcar,https://www.europcar.com.mx/,OK,200,0.72
22/04/2026,16:55:20,Hertz,https://www.hertzmexico.com/,OK,200,0.33
22/04/2026,16:55:20,Dollar,https://dollarmexico.com.mx/,OK,200,0.3
22/04/2026,16:55:20,Thrifty,https://www.thrifty.com.mx/,OK,200,0.36
22/04/2026,16:55:20,Firefly,https://www.fireflycarrental.com.mx/,OK,200,0.44
22/04/2026,16:55:20,Avis,https://avis.mx/,OK,200,1.02
22/04/2026,16:55:20,National,https://nationalcar.com.mx/,OK,200,3.74
22/04/2026,16:55:20,Alamo,https://www.alamo.com.mx/es,OK,200,1.22
22/04/2026,16:55:20,Mex Rent A Car,https://mexrentacar.com/es/index,OK,200,1.13
22/04/2026,16:55:20,Budget,https://budget.com.mx/#/,OK,200,0.74
22/04/2026,16:55:20,Localiza,https://www.localiza.com/mexico/es-mx,OK,200,1.13
22/04/2026,16:55:20,Enterprise,https://enterprise.mx/,OK,200,2.49
22/04/2026,16:55:20,Europcar,https://www.europcar.com.mx/,OK,200,0.81
22/04/2026,21:34:35,Hertz,https://www.hertzmexico.com/,OK,200,0.43
22/04/2026,21:34:35,Dollar,https://dollarmexico.com.mx/,OK,200,0.3
22/04/2026,21:34:35,Thrifty,https://www.thrifty.com.mx/,OK,200,0.41
22/04/2026,21:34:35,Firefly,https://www.fireflycarrental.com.mx/,OK,200,0.38
22/04/2026,21:34:35,Avis,https://avis.mx/,OK,200,0.94
22/04/2026,21:34:35,National,https://nationalcar.com.mx/,OK,200,3.24
22/04/2026,21:34:35,Alamo,https://www.alamo.com.mx/es,OK,200,1.16
22/04/2026,21:34:35,Mex Rent A Car,https://mexrentacar.com/es/index,OK,200,0.92
22/04/2026,21:34:35,Budget,https://budget.com.mx/#/,OK,200,0.47
22/04/2026,21:34:35,Localiza,https://www.localiza.com/mexico/es-mx,OK,200,1.33
22/04/2026,21:34:35,Enterprise,https://enterprise.mx/,OK,200,2.04
22/04/2026,21:34:35,Europcar,https://www.europcar.com.mx/,OK,200,0.78
23/04/2026,00:14:04,Hertz,https://www.hertzmexico.com/,OK,200,0.33
23/04/2026,00:14:04,Dollar,https://dollarmexico.com.mx/,OK,200,0.32
23/04/2026,00:14:04,Thrifty,https://www.thrifty.com.mx/,OK,200,0.46
23/04/2026,00:14:04,Firefly,https://www.fireflycarrental.com.mx/,OK,200,0.42
23/04/2026,00:14:04,Avis,https://avis.mx/,OK,200,0.85
23/04/2026,00:14:04,National,https://nationalcar.com.mx/,OK,200,3.4
23/04/2026,00:14:04,Alamo,https://www.alamo.com.mx/es,OK,200,1.16
23/04/2026,00:14:04,Mex Rent A Car,https://mexrentacar.com/es/index,OK,200,0.77
23/04/2026,00:14:04,Budget,https://budget.com.mx/#/,OK,200,0.45
23/04/2026,00:14:04,Localiza,https://www.localiza.com/mexico/es-mx,OK,200,1.08
23/04/2026,00:14:04,Enterprise,https://enterprise.mx/,OK,200,1.92
23/04/2026,00:14:04,Europcar,https://www.europcar.com.mx/,OK,200,0.71
23/04/2026,03:52:14,Hertz,https://www.hertzmexico.com/,OK,200,0.25
23/04/2026,03:52:14,Dollar,https://dollarmexico.com.mx/,OK,200,0.35
23/04/2026,03:52:14,Thrifty,https://www.thrifty.com.mx/,OK,200,0.39
23/04/2026,03:52:14,Firefly,https://www.fireflycarrental.com.mx/,OK,200,0.44
23/04/2026,03:52:14,Avis,https://avis.mx/,OK,200,1.12
23/04/2026,03:52:14,National,https://nationalcar.com.mx/,OK,200,3.66
23/04/2026,03:52:14,Alamo,https://www.alamo.com.mx/es,OK,200,1.18
23/04/2026,03:52:14,Mex Rent A Car,https://mexrentacar.com/es/index,OK,200,1.26
23/04/2026,03:52:14,Budget,https://budget.com.mx/#/,OK,200,0.42
23/04/2026,03:52:14,Localiza,https://www.localiza.com/mexico/es-mx,OK,200,1.35
23/04/2026,03:52:14,Enterprise,https://enterprise.mx/,OK,200,2.52
23/04/2026,03:52:14,Europcar,https://www.europcar.com.mx/,OK,200,0.51
23/04/2026,05:16:19,Hertz,https://www.hertzmexico.com/,OK,200,0.26
23/04/2026,05:16:19,Dollar,https://dollarmexico.com.mx/,OK,200,0.39
23/04/2026,05:16:19,Thrifty,https://www.thrifty.com.mx/,OK,200,0.4
23/04/2026,05:16:19,Firefly,https://www.fireflycarrental.com.mx/,OK,200,0.46
23/04/2026,05:16:19,Avis,https://avis.mx/,OK,200,0.88
23/04/2026,05:16:19,National,https://nationalcar.com.mx/,OK,200,3.25
23/04/2026,05:16:19,Alamo,https://www.alamo.com.mx/es,OK,200,1.25
23/04/2026,05:16:19,Mex Rent A Car,https://mexrentacar.com/es/index,OK,200,1.0
23/04/2026,05:16:19,Budget,https://budget.com.mx/#/,OK,200,0.45
23/04/2026,05:16:19,Localiza,https://www.localiza.com/mexico/es-mx,OK,200,1.63
23/04/2026,05:16:19,Enterprise,https://enterprise.mx/,OK,200,2.28
23/04/2026,05:16:19,Europcar,https://www.europcar.com.mx/,OK,200,0.88
23/04/2026,08:04:01,Hertz,https://www.hertzmexico.com/,OK,200,0.27
23/04/2026,08:04:01,Dollar,https://dollarmexico.com.mx/,OK,200,0.36
23/04/2026,08:04:01,Thrifty,https://www.thrifty.com.mx/,OK,200,0.44
23/04/2026,08:04:01,Firefly,https://www.fireflycarrental.com.mx/,OK,200,0.47
23/04/2026,08:04:01,Avis,https://avis.mx/,OK,200,1.04
23/04/2026,08:04:01,National,https://nationalcar.com.mx/,OK,200,3.76
23/04/2026,08:04:01,Alamo,https://www.alamo.com.mx/es,OK,200,1.14
23/04/2026,08:04:01,Mex Rent A Car,https://mexrentacar.com/es/index,OK,200,1.18
23/04/2026,08:04:01,Budget,https://budget.com.mx/#/,OK,200,0.52
23/04/2026,08:04:01,Localiza,https://www.localiza.com/mexico/es-mx,OK,200,0.97
23/04/2026,08:04:01,Enterprise,https://enterprise.mx/,OK,200,2.4
23/04/2026,08:04:01,Europcar,https://www.europcar.com.mx/,OK,200,2.0
23/04/2026,11:40:05,Hertz,https://www.hertzmexico.com/,OK,200,0.53
23/04/2026,11:40:05,Dollar,https://dollarmexico.com.mx/,OK,200,0.44
23/04/2026,11:40:05,Thrifty,https://www.thrifty.com.mx/,OK,200,0.42
23/04/2026,11:40:05,Firefly,https://www.fireflycarrental.com.mx/,OK,200,0.35
23/04/2026,11:40:05,Avis,https://avis.mx/,OK,200,1.0
23/04/2026,11:40:05,National,https://nationalcar.com.mx/,OK,200,2.28
23/04/2026,11:40:05,Alamo,https://www.alamo.com.mx/es,OK,200,1.7
23/04/2026,11:40:05,Mex Rent A Car,https://mexrentacar.com/es/index,OK,200,0.46
23/04/2026,11:40:05,Budget,https://budget.com.mx/#/,OK,200,0.45
23/04/2026,11:40:05,Localiza,https://www.localiza.com/mexico/es-mx,OK,200,1.11
23/04/2026,11:40:05,Enterprise,https://enterprise.mx/,OK,200,1.52
23/04/2026,11:40:05,Europcar,https://www.europcar.com.mx/,OK,200,1.42
23/04/2026,13:24:48,Hertz,https://www.hertzmexico.com/,OK,200,0.29
23/04/2026,13:24:48,Dollar,https://dollarmexico.com.mx/,OK,200,0.38
23/04/2026,13:24:48,Thrifty,https://www.thrifty.com.mx/,OK,200,0.48
23/04/2026,13:24:48,Firefly,https://www.fireflycarrental.com.mx/,OK,200,0.37
23/04/2026,13:24:48,Avis,https://avis.mx/,OK,200,0.87
23/04/2026,13:24:48,National,https://nationalcar.com.mx/,OK,200,3.31
23/04/2026,13:24:48,Alamo,https://www.alamo.com.mx/es,OK,200,1.49
23/04/2026,13:24:48,Mex Rent A Car,https://mexrentacar.com/es/index,OK,200,0.86
23/04/2026,13:24:48,Budget,https://budget.com.mx/#/,OK,200,0.48
23/04/2026,13:24:48,Localiza,https://www.localiza.com/mexico/es-mx,OK,200,1.28
23/04/2026,13:24:48,Enterprise,https://enterprise.mx/,OK,200,12.54
23/04/2026,13:24:48,Europcar,https://www.europcar.com.mx/,OK,200,1.51
23/04/2026,15:00:37,Hertz,https://www.hertzmexico.com/,OK,200,0.4
23/04/2026,15:00:37,Dollar,https://dollarmexico.com.mx/,OK,200,0.37
23/04/2026,15:00:37,Thrifty,https://www.thrifty.com.mx/,OK,200,0.48
23/04/2026,15:00:37,Firefly,https://www.fireflycarrental.com.mx/,OK,200,0.51
23/04/2026,15:00:37,Avis,https://avis.mx/,OK,200,0.95
23/04/2026,15:00:37,National,https://nationalcar.com.mx/,OK,200,3.45
23/04/2026,15:00:37,Alamo,https://www.alamo.com.mx/es,OK,200,1.62
23/04/2026,15:00:37,Mex Rent A Car,https://mexrentacar.com/es/index,OK,200,0.66
23/04/2026,15:00:37,Budget,https://budget.com.mx/#/,OK,200,0.47
23/04/2026,15:00:37,Localiza,https://www.localiza.com/mexico/es-mx,OK,200,2.61
23/04/2026,15:00:37,Enterprise,https://enterprise.mx/,OK,200,1.87
23/04/2026,15:00:37,Europcar,https://www.europcar.com.mx/,OK,200,0.83
23/04/2026,16:56:46,Hertz,https://www.hertzmexico.com/,OK,200,0.3
23/04/2026,16:56:46,Dollar,https://dollarmexico.com.mx/,OK,200,0.59
23/04/2026,16:56:46,Thrifty,https://www.thrifty.com.mx/,OK,200,0.33
23/04/2026,16:56:46,Firefly,https://www.fireflycarrental.com.mx/,OK,200,0.42
23/04/2026,16:56:46,Avis,https://avis.mx/,OK,200,1.0
23/04/2026,16:56:46,National,https://nationalcar.com.mx/,OK,200,2.4
23/04/2026,16:56:46,Alamo,https://www.alamo.com.mx/es,OK,200,1.86
23/04/2026,16:56:46,Mex Rent A Car,https://mexrentacar.com/es/index,OK,200,0.48
23/04/2026,16:56:46,Budget,https://budget.com.mx/#/,OK,200,0.74
23/04/2026,16:56:46,Localiza,https://www.localiza.com/mexico/es-mx,OK,200,0.85
23/04/2026,16:56:46,Enterprise,https://enterprise.mx/,OK,200,1.4
23/04/2026,16:56:46,Europcar,https://www.europcar.com.mx/,OK,200,2.73
23/04/2026,21:36:35,Hertz,https://www.hertzmexico.com/,OK,200,0.31
23/04/2026,21:36:35,Dollar,https://dollarmexico.com.mx/,OK,200,0.49
23/04/2026,21:36:35,Thrifty,https://www.thrifty.com.mx/,OK,200,0.52
23/04/2026,21:36:35,Firefly,https://www.fireflycarrental.com.mx/,OK,200,0.63
23/04/2026,21:36:35,Avis,https://avis.mx/,OK,200,1.06
23/04/2026,21:36:35,National,https://nationalcar.com.mx/,OK,200,2.53
23/04/2026,21:36:35,Alamo,https://www.alamo.com.mx/es,OK,200,1.76
23/04/2026,21:36:35,Mex Rent A Car,https://mexrentacar.com/es/index,OK,200,0.65
23/04/2026,21:36:35,Budget,https://budget.com.mx/#/,OK,200,0.55
23/04/2026,21:36:35,Localiza,https://www.localiza.com/mexico/es-mx,OK,200,1.5
23/04/2026,21:36:35,Enterprise,https://enterprise.mx/,OK,200,1.63
23/04/2026,21:36:35,Europcar,https://www.europcar.com.mx/,OK,200,0.88
24/04/2026,00:16:39,Hertz,https://www.hertzmexico.com/,OK,200,0.36
24/04/2026,00:16:39,Dollar,https://dollarmexico.com.mx/,OK,200,0.42
24/04/2026,00:16:39,Thrifty,https://www.thrifty.com.mx/,OK,200,0.48
24/04/2026,00:16:39,Firefly,https://www.fireflycarrental.com.mx/,OK,200,0.51
24/04/2026,00:16:39,Avis,https://avis.mx/,OK,200,0.99
24/04/2026,00:16:39,National,https://nationalcar.com.mx/,OK,200,3.19
24/04/2026,00:16:39,Alamo,https://www.alamo.com.mx/es,OK,200,1.52
24/04/2026,00:16:39,Mex Rent A Car,https://mexrentacar.com/es/index,OK,200,0.7
24/04/2026,00:16:39,Budget,https://budget.com.mx/#/,OK,200,0.46
24/04/2026,00:16:39,Localiza,https://www.localiza.com/mexico/es-mx,OK,200,1.29
24/04/2026,00:16:39,Enterprise,https://enterprise.mx/,OK,200,1.94
24/04/2026,00:16:39,Europcar,https://www.europcar.com.mx/,OK,200,0.69
24/04/2026,03:51:25,Hertz,https://www.hertzmexico.com/,OK,200,0.43
24/04/2026,03:51:25,Dollar,https://dollarmexico.com.mx/,OK,200,0.45
24/04/2026,03:51:25,Thrifty,https://www.thrifty.com.mx/,OK,200,0.49
24/04/2026,03:51:25,Firefly,https://www.fireflycarrental.com.mx/,OK,200,0.57
24/04/2026,03:51:25,Avis,https://avis.mx/,OK,200,1.31
24/04/2026,03:51:25,National,https://nationalcar.com.mx/,OK,200,3.14
24/04/2026,03:51:25,Alamo,https://www.alamo.com.mx/es,OK,200,1.5
24/04/2026,03:51:25,Mex Rent A Car,https://mexrentacar.com/es/index,OK,200,0.92
24/04/2026,03:51:25,Budget,https://budget.com.mx/#/,OK,200,0.53
24/04/2026,03:51:25,Localiza,https://www.localiza.com/mexico/es-mx,OK,200,1.44
24/04/2026,03:51:25,Enterprise,https://enterprise.mx/,OK,200,1.99
24/04/2026,03:51:25,Europcar,https://www.europcar.com.mx/,OK,200,0.74
24/04/2026,05:14:03,Hertz,https://www.hertzmexico.com/,OK,200,0.3
24/04/2026,05:14:03,Dollar,https://dollarmexico.com.mx/,OK,200,0.38
24/04/2026,05:14:03,Thrifty,https://www.thrifty.com.mx/,OK,200,0.42
24/04/2026,05:14:03,Firefly,https://www.fireflycarrental.com.mx/,OK,200,0.39
24/04/2026,05:14:03,Avis,https://avis.mx/,OK,200,0.94
24/04/2026,05:14:03,National,https://nationalcar.com.mx/,OK,200,3.83
24/04/2026,05:14:03,Alamo,https://www.alamo.com.mx/es,OK,200,1.08
24/04/2026,05:14:03,Mex Rent A Car,https://mexrentacar.com/es/index,OK,200,1.23
24/04/2026,05:14:03,Budget,https://budget.com.mx/#/,OK,200,1.1
24/04/2026,05:14:03,Localiza,https://www.localiza.com/mexico/es-mx,OK,200,0.83
24/04/2026,05:14:03,Enterprise,https://enterprise.mx/,OK,200,2.46
24/04/2026,05:14:03,Europcar,https://www.europcar.com.mx/,OK,200,1.13
24/04/2026,07:56:51,Hertz,https://www.hertzmexico.com/,OK,200,0.31
24/04/2026,07:56:51,Dollar,https://dollarmexico.com.mx/,OK,200,0.45
24/04/2026,07:56:51,Thrifty,https://www.thrifty.com.mx/,OK,200,0.51
24/04/2026,07:56:51,Firefly,https://www.fireflycarrental.com.mx/,OK,200,0.56
24/04/2026,07:56:51,Avis,https://avis.mx/,OK,200,0.93
24/04/2026,07:56:51,National,https://nationalcar.com.mx/,OK,200,2.25
24/04/2026,07:56:51,Alamo,https://www.alamo.com.mx/es,OK,200,1.84
24/04/2026,07:56:51,Mex Rent A Car,https://mexrentacar.com/es/index,OK,200,0.5
24/04/2026,07:56:51,Budget,https://budget.com.mx/#/,OK,200,0.73
24/04/2026,07:56:51,Localiza,https://www.localiza.com/mexico/es-mx,OK,200,1.09
24/04/2026,07:56:51,Enterprise,https://enterprise.mx/,OK,200,1.51
24/04/2026,07:56:51,Europcar,https://www.europcar.com.mx/,OK,200,1.01
24/04/2026,09:16:52,Hertz,https://www.hertzmexico.com/,OK,200,0.25
24/04/2026,09:16:52,Dollar,https://dollarmexico.com.mx/,OK,200,0.36
24/04/2026,09:16:52,Thrifty,https://www.thrifty.com.mx/,OK,200,0.3
24/04/2026,09:16:52,Firefly,https://www.fireflycarrental.com.mx/,OK,200,0.49
24/04/2026,09:16:52,Avis,https://avis.mx/,OK,200,0.98
24/04/2026,09:16:52,National,https://nationalcar.com.mx/,OK,200,3.76
24/04/2026,09:16:52,Alamo,https://www.alamo.com.mx/es,OK,200,1.13
24/04/2026,09:16:52,Mex Rent A Car,https://mexrentacar.com/es/index,OK,200,1.12
24/04/2026,09:16:52,Budget,https://budget.com.mx/#/,OK,200,0.62
24/04/2026,09:16:52,Localiza,https://www.localiza.com/mexico/es-mx,OK,200,2.35
24/04/2026,09:16:52,Enterprise,https://enterprise.mx/,OK,200,2.26
24/04/2026,09:16:52,Europcar,https://www.europcar.com.mx/,OK,200,2.58
24/04/2026,11:07:38,Hertz,https://www.hertzmexico.com/,OK,200,0.4
24/04/2026,11:07:38,Dollar,https://dollarmexico.com.mx/,OK,200,0.36
24/04/2026,11:07:38,Thrifty,https://www.thrifty.com.mx/,OK,200,0.41
24/04/2026,11:07:38,Firefly,https://www.fireflycarrental.com.mx/,OK,200,0.41
24/04/2026,11:07:38,Avis,https://avis.mx/,OK,200,1.16
24/04/2026,11:07:38,National,https://nationalcar.com.mx/,OK,200,3.24
24/04/2026,11:07:38,Alamo,https://www.alamo.com.mx/es,OK,200,1.18
24/04/2026,11:07:38,Mex Rent A Car,https://mexrentacar.com/es/index,OK,200,0.98
24/04/2026,11:07:38,Budget,https://budget.com.mx/#/,OK,200,0.45
24/04/2026,11:07:38,Localiza,https://www.localiza.com/mexico/es-mx,OK,200,1.99
24/04/2026,11:07:38,Enterprise,https://enterprise.mx/,OK,200,2.07
24/04/2026,11:07:38,Europcar,https://www.europcar.com.mx/,OK,200,0.69
24/04/2026,13:05:20,Hertz,https://www.hertzmexico.com/,OK,200,0.28
24/04/2026,13:05:20,Dollar,https://dollarmexico.com.mx/,OK,200,0.37
24/04/2026,13:05:20,Thrifty,https://www.thrifty.com.mx/,OK,200,0.42
24/04/2026,13:05:20,Firefly,https://www.fireflycarrental.com.mx/,OK,200,0.53
24/04/2026,13:05:20,Avis,https://avis.mx/,OK,200,0.95
24/04/2026,13:05:20,National,https://nationalcar.com.mx/,OK,200,3.75
24/04/2026,13:05:20,Alamo,https://www.alamo.com.mx/es,OK,200,1.23
24/04/2026,13:05:20,Mex Rent A Car,https://mexrentacar.com/es/index,OK,200,1.28
24/04/2026,13:05:20,Budget,https://budget.com.mx/#/,OK,200,0.47
24/04/2026,13:05:20,Localiza,https://www.localiza.com/mexico/es-mx,OK,200,1.14
24/04/2026,13:05:20,Enterprise,https://enterprise.mx/,OK,200,2.57
24/04/2026,13:05:20,Europcar,https://www.europcar.com.mx/,OK,200,0.56
24/04/2026,14:59:01,Hertz,https://www.hertzmexico.com/,OK,200,0.31
24/04/2026,14:59:01,Dollar,https://dollarmexico.com.mx/,OK,200,0.45
24/04/2026,14:59:01,Thrifty,https://www.thrifty.com.mx/,OK,200,0.36
24/04/2026,14:59:01,Firefly,https://www.fireflycarrental.com.mx/,OK,200,0.46
24/04/2026,14:59:01,Avis,https://avis.mx/,OK,200,0.96
24/04/2026,14:59:01,National,https://nationalcar.com.mx/,OK,200,3.37
24/04/2026,14:59:01,Alamo,https://www.alamo.com.mx/es,OK,200,1.34
24/04/2026,14:59:01,Mex Rent A Car,https://mexrentacar.com/es/index,OK,200,0.91
24/04/2026,14:59:01,Budget,https://budget.com.mx/#/,OK,200,0.45
24/04/2026,14:59:01,Localiza,https://www.localiza.com/mexico/es-mx,OK,200,1.46
24/04/2026,14:59:01,Enterprise,https://enterprise.mx/,OK,200,1.93
24/04/2026,14:59:01,Europcar,https://www.europcar.com.mx/,OK,200,3.56
24/04/2026,16:50:12,Hertz,https://www.hertzmexico.com/,OK,200,0.33
24/04/2026,16:50:12,Dollar,https://dollarmexico.com.mx/,OK,200,0.45
24/04/2026,16:50:12,Thrifty,https://www.thrifty.com.mx/,OK,200,0.7
24/04/2026,16:50:12,Firefly,https://www.fireflycarrental.com.mx/,OK,200,0.42
24/04/2026,16:50:12,Avis,https://avis.mx/,OK,200,0.9
24/04/2026,16:50:12,National,https://nationalcar.com.mx/,OK,200,2.99
24/04/2026,16:50:12,Alamo,https://www.alamo.com.mx/es,OK,200,1.41
24/04/2026,16:50:12,Mex Rent A Car,https://mexrentacar.com/es/index,OK,200,0.78
24/04/2026,16:50:12,Budget,https://budget.com.mx/#/,OK,200,0.47
24/04/2026,16:50:12,Localiza,https://www.localiza.com/mexico/es-mx,OK,200,1.41
24/04/2026,16:50:12,Enterprise,https://enterprise.mx/,OK,200,1.93
24/04/2026,16:50:12,Europcar,https://www.europcar.com.mx/,OK,200,0.64
24/04/2026,21:21:32,Hertz,https://www.hertzmexico.com/,OK,200,0.35
24/04/2026,21:21:32,Dollar,https://dollarmexico.com.mx/,OK,200,0.53
24/04/2026,21:21:32,Thrifty,https://www.thrifty.com.mx/,OK,200,0.88
24/04/2026,21:21:32,Firefly,https://www.fireflycarrental.com.mx/,OK,200,0.62
24/04/2026,21:21:32,Avis,https://avis.mx/,OK,200,1.14
24/04/2026,21:21:32,National,https://nationalcar.com.mx/,OK,200,2.56
24/04/2026,21:21:32,Alamo,https://www.alamo.com.mx/es,OK,200,1.87
24/04/2026,21:21:32,Mex Rent A Car,https://mexrentacar.com/es/index,OK,200,0.53
24/04/2026,21:21:32,Budget,https://budget.com.mx/#/,OK,200,1.3
24/04/2026,21:21:32,Localiza,https://www.localiza.com/mexico/es-mx,OK,200,1.07
24/04/2026,21:21:32,Enterprise,https://enterprise.mx/,OK,200,1.53
24/04/2026,21:21:32,Europcar,https://www.europcar.com.mx/,OK,200,3.48
24/04/2026,23:53:16,Hertz,https://www.hertzmexico.com/,OK,200,0.29
24/04/2026,23:53:16,Dollar,https://dollarmexico.com.mx/,OK,200,0.36
24/04/2026,23:53:16,Thrifty,https://www.thrifty.com.mx/,OK,200,0.43
24/04/2026,23:53:16,Firefly,https://www.fireflycarrental.com.mx/,OK,200,0.49
24/04/2026,23:53:16,Avis,https://avis.mx/,OK,200,0.99
24/04/2026,23:53:16,National,https://nationalcar.com.mx/,OK,200,3.83
24/04/2026,23:53:16,Alamo,https://www.alamo.com.mx/es,OK,200,1.21
24/04/2026,23:53:16,Mex Rent A Car,https://mexrentacar.com/es/index,OK,200,0.97
24/04/2026,23:53:16,Budget,https://budget.com.mx/#/,OK,200,0.67
24/04/2026,23:53:16,Localiza,https://www.localiza.com/mexico/es-mx,OK,200,1.43
24/04/2026,23:53:16,Enterprise,https://enterprise.mx/,OK,200,2.39
24/04/2026,23:53:16,Europcar,https://www.europcar.com.mx/,OK,200,0.87
25/04/2026,01:41:05,Hertz,https://www.hertzmexico.com/,OK,200,0.29
25/04/2026,01:41:05,Dollar,https://dollarmexico.com.mx/,OK,200,0.39
25/04/2026,01:41:05,Thrifty,https://www.thrifty.com.mx/,OK,200,0.46
25/04/2026,01:41:05,Firefly,https://www.fireflycarrental.com.mx/,OK,200,0.52
25/04/2026,01:41:05,Avis,https://avis.mx/,OK,200,1.0
25/04/2026,01:41:05,National,https://nationalcar.com.mx/,OK,200,3.46
25/04/2026,01:41:05,Alamo,https://www.alamo.com.mx/es,OK,200,1.17
25/04/2026,01:41:05,Mex Rent A Car,https://mexrentacar.com/es/index,OK,200,1.02
25/04/2026,01:41:05,Budget,https://budget.com.mx/#/,OK,200,0.69
25/04/2026,01:41:05,Localiza,https://www.localiza.com/mexico/es-mx,OK,200,1.13
25/04/2026,01:41:05,Enterprise,https://enterprise.mx/,OK,200,2.22
25/04/2026,01:41:05,Europcar,https://www.europcar.com.mx/,OK,200,5.97
25/04/2026,03:04:26,Hertz,https://www.hertzmexico.com/,OK,200,0.26
25/04/2026,03:04:26,Dollar,https://dollarmexico.com.mx/,OK,200,0.67
25/04/2026,03:04:26,Thrifty,https://www.thrifty.com.mx/,OK,200,0.25
25/04/2026,03:04:26,Firefly,https://www.fireflycarrental.com.mx/,OK,200,0.6
25/04/2026,03:04:26,Avis,https://avis.mx/,OK,200,0.78
25/04/2026,03:04:26,National,https://nationalcar.com.mx/,OK,200,2.07
25/04/2026,03:04:26,Alamo,https://www.alamo.com.mx/es,OK,200,1.78
25/04/2026,03:04:26,Mex Rent A Car,https://mexrentacar.com/es/index,OK,200,0.43
25/04/2026,03:04:26,Budget,https://budget.com.mx/#/,OK,200,0.69
25/04/2026,03:04:26,Localiza,https://www.localiza.com/mexico/es-mx,OK,200,0.99
25/04/2026,03:04:26,Enterprise,https://enterprise.mx/,OK,200,1.44
25/04/2026,03:04:26,Europcar,https://www.europcar.com.mx/,OK,200,1.41
25/04/2026,04:53:03,Hertz,https://www.hertzmexico.com/,OK,200,0.34
25/04/2026,04:53:03,Dollar,https://dollarmexico.com.mx/,OK,200,0.34
25/04/2026,04:53:03,Thrifty,https://www.thrifty.com.mx/,OK,200,0.4
25/04/2026,04:53:03,Firefly,https://www.fireflycarrental.com.mx/,OK,200,0.35
25/04/2026,04:53:03,Avis,https://avis.mx/,OK,200,1.34
25/04/2026,04:53:03,National,https://nationalcar.com.mx/,OK,200,3.85
25/04/2026,04:53:03,Alamo,https://www.alamo.com.mx/es,OK,200,1.22
25/04/2026,04:53:03,Mex Rent A Car,https://mexrentacar.com/es/index,OK,200,1.12
25/04/2026,04:53:03,Budget,https://budget.com.mx/#/,OK,200,0.43
25/04/2026,04:53:03,Localiza,https://www.localiza.com/mexico/es-mx,OK,200,1.35
25/04/2026,04:53:03,Enterprise,https://enterprise.mx/,OK,200,2.44
25/04/2026,04:53:03,Europcar,https://www.europcar.com.mx/,OK,200,0.54
25/04/2026,07:22:12,Hertz,https://www.hertzmexico.com/,OK,200,0.29
25/04/2026,07:22:12,Dollar,https://dollarmexico.com.mx/,OK,200,0.4
25/04/2026,07:22:12,Thrifty,https://www.thrifty.com.mx/,OK,200,0.61
25/04/2026,07:22:12,Firefly,https://www.fireflycarrental.com.mx/,OK,200,0.73
25/04/2026,07:22:12,Avis,https://avis.mx/,OK,200,1.03
25/04/2026,07:22:12,National,https://nationalcar.com.mx/,OK,200,2.42
25/04/2026,07:22:12,Alamo,https://www.alamo.com.mx/es,OK,200,1.86
25/04/2026,07:22:12,Mex Rent A Car,https://mexrentacar.com/es/index,OK,200,0.49
25/04/2026,07:22:12,Budget,https://budget.com.mx/#/,OK,200,1.16
25/04/2026,07:22:12,Localiza,https://www.localiza.com/mexico/es-mx,OK,200,1.01
25/04/2026,07:22:12,Enterprise,https://enterprise.mx/,OK,200,1.4
25/04/2026,07:22:12,Europcar,https://www.europcar.com.mx/,OK,200,1.11
25/04/2026,08:52:46,Hertz,https://www.hertzmexico.com/,OK,200,0.41
25/04/2026,08:52:46,Dollar,https://dollarmexico.com.mx/,OK,200,0.45
25/04/2026,08:52:46,Thrifty,https://www.thrifty.com.mx/,OK,200,0.45
25/04/2026,08:52:46,Firefly,https://www.fireflycarrental.com.mx/,OK,200,0.36
25/04/2026,08:52:46,Avis,https://avis.mx/,OK,200,0.96
25/04/2026,08:52:46,National,https://nationalcar.com.mx/,OK,200,3.81
25/04/2026,08:52:46,Alamo,https://www.alamo.com.mx/es,OK,200,1.13
25/04/2026,08:52:46,Mex Rent A Car,https://mexrentacar.com/es/index,OK,200,1.13
25/04/2026,08:52:46,Budget,https://budget.com.mx/#/,OK,200,0.73
25/04/2026,08:52:46,Localiza,https://www.localiza.com/mexico/es-mx,OK,200,1.52
25/04/2026,08:52:46,Enterprise,https://enterprise.mx/,OK,200,2.4
25/04/2026,08:52:46,Europcar,https://www.europcar.com.mx/,OK,200,1.07
25/04/2026,10:54:44,Hertz,https://www.hertzmexico.com/,OK,200,0.35
25/04/2026,10:54:44,Dollar,https://dollarmexico.com.mx/,OK,200,0.7
25/04/2026,10:54:44,Thrifty,https://www.thrifty.com.mx/,OK,200,0.52
25/04/2026,10:54:44,Firefly,https://www.fireflycarrental.com.mx/,OK,200,0.69
25/04/2026,10:54:44,Avis,https://avis.mx/,OK,200,0.89
25/04/2026,10:54:44,National,https://nationalcar.com.mx/,OK,200,2.99
25/04/2026,10:54:44,Alamo,https://www.alamo.com.mx/es,OK,200,1.38
25/04/2026,10:54:44,Mex Rent A Car,https://mexrentacar.com/es/index,OK,200,0.65
25/04/2026,10:54:44,Budget,https://budget.com.mx/#/,OK,200,0.49
25/04/2026,10:54:44,Localiza,https://www.localiza.com/mexico/es-mx,OK,200,1.35
25/04/2026,10:54:44,Enterprise,https://enterprise.mx/,OK,200,12.38
25/04/2026,10:54:44,Europcar,https://www.europcar.com.mx/,OK,200,0.83
25/04/2026,13:05:12,Hertz,https://www.hertzmexico.com/,OK,200,0.3
25/04/2026,13:05:12,Dollar,https://dollarmexico.com.mx/,OK,200,0.42
25/04/2026,13:05:12,Thrifty,https://www.thrifty.com.mx/,OK,200,0.46
25/04/2026,13:05:12,Firefly,https://www.fireflycarrental.com.mx/,OK,200,0.4
25/04/2026,13:05:12,Avis,https://avis.mx/,OK,200,0.98
25/04/2026,13:05:12,National,https://nationalcar.com.mx/,OK,200,3.76
25/04/2026,13:05:12,Alamo,https://www.alamo.com.mx/es,OK,200,1.03
25/04/2026,13:05:12,Mex Rent A Car,https://mexrentacar.com/es/index,OK,200,1.15
25/04/2026,13:05:12,Budget,https://budget.com.mx/#/,OK,200,0.5
25/04/2026,13:05:12,Localiza,https://www.localiza.com/mexico/es-mx,OK,200,1.23
25/04/2026,13:05:12,Enterprise,https://enterprise.mx/,OK,200,2.61
25/04/2026,13:05:12,Europcar,https://www.europcar.com.mx/,OK,200,0.76
25/04/2026,14:51:03,Hertz,https://www.hertzmexico.com/,OK,200,0.3
25/04/2026,14:51:03,Dollar,https://dollarmexico.com.mx/,OK,200,0.8
25/04/2026,14:51:03,Thrifty,https://www.thrifty.com.mx/,OK,200,0.34
25/04/2026,14:51:03,Firefly,https://www.fireflycarrental.com.mx/,OK,200,0.52
25/04/2026,14:51:03,Avis,https://avis.mx/,OK,200,0.89
25/04/2026,14:51:03,National,https://nationalcar.com.mx/,OK,200,2.19
25/04/2026,14:51:03,Alamo,https://www.alamo.com.mx/es,OK,200,1.65
25/04/2026,14:51:03,Mex Rent A Car,https://mexrentacar.com/es/index,OK,200,0.47
25/04/2026,14:51:03,Budget,https://budget.com.mx/#/,OK,200,0.5
25/04/2026,14:51:03,Localiza,https://www.localiza.com/mexico/es-mx,OK,200,1.17
25/04/2026,14:51:03,Enterprise,https://enterprise.mx/,OK,200,1.56
25/04/2026,14:51:03,Europcar,https://www.europcar.com.mx/,OK,200,1.85
25/04/2026,16:48:20,Hertz,https://www.hertzmexico.com/,OK,200,0.26
25/04/2026,16:48:20,Dollar,https://dollarmexico.com.mx/,OK,200,0.49
25/04/2026,16:48:20,Thrifty,https://www.thrifty.com.mx/,OK,200,0.46
25/04/2026,16:48:20,Firefly,https://www.fireflycarrental.com.mx/,OK,200,0.6
25/04/2026,16:48:20,Avis,https://avis.mx/,OK,200,0.9
25/04/2026,16:48:20,National,https://nationalcar.com.mx/,OK,200,2.25
25/04/2026,16:48:20,Alamo,https://www.alamo.com.mx/es,OK,200,1.59
25/04/2026,16:48:20,Mex Rent A Car,https://mexrentacar.com/es/index,OK,200,0.49
25/04/2026,16:48:20,Budget,https://budget.com.mx/#/,OK,200,0.73
25/04/2026,16:48:20,Localiza,https://www.localiza.com/mexico/es-mx,OK,200,1.08
25/04/2026,16:48:20,Enterprise,https://enterprise.mx/,OK,200,1.56
25/04/2026,16:48:20,Europcar,https://www.europcar.com.mx/,OK,200,0.78
25/04/2026,21:44:07,Hertz,https://www.hertzmexico.com/,OK,200,0.31
25/04/2026,21:44:07,Dollar,https://dollarmexico.com.mx/,OK,200,0.32
25/04/2026,21:44:07,Thrifty,https://www.thrifty.com.mx/,OK,200,0.29
25/04/2026,21:44:07,Firefly,https://www.fireflycarrental.com.mx/,OK,200,0.71
25/04/2026,21:44:07,Avis,https://avis.mx/,OK,200,0.91
25/04/2026,21:44:07,National,https://nationalcar.com.mx/,OK,200,2.37
25/04/2026,21:44:07,Alamo,https://www.alamo.com.mx/es,OK,200,1.83
25/04/2026,21:44:07,Mex Rent A Car,https://mexrentacar.com/es/index,OK,200,0.47
25/04/2026,21:44:07,Budget,https://budget.com.mx/#/,OK,200,0.71
25/04/2026,21:44:07,Localiza,https://www.localiza.com/mexico/es-mx,OK,200,1.6
25/04/2026,21:44:07,Enterprise,https://enterprise.mx/,OK,200,1.48
25/04/2026,21:44:07,Europcar,https://www.europcar.com.mx/,OK,200,0.9
26/04/2026,00:14:54,Hertz,https://www.hertzmexico.com/,OK,200,0.36
26/04/2026,00:14:54,Dollar,https://dollarmexico.com.mx/,OK,200,0.38
26/04/2026,00:14:54,Thrifty,https://www.thrifty.com.mx/,OK,200,0.49
26/04/2026,00:14:54,Firefly,https://www.fireflycarrental.com.mx/,OK,200,0.41
26/04/2026,00:14:54,Avis,https://avis.mx/,OK,200,1.09
26/04/2026,00:14:54,National,https://nationalcar.com.mx/,OK,200,3.71
26/04/2026,00:14:54,Alamo,https://www.alamo.com.mx/es,OK,200,1.35
26/04/2026,00:14:54,Mex Rent A Car,https://mexrentacar.com/es/index,OK,200,1.18
26/04/2026,00:14:54,Budget,https://budget.com.mx/#/,OK,200,0.72
26/04/2026,00:14:54,Localiza,https://www.localiza.com/mexico/es-mx,OK,200,1.53
26/04/2026,00:14:54,Enterprise,https://enterprise.mx/,OK,200,2.52
26/04/2026,00:14:54,Europcar,https://www.europcar.com.mx/,OK,200,0.78
26/04/2026,03:09:50,Hertz,https://www.hertzmexico.com/,OK,200,0.27
26/04/2026,03:09:50,Dollar,https://dollarmexico.com.mx/,OK,200,0.45
26/04/2026,03:09:50,Thrifty,https://www.thrifty.com.mx/,OK,200,0.48
26/04/2026,03:09:50,Firefly,https://www.fireflycarrental.com.mx/,OK,200,0.35
26/04/2026,03:09:50,Avis,https://avis.mx/,OK,200,1.13
26/04/2026,03:09:50,National,https://nationalcar.com.mx/,OK,200,3.69
26/04/2026,03:09:50,Alamo,https://www.alamo.com.mx/es,OK,200,1.31
26/04/2026,03:09:50,Mex Rent A Car,https://mexrentacar.com/es/index,OK,200,1.15
26/04/2026,03:09:50,Budget,https://budget.com.mx/#/,OK,200,0.71
26/04/2026,03:09:50,Localiza,https://www.localiza.com/mexico/es-mx,OK,200,1.12
26/04/2026,03:09:50,Enterprise,https://enterprise.mx/,OK,200,16.24
26/04/2026,03:09:50,Europcar,https://www.europcar.com.mx/,OK,200,4.28
26/04/2026,04:53:54,Hertz,https://www.hertzmexico.com/,OK,200,0.35
26/04/2026,04:53:54,Dollar,https://dollarmexico.com.mx/,OK,200,0.33
26/04/2026,04:53:54,Thrifty,https://www.thrifty.com.mx/,OK,200,0.44
26/04/2026,04:53:54,Firefly,https://www.fireflycarrental.com.mx/,OK,200,0.36
26/04/2026,04:53:54,Avis,https://avis.mx/,OK,200,0.94
26/04/2026,04:53:54,National,https://nationalcar.com.mx/,OK,200,3.24
26/04/2026,04:53:54,Alamo,https://www.alamo.com.mx/es,OK,200,1.17
26/04/2026,04:53:54,Mex Rent A Car,https://mexrentacar.com/es/index,OK,200,1.01
26/04/2026,04:53:54,Budget,https://budget.com.mx/#/,OK,200,0.46
26/04/2026,04:53:54,Localiza,https://www.localiza.com/mexico/es-mx,OK,200,1.25
26/04/2026,04:53:54,Enterprise,https://enterprise.mx/,OK,200,1.92
26/04/2026,04:53:54,Europcar,https://www.europcar.com.mx/,OK,200,0.64
26/04/2026,07:23:21,Hertz,https://www.hertzmexico.com/,OK,200,0.32
26/04/2026,07:23:21,Dollar,https://dollarmexico.com.mx/,OK,200,0.38
26/04/2026,07:23:21,Thrifty,https://www.thrifty.com.mx/,OK,200,0.41
26/04/2026,07:23:21,Firefly,https://www.fireflycarrental.com.mx/,OK,200,0.37
26/04/2026,07:23:21,Avis,https://avis.mx/,OK,200,0.95
26/04/2026,07:23:21,National,https://nationalcar.com.mx/,OK,200,3.72
26/04/2026,07:23:21,Alamo,https://www.alamo.com.mx/es,OK,200,1.25
26/04/2026,07:23:21,Mex Rent A Car,https://mexrentacar.com/es/index,OK,200,1.2
26/04/2026,07:23:21,Budget,https://budget.com.mx/#/,OK,200,0.53
26/04/2026,07:23:21,Localiza,https://www.localiza.com/mexico/es-mx,OK,200,0.93
26/04/2026,07:23:21,Enterprise,https://enterprise.mx/,OK,200,2.5
26/04/2026,07:23:21,Europcar,https://www.europcar.com.mx/,OK,200,0.99
26/04/2026,08:54:50,Hertz,https://www.hertzmexico.com/,OK,200,0.25
26/04/2026,08:54:50,Dollar,https://dollarmexico.com.mx/,OK,200,0.41
26/04/2026,08:54:50,Thrifty,https://www.thrifty.com.mx/,OK,200,0.37
26/04/2026,08:54:50,Firefly,https://www.fireflycarrental.com.mx/,OK,200,0.35
26/04/2026,08:54:50,Avis,https://avis.mx/,OK,200,0.95
26/04/2026,08:54:50,National,https://nationalcar.com.mx/,OK,200,3.73
26/04/2026,08:54:50,Alamo,https://www.alamo.com.mx/es,OK,200,1.37
26/04/2026,08:54:50,Mex Rent A Car,https://mexrentacar.com/es/index,OK,200,1.16
26/04/2026,08:54:50,Budget,https://budget.com.mx/#/,OK,200,0.64
26/04/2026,08:54:50,Localiza,https://www.localiza.com/mexico/es-mx,OK,200,1.4
26/04/2026,08:54:50,Enterprise,https://enterprise.mx/,OK,200,15.99
26/04/2026,08:54:50,Europcar,https://www.europcar.com.mx/,OK,200,0.67
26/04/2026,10:55:24,Hertz,https://www.hertzmexico.com/,OK,200,0.38
26/04/2026,10:55:24,Dollar,https://dollarmexico.com.mx/,OK,200,0.32
26/04/2026,10:55:24,Thrifty,https://www.thrifty.com.mx/,OK,200,0.46
26/04/2026,10:55:24,Firefly,https://www.fireflycarrental.com.mx/,OK,200,0.37
26/04/2026,10:55:24,Avis,https://avis.mx/,OK,200,0.85
26/04/2026,10:55:24,National,https://nationalcar.com.mx/,OK,200,2.5
26/04/2026,10:55:24,Alamo,https://www.alamo.com.mx/es,OK,200,1.86
26/04/2026,10:55:24,Mex Rent A Car,https://mexrentacar.com/es/index,OK,200,0.62
26/04/2026,10:55:24,Budget,https://budget.com.mx/#/,OK,200,0.49
26/04/2026,10:55:24,Localiza,https://www.localiza.com/mexico/es-mx,OK,200,1.26
26/04/2026,10:55:24,Enterprise,https://enterprise.mx/,OK,200,2.33
26/04/2026,10:55:24,Europcar,https://www.europcar.com.mx/,OK,200,0.73
26/04/2026,13:07:03,Hertz,https://www.hertzmexico.com/,OK,200,0.28
26/04/2026,13:07:03,Dollar,https://dollarmexico.com.mx/,OK,200,0.36
26/04/2026,13:07:03,Thrifty,https://www.thrifty.com.mx/,OK,200,0.34
26/04/2026,13:07:03,Firefly,https://www.fireflycarrental.com.mx/,OK,200,0.41
26/04/2026,13:07:03,Avis,https://avis.mx/,OK,200,1.12
26/04/2026,13:07:03,National,https://nationalcar.com.mx/,OK,200,3.69
26/04/2026,13:07:03,Alamo,https://www.alamo.com.mx/es,OK,200,1.11
26/04/2026,13:07:03,Mex Rent A Car,https://mexrentacar.com/es/index,OK,200,1.09
26/04/2026,13:07:03,Budget,https://budget.com.mx/#/,OK,200,0.48
26/04/2026,13:07:03,Localiza,https://www.localiza.com/mexico/es-mx,OK,200,0.92
26/04/2026,13:07:03,Enterprise,https://enterprise.mx/,OK,200,2.39
26/04/2026,13:07:03,Europcar,https://www.europcar.com.mx/,OK,200,0.56
26/04/2026,14:50:58,Hertz,https://www.hertzmexico.com/,OK,200,0.35
26/04/2026,14:50:58,Dollar,https://dollarmexico.com.mx/,OK,200,0.38
26/04/2026,14:50:58,Thrifty,https://www.thrifty.com.mx/,OK,200,0.46
26/04/2026,14:50:58,Firefly,https://www.fireflycarrental.com.mx/,OK,200,0.47
26/04/2026,14:50:58,Avis,https://avis.mx/,OK,200,1.22
26/04/2026,14:50:58,National,https://nationalcar.com.mx/,OK,200,3.18
26/04/2026,14:50:58,Alamo,https://www.alamo.com.mx/es,OK,200,1.43
26/04/2026,14:50:58,Mex Rent A Car,https://mexrentacar.com/es/index,OK,200,0.64
26/04/2026,14:50:58,Budget,https://budget.com.mx/#/,OK,200,0.45
26/04/2026,14:50:58,Localiza,https://www.localiza.com/mexico/es-mx,OK,200,1.37
26/04/2026,14:50:58,Enterprise,https://enterprise.mx/,OK,200,1.96
26/04/2026,14:50:58,Europcar,https://www.europcar.com.mx/,OK,200,0.74
26/04/2026,16:50:26,Hertz,https://www.hertzmexico.com/,OK,200,0.35
26/04/2026,16:50:26,Dollar,https://dollarmexico.com.mx/,OK,200,0.4
26/04/2026,16:50:26,Thrifty,https://www.thrifty.com.mx/,OK,200,0.43
26/04/2026,16:50:26,Firefly,https://www.fireflycarrental.com.mx/,OK,200,0.56
26/04/2026,16:50:26,Avis,https://avis.mx/,OK,200,0.92
26/04/2026,16:50:26,National,https://nationalcar.com.mx/,OK,200,2.22
26/04/2026,16:50:26,Alamo,https://www.alamo.com.mx/es,OK,200,1.69
26/04/2026,16:50:26,Mex Rent A Car,https://mexrentacar.com/es/index,OK,200,0.52
26/04/2026,16:50:26,Budget,https://budget.com.mx/#/,OK,200,0.52
26/04/2026,16:50:26,Localiza,https://www.localiza.com/mexico/es-mx,OK,200,2.54
26/04/2026,16:50:26,Enterprise,https://enterprise.mx/,OK,200,1.5
26/04/2026,16:50:26,Europcar,https://www.europcar.com.mx/,OK,200,0.98
26/04/2026,21:49:41,Hertz,https://www.hertzmexico.com/,OK,200,0.3
26/04/2026,21:49:41,Dollar,https://dollarmexico.com.mx/,OK,200,0.43
26/04/2026,21:49:41,Thrifty,https://www.thrifty.com.mx/,OK,200,0.48
26/04/2026,21:49:41,Firefly,https://www.fireflycarrental.com.mx/,OK,200,0.52
26/04/2026,21:49:41,Avis,https://avis.mx/,OK,200,0.88
26/04/2026,21:49:41,National,https://nationalcar.com.mx/,OK,200,2.41
26/04/2026,21:49:41,Alamo,https://www.alamo.com.mx/es,OK,200,1.76
26/04/2026,21:49:41,Mex Rent A Car,https://mexrentacar.com/es/index,OK,200,0.58
26/04/2026,21:49:41,Budget,https://budget.com.mx/#/,OK,200,0.52
26/04/2026,21:49:41,Localiza,https://www.localiza.com/mexico/es-mx,OK,200,1.45
26/04/2026,21:49:41,Enterprise,https://enterprise.mx/,OK,200,13.23
26/04/2026,21:49:41,Europcar,https://www.europcar.com.mx/,OK,200,0.77
27/04/2026,00:35:53,Hertz,https://www.hertzmexico.com/,OK,200,0.33
27/04/2026,00:35:53,Dollar,https://dollarmexico.com.mx/,OK,200,0.29
27/04/2026,00:35:53,Thrifty,https://www.thrifty.com.mx/,OK,200,0.55
27/04/2026,00:35:53,Firefly,https://www.fireflycarrental.com.mx/,OK,200,0.49
27/04/2026,00:35:53,Avis,https://avis.mx/,OK,200,1.13
27/04/2026,00:35:53,National,https://nationalcar.com.mx/,OK,200,3.81
27/04/2026,00:35:53,Alamo,https://www.alamo.com.mx/es,OK,200,1.18
27/04/2026,00:35:53,Mex Rent A Car,https://mexrentacar.com/es/index,OK,200,1.06
27/04/2026,00:35:53,Budget,https://budget.com.mx/#/,OK,200,0.64
27/04/2026,00:35:53,Localiza,https://www.localiza.com/mexico/es-mx,OK,200,1.53
27/04/2026,00:35:53,Enterprise,https://enterprise.mx/,OK,200,2.44
27/04/2026,00:35:53,Europcar,https://www.europcar.com.mx/,OK,200,0.55
27/04/2026,04:24:48,Hertz,https://www.hertzmexico.com/,OK,200,0.28
27/04/2026,04:24:48,Dollar,https://dollarmexico.com.mx/,OK,200,0.56
27/04/2026,04:24:48,Thrifty,https://www.thrifty.com.mx/,OK,200,0.49
27/04/2026,04:24:48,Firefly,https://www.fireflycarrental.com.mx/,OK,200,0.76
27/04/2026,04:24:48,Avis,https://avis.mx/,OK,200,0.89
27/04/2026,04:24:48,National,https://nationalcar.com.mx/,OK,200,2.42
27/04/2026,04:24:48,Alamo,https://www.alamo.com.mx/es,OK,200,1.73
27/04/2026,04:24:48,Mex Rent A Car,https://mexrentacar.com/es/index,OK,200,0.6
27/04/2026,04:24:48,Budget,https://budget.com.mx/#/,OK,200,0.78
27/04/2026,04:24:48,Localiza,https://www.localiza.com/mexico/es-mx,OK,200,1.02
27/04/2026,04:24:48,Enterprise,https://enterprise.mx/,OK,200,15.29
27/04/2026,04:24:48,Europcar,https://www.europcar.com.mx/,OK,200,0.73
27/04/2026,08:16:35,Hertz,https://www.hertzmexico.com/,OK,200,0.31
27/04/2026,08:16:35,Dollar,https://dollarmexico.com.mx/,OK,200,0.36
27/04/2026,08:16:35,Thrifty,https://www.thrifty.com.mx/,OK,200,0.49
27/04/2026,08:16:35,Firefly,https://www.fireflycarrental.com.mx/,OK,200,0.39
27/04/2026,08:16:35,Avis,https://avis.mx/,OK,200,0.79
27/04/2026,08:16:35,National,https://nationalcar.com.mx/,OK,200,3.37
27/04/2026,08:16:35,Alamo,https://www.alamo.com.mx/es,OK,200,1.61
27/04/2026,08:16:35,Mex Rent A Car,https://mexrentacar.com/es/index,OK,200,0.89
27/04/2026,08:16:35,Budget,https://budget.com.mx/#/,OK,200,0.46
27/04/2026,08:16:35,Localiza,https://www.localiza.com/mexico/es-mx,OK,200,1.76
27/04/2026,08:16:35,Enterprise,https://enterprise.mx/,OK,200,2.05
27/04/2026,08:16:35,Europcar,https://www.europcar.com.mx/,OK,200,0.68
27/04/2026,11:38:04,Hertz,https://www.hertzmexico.com/,OK,200,0.23
27/04/2026,11:38:04,Dollar,https://dollarmexico.com.mx/,OK,200,0.84
27/04/2026,11:38:04,Thrifty,https://www.thrifty.com.mx/,OK,200,0.38
27/04/2026,11:38:04,Firefly,https://www.fireflycarrental.com.mx/,OK,200,0.32
27/04/2026,11:38:04,Avis,https://avis.mx/,OK,200,0.92
27/04/2026,11:38:04,National,https://nationalcar.com.mx/,OK,200,2.08
27/04/2026,11:38:04,Alamo,https://www.alamo.com.mx/es,OK,200,1.69
27/04/2026,11:38:04,Mex Rent A Car,https://mexrentacar.com/es/index,OK,200,0.44
27/04/2026,11:38:04,Budget,https://budget.com.mx/#/,OK,200,0.7
27/04/2026,11:38:04,Localiza,https://www.localiza.com/mexico/es-mx,OK,200,1.78
27/04/2026,11:38:04,Enterprise,https://enterprise.mx/,OK,200,1.41
27/04/2026,11:38:04,Europcar,https://www.europcar.com.mx/,OK,200,0.68
27/04/2026,13:44:00,Hertz,https://www.hertzmexico.com/,OK,200,0.36
27/04/2026,13:44:00,Dollar,https://dollarmexico.com.mx/,OK,200,0.64
27/04/2026,13:44:00,Thrifty,https://www.thrifty.com.mx/,OK,200,0.38
27/04/2026,13:44:00,Firefly,https://www.fireflycarrental.com.mx/,OK,200,0.58
27/04/2026,13:44:00,Avis,https://avis.mx/,OK,200,0.93
27/04/2026,13:44:00,National,https://nationalcar.com.mx/,OK,200,2.33
27/04/2026,13:44:00,Alamo,https://www.alamo.com.mx/es,OK,200,1.85
27/04/2026,13:44:00,Mex Rent A Car,https://mexrentacar.com/es/index,OK,200,0.47
27/04/2026,13:44:00,Budget,https://budget.com.mx/#/,OK,200,0.75
27/04/2026,13:44:00,Localiza,https://www.localiza.com/mexico/es-mx,OK,200,1.22
27/04/2026,13:44:00,Enterprise,https://enterprise.mx/,OK,200,1.48
27/04/2026,13:44:00,Europcar,https://www.europcar.com.mx/,OK,200,0.78
27/04/2026,15:11:39,Hertz,https://www.hertzmexico.com/,OK,200,0.35
27/04/2026,15:11:39,Dollar,https://dollarmexico.com.mx/,OK,200,0.47
27/04/2026,15:11:39,Thrifty,https://www.thrifty.com.mx/,OK,200,0.5
27/04/2026,15:11:39,Firefly,https://www.fireflycarrental.com.mx/,OK,200,0.51
27/04/2026,15:11:39,Avis,https://avis.mx/,OK,200,0.85
27/04/2026,15:11:39,National,https://nationalcar.com.mx/,OK,200,3.0
27/04/2026,15:11:39,Alamo,https://www.alamo.com.mx/es,OK,200,1.65
27/04/2026,15:11:39,Mex Rent A Car,https://mexrentacar.com/es/index,OK,200,0.73
27/04/2026,15:11:39,Budget,https://budget.com.mx/#/,OK,200,0.48
27/04/2026,15:11:39,Localiza,https://www.localiza.com/mexico/es-mx,OK,200,1.34
27/04/2026,15:11:39,Enterprise,https://enterprise.mx/,OK,200,1.96
27/04/2026,15:11:39,Europcar,https://www.europcar.com.mx/,OK,200,0.73
27/04/2026,16:59:49,Hertz,https://www.hertzmexico.com/,OK,200,0.37
27/04/2026,16:59:49,Dollar,https://dollarmexico.com.mx/,OK,200,0.4
27/04/2026,16:59:49,Thrifty,https://www.thrifty.com.mx/,OK,200,0.48
27/04/2026,16:59:49,Firefly,https://www.fireflycarrental.com.mx/,OK,200,0.47
27/04/2026,16:59:49,Avis,https://avis.mx/,OK,200,0.94
27/04/2026,16:59:49,National,https://nationalcar.com.mx/,OK,200,3.33
27/04/2026,16:59:49,Alamo,https://www.alamo.com.mx/es,OK,200,1.46
27/04/2026,16:59:49,Mex Rent A Car,https://mexrentacar.com/es/index,OK,200,0.64
27/04/2026,16:59:49,Budget,https://budget.com.mx/#/,OK,200,0.5
27/04/2026,16:59:49,Localiza,https://www.localiza.com/mexico/es-mx,OK,200,1.74
27/04/2026,16:59:49,Enterprise,https://enterprise.mx/,OK,200,7.97
27/04/2026,16:59:49,Europcar,https://www.europcar.com.mx/,OK,200,0.49
27/04/2026,21:54:03,Hertz,https://www.hertzmexico.com/,OK,200,0.32
27/04/2026,21:54:03,Dollar,https://dollarmexico.com.mx/,OK,200,0.49
27/04/2026,21:54:03,Thrifty,https://www.thrifty.com.mx/,OK,200,0.34
27/04/2026,21:54:03,Firefly,https://www.fireflycarrental.com.mx/,OK,200,0.47
27/04/2026,21:54:03,Avis,https://avis.mx/,OK,200,0.98
27/04/2026,21:54:03,National,https://nationalcar.com.mx/,OK,200,3.26
27/04/2026,21:54:03,Alamo,https://www.alamo.com.mx/es,OK,200,1.41
27/04/2026,21:54:03,Mex Rent A Car,https://mexrentacar.com/es/index,OK,200,0.87
27/04/2026,21:54:03,Budget,https://budget.com.mx/#/,OK,200,0.6
27/04/2026,21:54:03,Localiza,https://www.localiza.com/mexico/es-mx,OK,200,0.98
27/04/2026,21:54:03,Enterprise,https://enterprise.mx/,OK,200,2.22
27/04/2026,21:54:03,Europcar,https://www.europcar.com.mx/,OK,200,4.76
28/04/2026,00:37:12,Hertz,https://www.hertzmexico.com/,OK,200,0.33
28/04/2026,00:37:12,Dollar,https://dollarmexico.com.mx/,OK,200,0.39
28/04/2026,00:37:12,Thrifty,https://www.thrifty.com.mx/,OK,200,0.37
28/04/2026,00:37:12,Firefly,https://www.fireflycarrental.com.mx/,OK,200,0.37
28/04/2026,00:37:12,Avis,https://avis.mx/,OK,200,1.08
28/04/2026,00:37:12,National,https://nationalcar.com.mx/,OK,200,3.63
28/04/2026,00:37:12,Alamo,https://www.alamo.com.mx/es,OK,200,1.29
28/04/2026,00:37:12,Mex Rent A Car,https://mexrentacar.com/es/index,OK,200,1.18
28/04/2026,00:37:12,Budget,https://budget.com.mx/#/,OK,200,0.49
28/04/2026,00:37:12,Localiza,https://www.localiza.com/mexico/es-mx,OK,200,1.32
28/04/2026,00:37:12,Enterprise,https://enterprise.mx/,OK,200,2.43
28/04/2026,00:37:12,Europcar,https://www.europcar.com.mx/,OK,200,1.33
28/04/2026,04:23:11,Hertz,https://www.hertzmexico.com/,OK,200,0.26
28/04/2026,04:23:11,Dollar,https://dollarmexico.com.mx/,OK,200,0.29
28/04/2026,04:23:11,Thrifty,https://www.thrifty.com.mx/,OK,200,0.48
28/04/2026,04:23:11,Firefly,https://www.fireflycarrental.com.mx/,OK,200,0.39
28/04/2026,04:23:11,Avis,https://avis.mx/,OK,200,1.01
28/04/2026,04:23:11,National,https://nationalcar.com.mx/,OK,200,2.3
28/04/2026,04:23:11,Alamo,https://www.alamo.com.mx/es,OK,200,5.28
28/04/2026,04:23:11,Mex Rent A Car,https://mexrentacar.com/es/index,OK,200,0.47
28/04/2026,04:23:11,Budget,https://budget.com.mx/#/,OK,200,0.5
28/04/2026,04:23:11,Localiza,https://www.localiza.com/mexico/es-mx,OK,200,2.59
28/04/2026,04:23:11,Enterprise,https://enterprise.mx/,OK,200,1.44
28/04/2026,04:23:11,Europcar,https://www.europcar.com.mx/,OK,200,0.68
28/04/2026,08:34:00,Hertz,https://www.hertzmexico.com/,OK,200,0.29
28/04/2026,08:34:00,Dollar,https://dollarmexico.com.mx/,OK,200,0.5
28/04/2026,08:34:00,Thrifty,https://www.thrifty.com.mx/,OK,200,0.37
28/04/2026,08:34:00,Firefly,https://www.fireflycarrental.com.mx/,OK,200,1.04
28/04/2026,08:34:00,Avis,https://avis.mx/,OK,200,0.86
28/04/2026,08:34:00,National,https://nationalcar.com.mx/,OK,200,2.35
28/04/2026,08:34:00,Alamo,https://www.alamo.com.mx/es,OK,200,1.68
28/04/2026,08:34:00,Mex Rent A Car,https://mexrentacar.com/es/index,OK,200,0.48
28/04/2026,08:34:00,Budget,https://budget.com.mx/#/,OK,200,0.73
28/04/2026,08:34:00,Localiza,https://www.localiza.com/mexico/es-mx,OK,200,0.96
28/04/2026,08:34:00,Enterprise,https://enterprise.mx/,OK,200,1.82
28/04/2026,08:34:00,Europcar,https://www.europcar.com.mx/,OK,200,0.76
28/04/2026,11:53:07,Hertz,https://www.hertzmexico.com/,OK,200,0.27
28/04/2026,11:53:07,Dollar,https://dollarmexico.com.mx/,OK,200,0.39
28/04/2026,11:53:07,Thrifty,https://www.thrifty.com.mx/,OK,200,0.39
28/04/2026,11:53:07,Firefly,https://www.fireflycarrental.com.mx/,OK,200,0.56
28/04/2026,11:53:07,Avis,https://avis.mx/,OK,200,0.95
28/04/2026,11:53:07,National,https://nationalcar.com.mx/,OK,200,2.27
28/04/2026,11:53:07,Alamo,https://www.alamo.com.mx/es,OK,200,1.64
28/04/2026,11:53:07,Mex Rent A Car,https://mexrentacar.com/es/index,OK,200,0.54
28/04/2026,11:53:07,Budget,https://budget.com.mx/#/,OK,200,0.48
28/04/2026,11:53:07,Localiza,https://www.localiza.com/mexico/es-mx,OK,200,1.07
28/04/2026,11:53:07,Enterprise,https://enterprise.mx/,OK,200,1.45
28/04/2026,11:53:07,Europcar,https://www.europcar.com.mx/,OK,200,0.77
28/04/2026,13:51:37,Hertz,https://www.hertzmexico.com/,OK,200,0.26
28/04/2026,13:51:37,Dollar,https://dollarmexico.com.mx/,OK,200,0.38
28/04/2026,13:51:37,Thrifty,https://www.thrifty.com.mx/,OK,200,0.44
28/04/2026,13:51:37,Firefly,https://www.fireflycarrental.com.mx/,OK,200,0.4
28/04/2026,13:51:37,Avis,https://avis.mx/,OK,200,1.27
28/04/2026,13:51:37,National,https://nationalcar.com.mx/,OK,200,3.72
28/04/2026,13:51:37,Alamo,https://www.alamo.com.mx/es,OK,200,1.36
28/04/2026,13:51:37,Mex Rent A Car,https://mexrentacar.com/es/index,OK,200,1.16
28/04/2026,13:51:37,Budget,https://budget.com.mx/#/,OK,200,0.58
28/04/2026,13:51:37,Localiza,https://www.localiza.com/mexico/es-mx,OK,200,1.71
28/04/2026,13:51:37,Enterprise,https://enterprise.mx/,OK,200,2.44
28/04/2026,13:51:37,Europcar,https://www.europcar.com.mx/,OK,200,0.64
28/04/2026,15:13:38,Hertz,https://www.hertzmexico.com/,OK,200,0.36
28/04/2026,15:13:38,Dollar,https://dollarmexico.com.mx/,OK,200,0.47
28/04/2026,15:13:38,Thrifty,https://www.thrifty.com.mx/,OK,200,0.46
28/04/2026,15:13:38,Firefly,https://www.fireflycarrental.com.mx/,OK,200,0.61
28/04/2026,15:13:38,Avis,https://avis.mx/,OK,200,0.88
28/04/2026,15:13:38,National,https://nationalcar.com.mx/,OK,200,3.16
28/04/2026,15:13:38,Alamo,https://www.alamo.com.mx/es,OK,200,1.47
28/04/2026,15:13:38,Mex Rent A Car,https://mexrentacar.com/es/index,OK,200,0.65
28/04/2026,15:13:38,Budget,https://budget.com.mx/#/,OK,200,0.55
28/04/2026,15:13:38,Localiza,https://www.localiza.com/mexico/es-mx,OK,200,1.71
28/04/2026,15:13:38,Enterprise,https://enterprise.mx/,OK,200,1.8
28/04/2026,15:13:38,Europcar,https://www.europcar.com.mx/,OK,200,0.69
28/04/2026,17:01:49,Hertz,https://www.hertzmexico.com/,OK,200,0.34
28/04/2026,17:01:49,Dollar,https://dollarmexico.com.mx/,OK,200,0.4
28/04/2026,17:01:49,Thrifty,https://www.thrifty.com.mx/,OK,200,0.46
28/04/2026,17:01:49,Firefly,https://www.fireflycarrental.com.mx/,OK,200,0.44
28/04/2026,17:01:49,Avis,https://avis.mx/,OK,200,0.84
28/04/2026,17:01:49,National,https://nationalcar.com.mx/,OK,200,3.13
28/04/2026,17:01:49,Alamo,https://www.alamo.com.mx/es,OK,200,1.42
28/04/2026,17:01:49,Mex Rent A Car,https://mexrentacar.com/es/index,OK,200,0.73
28/04/2026,17:01:49,Budget,https://budget.com.mx/#/,OK,200,0.49
28/04/2026,17:01:49,Localiza,https://www.localiza.com/mexico/es-mx,OK,200,1.38
28/04/2026,17:01:49,Enterprise,https://enterprise.mx/,OK,200,1.91
28/04/2026,17:01:49,Europcar,https://www.europcar.com.mx/,OK,200,0.7
28/04/2026,21:51:10,Hertz,https://www.hertzmexico.com/,OK,200,0.32
28/04/2026,21:51:10,Dollar,https://dollarmexico.com.mx/,OK,200,0.33
28/04/2026,21:51:10,Thrifty,https://www.thrifty.com.mx/,OK,200,0.34
28/04/2026,21:51:10,Firefly,https://www.fireflycarrental.com.mx/,OK,200,0.4
28/04/2026,21:51:10,Avis,https://avis.mx/,OK,200,0.89
28/04/2026,21:51:10,National,https://nationalcar.com.mx/,OK,200,2.35
28/04/2026,21:51:10,Alamo,https://www.alamo.com.mx/es,OK,200,1.62
28/04/2026,21:51:10,Mex Rent A Car,https://mexrentacar.com/es/index,OK,200,0.52
28/04/2026,21:51:10,Budget,https://budget.com.mx/#/,OK,200,0.73
28/04/2026,21:51:10,Localiza,https://www.localiza.com/mexico/es-mx,OK,200,1.6
28/04/2026,21:51:10,Enterprise,https://enterprise.mx/,OK,200,1.47
28/04/2026,21:51:10,Europcar,https://www.europcar.com.mx/,OK,200,0.78
29/04/2026,00:30:16,Hertz,https://www.hertzmexico.com/,OK,200,0.28
29/04/2026,00:30:16,Dollar,https://dollarmexico.com.mx/,OK,200,0.41
29/04/2026,00:30:16,Thrifty,https://www.thrifty.com.mx/,OK,200,0.76
29/04/2026,00:30:16,Firefly,https://www.fireflycarrental.com.mx/,OK,200,0.47
29/04/2026,00:30:16,Avis,https://avis.mx/,OK,200,0.98
29/04/2026,00:30:16,National,https://nationalcar.com.mx/,OK,200,3.43
29/04/2026,00:30:16,Alamo,https://www.alamo.com.mx/es,OK,200,1.4
29/04/2026,00:30:16,Mex Rent A Car,https://mexrentacar.com/es/index,OK,200,0.91
29/04/2026,00:30:16,Budget,https://budget.com.mx/#/,OK,200,0.63
29/04/2026,00:30:16,Localiza,https://www.localiza.com/mexico/es-mx,OK,200,1.84
29/04/2026,00:30:16,Enterprise,https://enterprise.mx/,OK,200,2.1
29/04/2026,00:30:16,Europcar,https://www.europcar.com.mx/,OK,200,4.71
29/04/2026,04:13:08,Hertz,https://www.hertzmexico.com/,OK,200,0.45
29/04/2026,04:13:08,Dollar,https://dollarmexico.com.mx/,OK,200,0.4
29/04/2026,04:13:08,Thrifty,https://www.thrifty.com.mx/,OK,200,0.52
29/04/2026,04:13:08,Firefly,https://www.fireflycarrental.com.mx/,OK,200,3.38
29/04/2026,04:13:08,Avis,https://avis.mx/,OK,200,0.83
29/04/2026,04:13:08,National,https://nationalcar.com.mx/,OK,200,3.12
29/04/2026,04:13:08,Alamo,https://www.alamo.com.mx/es,OK,200,1.63
29/04/2026,04:13:08,Mex Rent A Car,https://mexrentacar.com/es/index,OK,200,0.75
29/04/2026,04:13:08,Budget,https://budget.com.mx/#/,OK,200,0.49
29/04/2026,04:13:08,Localiza,https://www.localiza.com/mexico/es-mx,OK,200,1.25
29/04/2026,04:13:08,Enterprise,https://enterprise.mx/,OK,200,1.83
29/04/2026,04:13:08,Europcar,https://www.europcar.com.mx/,OK,200,0.82
29/04/2026,08:22:30,Hertz,https://www.hertzmexico.com/,OK,200,0.24
29/04/2026,08:22:30,Dollar,https://dollarmexico.com.mx/,OK,200,0.35
29/04/2026,08:22:30,Thrifty,https://www.thrifty.com.mx/,OK,200,0.49
29/04/2026,08:22:30,Firefly,https://www.fireflycarrental.com.mx/,OK,200,0.43
29/04/2026,08:22:30,Avis,https://avis.mx/,OK,200,1.09
29/04/2026,08:22:30,National,https://nationalcar.com.mx/,OK,200,3.75
29/04/2026,08:22:30,Alamo,https://www.alamo.com.mx/es,OK,200,1.13
29/04/2026,08:22:30,Mex Rent A Car,https://mexrentacar.com/es/index,OK,200,1.07
29/04/2026,08:22:30,Budget,https://budget.com.mx/#/,OK,200,0.75
29/04/2026,08:22:30,Localiza,https://www.localiza.com/mexico/es-mx,OK,200,0.8
29/04/2026,08:22:30,Enterprise,https://enterprise.mx/,OK,200,2.36
29/04/2026,08:22:30,Europcar,https://www.europcar.com.mx/,OK,200,0.92
29/04/2026,11:44:55,Hertz,https://www.hertzmexico.com/,OK,200,0.35
29/04/2026,11:44:55,Dollar,https://dollarmexico.com.mx/,OK,200,0.44
29/04/2026,11:44:55,Thrifty,https://www.thrifty.com.mx/,OK,200,0.85
29/04/2026,11:44:55,Firefly,https://www.fireflycarrental.com.mx/,OK,200,1.02
29/04/2026,11:44:55,Avis,https://avis.mx/,OK,200,0.75
29/04/2026,11:44:55,National,https://nationalcar.com.mx/,OK,200,3.28
29/04/2026,11:44:55,Alamo,https://www.alamo.com.mx/es,OK,200,1.41
29/04/2026,11:44:55,Mex Rent A Car,https://mexrentacar.com/es/index,OK,200,0.64
29/04/2026,11:44:55,Budget,https://budget.com.mx/#/,OK,200,0.47
29/04/2026,11:44:55,Localiza,https://www.localiza.com/mexico/es-mx,OK,200,1.88
29/04/2026,11:44:55,Enterprise,https://enterprise.mx/,OK,200,3.07
29/04/2026,11:44:55,Europcar,https://www.europcar.com.mx/,OK,200,0.85
29/04/2026,13:47:02,Hertz,https://www.hertzmexico.com/,OK,200,0.27
29/04/2026,13:47:02,Dollar,https://dollarmexico.com.mx/,OK,200,0.36
29/04/2026,13:47:02,Thrifty,https://www.thrifty.com.mx/,OK,200,0.38
29/04/2026,13:47:02,Firefly,https://www.fireflycarrental.com.mx/,OK,200,0.44
29/04/2026,13:47:02,Avis,https://avis.mx/,OK,200,0.96
29/04/2026,13:47:02,National,https://nationalcar.com.mx/,OK,200,3.8
29/04/2026,13:47:02,Alamo,https://www.alamo.com.mx/es,OK,200,1.16
29/04/2026,13:47:02,Mex Rent A Car,https://mexrentacar.com/es/index,OK,200,1.27
29/04/2026,13:47:02,Budget,https://budget.com.mx/#/,OK,200,0.59
29/04/2026,13:47:02,Localiza,https://www.localiza.com/mexico/es-mx,OK,200,0.78
29/04/2026,13:47:02,Enterprise,https://enterprise.mx/,OK,200,2.6
29/04/2026,13:47:02,Europcar,https://www.europcar.com.mx/,OK,200,0.58
29/04/2026,15:13:56,Hertz,https://www.hertzmexico.com/,OK,200,0.38
29/04/2026,15:13:56,Dollar,https://dollarmexico.com.mx/,OK,200,0.32
29/04/2026,15:13:56,Thrifty,https://www.thrifty.com.mx/,OK,200,0.36
29/04/2026,15:13:56,Firefly,https://www.fireflycarrental.com.mx/,OK,200,0.42
29/04/2026,15:13:56,Avis,https://avis.mx/,OK,200,0.82
29/04/2026,15:13:56,National,https://nationalcar.com.mx/,OK,200,3.51
29/04/2026,15:13:56,Alamo,https://www.alamo.com.mx/es,OK,200,1.47
29/04/2026,15:13:56,Mex Rent A Car,https://mexrentacar.com/es/index,OK,200,0.91
29/04/2026,15:13:56,Budget,https://budget.com.mx/#/,OK,200,0.61
29/04/2026,15:13:56,Localiza,https://www.localiza.com/mexico/es-mx,OK,200,1.54
29/04/2026,15:13:56,Enterprise,https://enterprise.mx/,OK,200,2.34
29/04/2026,15:13:56,Europcar,https://www.europcar.com.mx/,OK,200,0.74
29/04/2026,17:02:41,Hertz,https://www.hertzmexico.com/,OK,200,0.36
29/04/2026,17:02:41,Dollar,https://dollarmexico.com.mx/,OK,200,0.37
29/04/2026,17:02:41,Thrifty,https://www.thrifty.com.mx/,OK,200,0.6
29/04/2026,17:02:41,Firefly,https://www.fireflycarrental.com.mx/,OK,200,0.38
29/04/2026,17:02:41,Avis,https://avis.mx/,OK,200,1.05
29/04/2026,17:02:41,National,https://nationalcar.com.mx/,OK,200,3.28
29/04/2026,17:02:41,Alamo,https://www.alamo.com.mx/es,OK,200,1.18
29/04/2026,17:02:41,Mex Rent A Car,https://mexrentacar.com/es/index,OK,200,0.99
29/04/2026,17:02:41,Budget,https://budget.com.mx/#/,OK,200,0.55
29/04/2026,17:02:41,Localiza,https://www.localiza.com/mexico/es-mx,OK,200,2.12
29/04/2026,17:02:41,Enterprise,https://enterprise.mx/,OK,200,2.3
29/04/2026,17:02:41,Europcar,https://www.europcar.com.mx/,OK,200,0.67
29/04/2026,21:52:01,Hertz,https://www.hertzmexico.com/,OK,200,0.32
29/04/2026,21:52:01,Dollar,https://dollarmexico.com.mx/,OK,200,0.3
29/04/2026,21:52:01,Thrifty,https://www.thrifty.com.mx/,OK,200,0.31
29/04/2026,21:52:01,Firefly,https://www.fireflycarrental.com.mx/,OK,200,0.6
29/04/2026,21:52:01,Avis,https://avis.mx/,OK,200,0.95
29/04/2026,21:52:01,National,https://nationalcar.com.mx/,OK,200,2.31
29/04/2026,21:52:01,Alamo,https://www.alamo.com.mx/es,OK,200,1.87
29/04/2026,21:52:01,Mex Rent A Car,https://mexrentacar.com/es/index,OK,200,0.51
29/04/2026,21:52:01,Budget,https://budget.com.mx/#/,OK,200,0.71
29/04/2026,21:52:01,Localiza,https://www.localiza.com/mexico/es-mx,OK,200,0.94
29/04/2026,21:52:01,Enterprise,https://enterprise.mx/,OK,200,1.47
29/04/2026,21:52:01,Europcar,https://www.europcar.com.mx/,OK,200,0.73
30/04/2026,00:34:17,Hertz,https://www.hertzmexico.com/,OK,200,0.38
30/04/2026,00:34:17,Dollar,https://dollarmexico.com.mx/,OK,200,0.5
30/04/2026,00:34:17,Thrifty,https://www.thrifty.com.mx/,OK,200,0.3
30/04/2026,00:34:17,Firefly,https://www.fireflycarrental.com.mx/,OK,200,0.75
30/04/2026,00:34:17,Avis,https://avis.mx/,OK,200,0.87
30/04/2026,00:34:17,National,https://nationalcar.com.mx/,OK,200,2.23
30/04/2026,00:34:17,Alamo,https://www.alamo.com.mx/es,OK,200,2.02
30/04/2026,00:34:17,Mex Rent A Car,https://mexrentacar.com/es/index,OK,200,0.48
30/04/2026,00:34:17,Budget,https://budget.com.mx/#/,OK,200,0.75
30/04/2026,00:34:17,Localiza,https://www.localiza.com/mexico/es-mx,OK,200,1.75
30/04/2026,00:34:17,Enterprise,https://enterprise.mx/,OK,200,1.5
30/04/2026,00:34:17,Europcar,https://www.europcar.com.mx/,OK,200,0.74
30/04/2026,04:14:23,Hertz,https://www.hertzmexico.com/,OK,200,0.34
30/04/2026,04:14:23,Dollar,https://dollarmexico.com.mx/,OK,200,0.44
30/04/2026,04:14:23,Thrifty,https://www.thrifty.com.mx/,OK,200,0.58
30/04/2026,04:14:23,Firefly,https://www.fireflycarrental.com.mx/,OK,200,0.71
30/04/2026,04:14:23,Avis,https://avis.mx/,OK,200,1.05
30/04/2026,04:14:23,National,https://nationalcar.com.mx/,OK,200,3.12
30/04/2026,04:14:23,Alamo,https://www.alamo.com.mx/es,OK,200,1.73
30/04/2026,04:14:23,Mex Rent A Car,https://mexrentacar.com/es/index,OK,200,0.82
30/04/2026,04:14:23,Budget,https://budget.com.mx/#/,OK,200,0.6
30/04/2026,04:14:23,Localiza,https://www.localiza.com/mexico/es-mx,OK,200,1.6
30/04/2026,04:14:23,Enterprise,https://enterprise.mx/,OK,200,1.87
30/04/2026,04:14:23,Europcar,https://www.europcar.com.mx/,OK,200,0.72
30/04/2026,08:17:01,Hertz,https://www.hertzmexico.com/,OK,200,0.34
30/04/2026,08:17:01,Dollar,https://dollarmexico.com.mx/,OK,200,0.39
30/04/2026,08:17:01,Thrifty,https://www.thrifty.com.mx/,OK,200,0.52
30/04/2026,08:17:01,Firefly,https://www.fireflycarrental.com.mx/,OK,200,0.53
30/04/2026,08:17:01,Avis,https://avis.mx/,OK,200,0.99
30/04/2026,08:17:01,National,https://nationalcar.com.mx/,OK,200,3.26
30/04/2026,08:17:01,Alamo,https://www.alamo.com.mx/es,OK,200,1.7
30/04/2026,08:17:01,Mex Rent A Car,https://mexrentacar.com/es/index,OK,200,0.83
30/04/2026,08:17:01,Budget,https://budget.com.mx/#/,OK,200,0.5
30/04/2026,08:17:01,Localiza,https://www.localiza.com/mexico/es-mx,OK,200,1.17
30/04/2026,08:17:01,Enterprise,https://enterprise.mx/,OK,200,1.94
30/04/2026,08:17:01,Europcar,https://www.europcar.com.mx/,OK,200,0.71
30/04/2026,11:39:35,Hertz,https://www.hertzmexico.com/,OK,200,0.42
30/04/2026,11:39:35,Dollar,https://dollarmexico.com.mx/,OK,200,0.44
30/04/2026,11:39:35,Thrifty,https://www.thrifty.com.mx/,OK,200,0.36
30/04/2026,11:39:35,Firefly,https://www.fireflycarrental.com.mx/,OK,200,0.42
30/04/2026,11:39:35,Avis,https://avis.mx/,OK,200,1.01
30/04/2026,11:39:35,National,https://nationalcar.com.mx/,OK,200,3.4
30/04/2026,11:39:35,Alamo,https://www.alamo.com.mx/es,OK,200,1.16
30/04/2026,11:39:35,Mex Rent A Car,https://mexrentacar.com/es/index,OK,200,0.96
30/04/2026,11:39:35,Budget,https://budget.com.mx/#/,OK,200,0.61
30/04/2026,11:39:35,Localiza,https://www.localiza.com/mexico/es-mx,OK,200,1.01
30/04/2026,11:39:35,Enterprise,https://enterprise.mx/,OK,200,2.18
30/04/2026,11:39:35,Europcar,https://www.europcar.com.mx/,OK,200,0.83
30/04/2026,13:44:20,Hertz,https://www.hertzmexico.com/,OK,200,0.3
30/04/2026,13:44:20,Dollar,https://dollarmexico.com.mx/,OK,200,0.39
30/04/2026,13:44:20,Thrifty,https://www.thrifty.com.mx/,OK,200,0.49
30/04/2026,13:44:20,Firefly,https://www.fireflycarrental.com.mx/,OK,200,0.43
30/04/2026,13:44:20,Avis,https://avis.mx/,OK,200,1.17
30/04/2026,13:44:20,National,https://nationalcar.com.mx/,OK,200,3.63
30/04/2026,13:44:20,Alamo,https://www.alamo.com.mx/es,OK,200,1.33
30/04/2026,13:44:20,Mex Rent A Car,https://mexrentacar.com/es/index,OK,200,1.15
30/04/2026,13:44:20,Budget,https://budget.com.mx/#/,OK,200,0.72
30/04/2026,13:44:20,Localiza,https://www.localiza.com/mexico/es-mx,OK,200,1.34
30/04/2026,13:44:20,Enterprise,https://enterprise.mx/,OK,200,2.38
30/04/2026,13:44:20,Europcar,https://www.europcar.com.mx/,OK,200,0.61
30/04/2026,15:10:22,Hertz,https://www.hertzmexico.com/,OK,200,0.27
30/04/2026,15:10:22,Dollar,https://dollarmexico.com.mx/,OK,200,0.47
30/04/2026,15:10:22,Thrifty,https://www.thrifty.com.mx/,OK,200,0.49
30/04/2026,15:10:22,Firefly,https://www.fireflycarrental.com.mx/,OK,200,0.37
30/04/2026,15:10:22,Avis,https://avis.mx/,OK,200,0.95
30/04/2026,15:10:22,National,https://nationalcar.com.mx/,OK,200,3.36
30/04/2026,15:10:22,Alamo,https://www.alamo.com.mx/es,OK,200,1.21
30/04/2026,15:10:22,Mex Rent A Car,https://mexrentacar.com/es/index,OK,200,0.99
30/04/2026,15:10:22,Budget,https://budget.com.mx/#/,OK,200,0.65
30/04/2026,15:10:22,Localiza,https://www.localiza.com/mexico/es-mx,OK,200,1.41
30/04/2026,15:10:22,Enterprise,https://enterprise.mx/,OK,200,1.89
30/04/2026,15:10:22,Europcar,https://www.europcar.com.mx/,OK,200,0.67
30/04/2026,17:00:00,Hertz,https://www.hertzmexico.com/,OK,200,0.34
30/04/2026,17:00:00,Dollar,https://dollarmexico.com.mx/,OK,200,0.38
30/04/2026,17:00:00,Thrifty,https://www.thrifty.com.mx/,OK,200,0.43
30/04/2026,17:00:00,Firefly,https://www.fireflycarrental.com.mx/,OK,200,0.51
30/04/2026,17:00:00,Avis,https://avis.mx/,OK,200,0.93
30/04/2026,17:00:00,National,https://nationalcar.com.mx/,OK,200,3.47
30/04/2026,17:00:00,Alamo,https://www.alamo.com.mx/es,OK,200,1.33
30/04/2026,17:00:00,Mex Rent A Car,https://mexrentacar.com/es/index,OK,200,0.94
30/04/2026,17:00:00,Budget,https://budget.com.mx/#/,OK,200,0.55
30/04/2026,17:00:00,Localiza,https://www.localiza.com/mexico/es-mx,OK,200,0.97
30/04/2026,17:00:00,Enterprise,https://enterprise.mx/,OK,200,2.05
30/04/2026,17:00:00,Europcar,https://www.europcar.com.mx/,OK,200,0.73
30/04/2026,22:03:35,Hertz,https://www.hertzmexico.com/,OK,200,0.34
30/04/2026,22:03:35,Dollar,https://dollarmexico.com.mx/,OK,200,0.5
30/04/2026,22:03:35,Thrifty,https://www.thrifty.com.mx/,OK,200,0.48
30/04/2026,22:03:35,Firefly,https://www.fireflycarrental.com.mx/,OK,200,0.47
30/04/2026,22:03:35,Avis,https://avis.mx/,OK,200,0.79
30/04/2026,22:03:35,National,https://nationalcar.com.mx/,OK,200,3.34
30/04/2026,22:03:35,Alamo,https://www.alamo.com.mx/es,OK,200,1.24
30/04/2026,22:03:35,Mex Rent A Car,https://mexrentacar.com/es/index,OK,200,0.92
30/04/2026,22:03:35,Budget,https://budget.com.mx/#/,OK,200,0.51
30/04/2026,22:03:35,Localiza,https://www.localiza.com/mexico/es-mx,OK,200,1.14
30/04/2026,22:03:35,Enterprise,https://enterprise.mx/,OK,200,1.98
30/04/2026,22:03:35,Europcar,https://www.europcar.com.mx/,OK,200,0.64
1/05/2026,02:22:43,Hertz,https://www.hertzmexico.com/,OK,200,0.3
1/05/2026,02:22:43,Dollar,https://dollarmexico.com.mx/,OK,200,0.37
1/05/2026,02:22:43,Thrifty,https://www.thrifty.com.mx/,OK,200,0.49
1/05/2026,02:22:43,Firefly,https://www.fireflycarrental.com.mx/,OK,200,0.49
1/05/2026,02:22:43,Avis,https://avis.mx/,OK,200,1.03
1/05/2026,02:22:43,National,https://nationalcar.com.mx/,OK,200,3.63
1/05/2026,02:22:43,Alamo,https://www.alamo.com.mx/es,OK,200,1.3
1/05/2026,02:22:43,Mex Rent A Car,https://mexrentacar.com/es/index,OK,200,1.08
1/05/2026,02:22:43,Budget,https://budget.com.mx/#/,OK,200,0.52
1/05/2026,02:22:43,Localiza,https://www.localiza.com/mexico/es-mx,OK,200,1.89
1/05/2026,02:22:43,Enterprise,https://enterprise.mx/,OK,200,2.59
1/05/2026,02:22:43,Europcar,https://www.europcar.com.mx/,OK,200,1.38
1/05/2026,05:14:53,Hertz,https://www.hertzmexico.com/,OK,200,0.32
1/05/2026,05:14:53,Dollar,https://dollarmexico.com.mx/,OK,200,4.61
1/05/2026,05:14:53,Thrifty,https://www.thrifty.com.mx/,OK,200,0.6
1/05/2026,05:14:53,Firefly,https://www.fireflycarrental.com.mx/,OK,200,0.88
1/05/2026,05:14:53,Avis,https://avis.mx/,OK,200,0.97
1/05/2026,05:14:53,National,https://nationalcar.com.mx/,OK,200,2.28
1/05/2026,05:14:53,Alamo,https://www.alamo.com.mx/es,OK,200,2.02
1/05/2026,05:14:53,Mex Rent A Car,https://mexrentacar.com/es/index,OK,200,0.48
1/05/2026,05:14:53,Budget,https://budget.com.mx/#/,OK,200,0.75
1/05/2026,05:14:53,Localiza,https://www.localiza.com/mexico/es-mx,OK,200,0.96
1/05/2026,05:14:53,Enterprise,https://enterprise.mx/,OK,200,2.42
1/05/2026,05:14:53,Europcar,https://www.europcar.com.mx/,OK,200,4.89
1/05/2026,07:44:47,Hertz,https://www.hertzmexico.com/,OK,200,0.35
1/05/2026,07:44:47,Dollar,https://dollarmexico.com.mx/,OK,200,0.54
1/05/2026,07:44:47,Thrifty,https://www.thrifty.com.mx/,OK,200,0.46
1/05/2026,07:44:47,Firefly,https://www.fireflycarrental.com.mx/,OK,200,0.56
1/05/2026,07:44:47,Avis,https://avis.mx/,OK,200,0.93
1/05/2026,07:44:47,National,https://nationalcar.com.mx/,OK,200,3.43
1/05/2026,07:44:47,Alamo,https://www.alamo.com.mx/es,OK,200,1.42
1/05/2026,07:44:47,Mex Rent A Car,https://mexrentacar.com/es/index,OK,200,0.65
1/05/2026,07:44:47,Budget,https://budget.com.mx/#/,OK,200,0.48
1/05/2026,07:44:47,Localiza,https://www.localiza.com/mexico/es-mx,OK,200,2.79
1/05/2026,07:44:47,Enterprise,https://enterprise.mx/,OK,200,3.74
1/05/2026,07:44:47,Europcar,https://www.europcar.com.mx/,OK,200,0.71
1/05/2026,09:04:12,Hertz,https://www.hertzmexico.com/,OK,200,0.37
1/05/2026,09:04:12,Dollar,https://dollarmexico.com.mx/,OK,200,0.39
1/05/2026,09:04:12,Thrifty,https://www.thrifty.com.mx/,OK,200,0.47
1/05/2026,09:04:12,Firefly,https://www.fireflycarrental.com.mx/,OK,200,0.57
1/05/2026,09:04:12,Avis,https://avis.mx/,OK,200,1.07
1/05/2026,09:04:12,National,https://nationalcar.com.mx/,OK,200,3.26
1/05/2026,09:04:12,Alamo,https://www.alamo.com.mx/es,OK,200,1.69
1/05/2026,09:04:12,Mex Rent A Car,https://mexrentacar.com/es/index,OK,200,4.43
1/05/2026,09:04:12,Budget,https://budget.com.mx/#/,OK,200,0.57
1/05/2026,09:04:12,Localiza,https://www.localiza.com/mexico/es-mx,OK,200,1.67
1/05/2026,09:04:12,Enterprise,https://enterprise.mx/,OK,200,1.95
1/05/2026,09:04:12,Europcar,https://www.europcar.com.mx/,OK,200,0.74
1/05/2026,11:06:09,Hertz,https://www.hertzmexico.com/,OK,200,0.32
1/05/2026,11:06:09,Dollar,https://dollarmexico.com.mx/,OK,200,0.39
1/05/2026,11:06:09,Thrifty,https://www.thrifty.com.mx/,OK,200,0.46
1/05/2026,11:06:09,Firefly,https://www.fireflycarrental.com.mx/,OK,200,0.57
1/05/2026,11:06:09,Avis,https://avis.mx/,OK,200,1.15
1/05/2026,11:06:09,National,https://nationalcar.com.mx/,OK,200,3.68
1/05/2026,11:06:09,Alamo,https://www.alamo.com.mx/es,OK,200,1.16
1/05/2026,11:06:09,Mex Rent A Car,https://mexrentacar.com/es/index,OK,200,1.2
1/05/2026,11:06:09,Budget,https://budget.com.mx/#/,OK,200,0.68
1/05/2026,11:06:09,Localiza,https://www.localiza.com/mexico/es-mx,OK,200,1.2
1/05/2026,11:06:09,Enterprise,https://enterprise.mx/,OK,200,2.36
1/05/2026,11:06:09,Europcar,https://www.europcar.com.mx/,OK,200,3.24
1/05/2026,13:22:48,Hertz,https://www.hertzmexico.com/,OK,200,0.25
1/05/2026,13:22:48,Dollar,https://dollarmexico.com.mx/,OK,200,0.34
1/05/2026,13:22:48,Thrifty,https://www.thrifty.com.mx/,OK,200,0.47
1/05/2026,13:22:48,Firefly,https://www.fireflycarrental.com.mx/,OK,200,0.48
1/05/2026,13:22:48,Avis,https://avis.mx/,OK,200,1.07
1/05/2026,13:22:48,National,https://nationalcar.com.mx/,OK,200,3.59
1/05/2026,13:22:48,Alamo,https://www.alamo.com.mx/es,OK,200,1.22
1/05/2026,13:22:48,Mex Rent A Car,https://mexrentacar.com/es/index,OK,200,1.06
1/05/2026,13:22:48,Budget,https://budget.com.mx/#/,OK,200,0.73
1/05/2026,13:22:48,Localiza,https://www.localiza.com/mexico/es-mx,OK,200,1.27
1/05/2026,13:22:48,Enterprise,https://enterprise.mx/,OK,200,2.49
1/05/2026,13:22:48,Europcar,https://www.europcar.com.mx/,OK,200,2.11
1/05/2026,15:02:22,Hertz,https://www.hertzmexico.com/,OK,200,0.53
1/05/2026,15:02:22,Dollar,https://dollarmexico.com.mx/,OK,200,0.27
1/05/2026,15:02:22,Thrifty,https://www.thrifty.com.mx/,OK,200,0.28
1/05/2026,15:02:22,Firefly,https://www.fireflycarrental.com.mx/,OK,200,0.29
1/05/2026,15:02:22,Avis,https://avis.mx/,OK,200,0.9
1/05/2026,15:02:22,National,https://nationalcar.com.mx/,OK,200,3.24
1/05/2026,15:02:22,Alamo,https://www.alamo.com.mx/es,OK,200,1.24
1/05/2026,15:02:22,Mex Rent A Car,https://mexrentacar.com/es/index,OK,200,0.9
1/05/2026,15:02:22,Budget,https://budget.com.mx/#/,OK,200,0.47
1/05/2026,15:02:22,Localiza,https://www.localiza.com/mexico/es-mx,OK,200,3.39
1/05/2026,15:02:22,Enterprise,https://enterprise.mx/,OK,200,2.21
1/05/2026,15:02:22,Europcar,https://www.europcar.com.mx/,OK,200,0.58
1/05/2026,16:56:42,Hertz,https://www.hertzmexico.com/,OK,200,0.3
1/05/2026,16:56:42,Dollar,https://dollarmexico.com.mx/,OK,200,0.36
1/05/2026,16:56:42,Thrifty,https://www.thrifty.com.mx/,OK,200,0.76
1/05/2026,16:56:42,Firefly,https://www.fireflycarrental.com.mx/,OK,200,0.46
1/05/2026,16:56:42,Avis,https://avis.mx/,OK,200,0.95
1/05/2026,16:56:42,National,https://nationalcar.com.mx/,OK,200,2.48
1/05/2026,16:56:42,Alamo,https://www.alamo.com.mx/es,OK,200,1.7
1/05/2026,16:56:42,Mex Rent A Car,https://mexrentacar.com/es/index,OK,200,0.64
1/05/2026,16:56:42,Budget,https://budget.com.mx/#/,OK,200,0.65
1/05/2026,16:56:42,Localiza,https://www.localiza.com/mexico/es-mx,OK,200,1.2
1/05/2026,16:56:42,Enterprise,https://enterprise.mx/,OK,200,1.61
1/05/2026,16:56:42,Europcar,https://www.europcar.com.mx/,OK,200,0.85
1/05/2026,21:36:37,Hertz,https://www.hertzmexico.com/,OK,200,0.76
1/05/2026,21:36:37,Dollar,https://dollarmexico.com.mx/,OK,200,0.45
1/05/2026,21:36:37,Thrifty,https://www.thrifty.com.mx/,OK,200,0.77
1/05/2026,21:36:37,Firefly,https://www.fireflycarrental.com.mx/,OK,200,0.88
1/05/2026,21:36:37,Avis,https://avis.mx/,OK,200,0.98
1/05/2026,21:36:37,National,https://nationalcar.com.mx/,OK,200,2.54
1/05/2026,21:36:37,Alamo,https://www.alamo.com.mx/es,OK,200,2.05
1/05/2026,21:36:37,Mex Rent A Car,https://mexrentacar.com/es/index,OK,200,0.6
1/05/2026,21:36:37,Budget,https://budget.com.mx/#/,OK,200,0.56
1/05/2026,21:36:37,Localiza,https://www.localiza.com/mexico/es-mx,OK,200,0.91
1/05/2026,21:36:37,Enterprise,https://enterprise.mx/,OK,200,1.83
1/05/2026,21:36:37,Europcar,https://www.europcar.com.mx/,OK,200,0.9
2/05/2026,00:15:58,Hertz,https://www.hertzmexico.com/,OK,200,0.4
2/05/2026,00:15:58,Dollar,https://dollarmexico.com.mx/,OK,200,0.46
2/05/2026,00:15:58,Thrifty,https://www.thrifty.com.mx/,OK,200,0.34
2/05/2026,00:15:58,Firefly,https://www.fireflycarrental.com.mx/,OK,200,0.47
2/05/2026,00:15:58,Avis,https://avis.mx/,OK,200,0.91
2/05/2026,00:15:58,National,https://nationalcar.com.mx/,OK,200,3.84
2/05/2026,00:15:58,Alamo,https://www.alamo.com.mx/es,OK,200,1.14
2/05/2026,00:15:58,Mex Rent A Car,https://mexrentacar.com/es/index,OK,200,1.11
2/05/2026,00:15:58,Budget,https://budget.com.mx/#/,OK,200,0.71
2/05/2026,00:15:58,Localiza,https://www.localiza.com/mexico/es-mx,OK,200,1.17
2/05/2026,00:15:58,Enterprise,https://enterprise.mx/,OK,200,2.72
2/05/2026,00:15:58,Europcar,https://www.europcar.com.mx/,OK,200,0.66
2/05/2026,03:15:12,Hertz,https://www.hertzmexico.com/,OK,200,0.33
2/05/2026,03:15:12,Dollar,https://dollarmexico.com.mx/,OK,200,0.28
2/05/2026,03:15:12,Thrifty,https://www.thrifty.com.mx/,OK,200,0.3
2/05/2026,03:15:12,Firefly,https://www.fireflycarrental.com.mx/,OK,200,0.53
2/05/2026,03:15:12,Avis,https://avis.mx/,OK,200,1.0
2/05/2026,03:15:12,National,https://nationalcar.com.mx/,OK,200,3.56
2/05/2026,03:15:12,Alamo,https://www.alamo.com.mx/es,OK,200,1.13
2/05/2026,03:15:12,Mex Rent A Car,https://mexrentacar.com/es/index,OK,200,1.0
2/05/2026,03:15:12,Budget,https://budget.com.mx/#/,OK,200,0.44
2/05/2026,03:15:12,Localiza,https://www.localiza.com/mexico/es-mx,OK,200,1.46
2/05/2026,03:15:12,Enterprise,https://enterprise.mx/,OK,200,2.3
2/05/2026,03:15:12,Europcar,https://www.europcar.com.mx/,OK,200,1.3
2/05/2026,04:58:51,Hertz,https://www.hertzmexico.com/,OK,200,0.37
2/05/2026,04:58:51,Dollar,https://dollarmexico.com.mx/,OK,200,0.51
2/05/2026,04:58:51,Thrifty,https://www.thrifty.com.mx/,OK,200,0.51
2/05/2026,04:58:51,Firefly,https://www.fireflycarrental.com.mx/,OK,200,0.54
2/05/2026,04:58:51,Avis,https://avis.mx/,OK,200,0.76
2/05/2026,04:58:51,National,https://nationalcar.com.mx/,OK,200,3.19
2/05/2026,04:58:51,Alamo,https://www.alamo.com.mx/es,OK,200,1.43
2/05/2026,04:58:51,Mex Rent A Car,https://mexrentacar.com/es/index,OK,200,0.63
2/05/2026,04:58:51,Budget,https://budget.com.mx/#/,OK,200,0.45
2/05/2026,04:58:51,Localiza,https://www.localiza.com/mexico/es-mx,OK,200,1.16
2/05/2026,04:58:51,Enterprise,https://enterprise.mx/,OK,200,2.04
2/05/2026,04:58:51,Europcar,https://www.europcar.com.mx/,OK,200,0.74
2/05/2026,07:38:22,Hertz,https://www.hertzmexico.com/,OK,200,0.34
2/05/2026,07:38:22,Dollar,https://dollarmexico.com.mx/,OK,200,0.4
2/05/2026,07:38:22,Thrifty,https://www.thrifty.com.mx/,OK,200,0.41
2/05/2026,07:38:22,Firefly,https://www.fireflycarrental.com.mx/,OK,200,0.44
2/05/2026,07:38:22,Avis,https://avis.mx/,OK,200,0.96
2/05/2026,07:38:22,National,https://nationalcar.com.mx/,OK,200,3.23
2/05/2026,07:38:22,Alamo,https://www.alamo.com.mx/es,OK,200,1.27
2/05/2026,07:38:22,Mex Rent A Car,https://mexrentacar.com/es/index,OK,200,1.13
2/05/2026,07:38:22,Budget,https://budget.com.mx/#/,OK,200,0.51
2/05/2026,07:38:22,Localiza,https://www.localiza.com/mexico/es-mx,OK,200,1.07
2/05/2026,07:38:22,Enterprise,https://enterprise.mx/,OK,200,2.38
2/05/2026,07:38:22,Europcar,https://www.europcar.com.mx/,OK,200,1.52
2/05/2026,08:56:54,Hertz,https://www.hertzmexico.com/,OK,200,0.35
2/05/2026,08:56:54,Dollar,https://dollarmexico.com.mx/,OK,200,0.34
2/05/2026,08:56:54,Thrifty,https://www.thrifty.com.mx/,OK,200,0.79
2/05/2026,08:56:54,Firefly,https://www.fireflycarrental.com.mx/,OK,200,0.39
2/05/2026,08:56:54,Avis,https://avis.mx/,OK,200,0.86
2/05/2026,08:56:54,National,https://nationalcar.com.mx/,OK,200,2.3
2/05/2026,08:56:54,Alamo,https://www.alamo.com.mx/es,OK,200,1.73
2/05/2026,08:56:54,Mex Rent A Car,https://mexrentacar.com/es/index,OK,200,0.5
2/05/2026,08:56:54,Budget,https://budget.com.mx/#/,OK,200,0.73
2/05/2026,08:56:54,Localiza,https://www.localiza.com/mexico/es-mx,OK,200,0.85
2/05/2026,08:56:54,Enterprise,https://enterprise.mx/,OK,200,1.69
2/05/2026,08:56:54,Europcar,https://www.europcar.com.mx/,OK,200,6.12
2/05/2026,10:59:22,Hertz,https://www.hertzmexico.com/,OK,200,0.43
2/05/2026,10:59:22,Dollar,https://dollarmexico.com.mx/,OK,200,0.35
2/05/2026,10:59:22,Thrifty,https://www.thrifty.com.mx/,OK,200,0.57
2/05/2026,10:59:22,Firefly,https://www.fireflycarrental.com.mx/,OK,200,0.31
2/05/2026,10:59:22,Avis,https://avis.mx/,OK,200,0.99
2/05/2026,10:59:22,National,https://nationalcar.com.mx/,OK,200,3.67
2/05/2026,10:59:22,Alamo,https://www.alamo.com.mx/es,OK,200,1.19
2/05/2026,10:59:22,Mex Rent A Car,https://mexrentacar.com/es/index,OK,200,1.23
2/05/2026,10:59:22,Budget,https://budget.com.mx/#/,OK,200,0.45
2/05/2026,10:59:22,Localiza,https://www.localiza.com/mexico/es-mx,OK,200,1.1
2/05/2026,10:59:22,Enterprise,https://enterprise.mx/,OK,200,2.4
2/05/2026,10:59:22,Europcar,https://www.europcar.com.mx/,OK,200,0.53
2/05/2026,13:12:12,Hertz,https://www.hertzmexico.com/,OK,200,0.35
2/05/2026,13:12:12,Dollar,https://dollarmexico.com.mx/,OK,200,0.41
2/05/2026,13:12:12,Thrifty,https://www.thrifty.com.mx/,OK,200,0.49
2/05/2026,13:12:12,Firefly,https://www.fireflycarrental.com.mx/,OK,200,0.48
2/05/2026,13:12:12,Avis,https://avis.mx/,OK,200,0.91
2/05/2026,13:12:12,National,https://nationalcar.com.mx/,OK,200,3.18
2/05/2026,13:12:12,Alamo,https://www.alamo.com.mx/es,OK,200,1.34
2/05/2026,13:12:12,Mex Rent A Car,https://mexrentacar.com/es/index,OK,200,0.77
2/05/2026,13:12:12,Budget,https://budget.com.mx/#/,OK,200,0.48
2/05/2026,13:12:12,Localiza,https://www.localiza.com/mexico/es-mx,OK,200,1.19
2/05/2026,13:12:12,Enterprise,https://enterprise.mx/,OK,200,1.92
2/05/2026,13:12:12,Europcar,https://www.europcar.com.mx/,OK,200,0.68
2/05/2026,14:53:16,Hertz,https://www.hertzmexico.com/,OK,200,0.34
2/05/2026,14:53:16,Dollar,https://dollarmexico.com.mx/,OK,200,0.39
2/05/2026,14:53:16,Thrifty,https://www.thrifty.com.mx/,OK,200,0.36
2/05/2026,14:53:16,Firefly,https://www.fireflycarrental.com.mx/,OK,200,0.87
2/05/2026,14:53:16,Avis,https://avis.mx/,OK,200,0.73
2/05/2026,14:53:16,National,https://nationalcar.com.mx/,OK,200,2.33
2/05/2026,14:53:16,Alamo,https://www.alamo.com.mx/es,OK,200,1.94
2/05/2026,14:53:16,Mex Rent A Car,https://mexrentacar.com/es/index,OK,200,0.48
2/05/2026,14:53:16,Budget,https://budget.com.mx/#/,OK,200,0.46
2/05/2026,14:53:16,Localiza,https://www.localiza.com/mexico/es-mx,OK,200,1.4
2/05/2026,14:53:16,Enterprise,https://enterprise.mx/,OK,200,1.6
2/05/2026,14:53:16,Europcar,https://www.europcar.com.mx/,OK,200,0.84
2/05/2026,16:53:55,Hertz,https://www.hertzmexico.com/,OK,200,0.41
2/05/2026,16:53:55,Dollar,https://dollarmexico.com.mx/,OK,200,0.36
2/05/2026,16:53:55,Thrifty,https://www.thrifty.com.mx/,OK,200,0.43
2/05/2026,16:53:55,Firefly,https://www.fireflycarrental.com.mx/,OK,200,0.51
2/05/2026,16:53:55,Avis,https://avis.mx/,OK,200,0.84
2/05/2026,16:53:55,National,https://nationalcar.com.mx/,OK,200,3.41
2/05/2026,16:53:55,Alamo,https://www.alamo.com.mx/es,OK,200,1.47
2/05/2026,16:53:55,Mex Rent A Car,https://mexrentacar.com/es/index,OK,200,0.85
2/05/2026,16:53:55,Budget,https://budget.com.mx/#/,OK,200,0.59
2/05/2026,16:53:55,Localiza,https://www.localiza.com/mexico/es-mx,OK,200,1.77
2/05/2026,16:53:55,Enterprise,https://enterprise.mx/,OK,200,2.07
2/05/2026,16:53:55,Europcar,https://www.europcar.com.mx/,OK,200,0.64
2/05/2026,21:58:37,Hertz,https://www.hertzmexico.com/,OK,200,0.35
2/05/2026,21:58:37,Dollar,https://dollarmexico.com.mx/,OK,200,0.46
2/05/2026,21:58:37,Thrifty,https://www.thrifty.com.mx/,OK,200,0.61
2/05/2026,21:58:37,Firefly,https://www.fireflycarrental.com.mx/,OK,200,0.52
2/05/2026,21:58:37,Avis,https://avis.mx/,OK,200,0.92
2/05/2026,21:58:37,National,https://nationalcar.com.mx/,OK,200,3.13
2/05/2026,21:58:37,Alamo,https://www.alamo.com.mx/es,OK,200,1.41
2/05/2026,21:58:37,Mex Rent A Car,https://mexrentacar.com/es/index,OK,200,0.64
2/05/2026,21:58:37,Budget,https://budget.com.mx/#/,OK,200,0.49
2/05/2026,21:58:37,Localiza,https://www.localiza.com/mexico/es-mx,OK,200,4.2
2/05/2026,21:58:37,Enterprise,https://enterprise.mx/,OK,200,1.87
2/05/2026,21:58:37,Europcar,https://www.europcar.com.mx/,OK,200,0.67
3/05/2026,00:34:30,Hertz,https://www.hertzmexico.com/,OK,200,0.32
3/05/2026,00:34:30,Dollar,https://dollarmexico.com.mx/,OK,200,0.85
3/05/2026,00:34:30,Thrifty,https://www.thrifty.com.mx/,OK,200,0.65
3/05/2026,00:34:30,Firefly,https://www.fireflycarrental.com.mx/,OK,200,0.76
3/05/2026,00:34:30,Avis,https://avis.mx/,OK,200,0.92
3/05/2026,00:34:30,National,https://nationalcar.com.mx/,OK,200,2.51
3/05/2026,00:34:30,Alamo,https://www.alamo.com.mx/es,OK,200,1.72
3/05/2026,00:34:30,Mex Rent A Car,https://mexrentacar.com/es/index,OK,200,0.71
3/05/2026,00:34:30,Budget,https://budget.com.mx/#/,OK,200,0.58
3/05/2026,00:34:30,Localiza,https://www.localiza.com/mexico/es-mx,OK,200,1.27
3/05/2026,00:34:30,Enterprise,https://enterprise.mx/,OK,200,1.61
3/05/2026,00:34:30,Europcar,https://www.europcar.com.mx/,OK,200,0.9
3/05/2026,03:26:46,Hertz,https://www.hertzmexico.com/,OK,200,0.65
3/05/2026,03:26:46,Dollar,https://dollarmexico.com.mx/,OK,200,0.82
3/05/2026,03:26:46,Thrifty,https://www.thrifty.com.mx/,OK,200,0.43
3/05/2026,03:26:46,Firefly,https://www.fireflycarrental.com.mx/,OK,200,0.64
3/05/2026,03:26:46,Avis,https://avis.mx/,OK,200,0.99
3/05/2026,03:26:46,National,https://nationalcar.com.mx/,OK,200,2.27
3/05/2026,03:26:46,Alamo,https://www.alamo.com.mx/es,OK,200,1.84
3/05/2026,03:26:46,Mex Rent A Car,https://mexrentacar.com/es/index,OK,200,0.47
3/05/2026,03:26:46,Budget,https://budget.com.mx/#/,OK,200,0.46
3/05/2026,03:26:46,Localiza,https://www.localiza.com/mexico/es-mx,OK,200,1.24
3/05/2026,03:26:46,Enterprise,https://enterprise.mx/,OK,200,1.42
3/05/2026,03:26:46,Europcar,https://www.europcar.com.mx/,OK,200,0.72
3/05/2026,04:59:32,Hertz,https://www.hertzmexico.com/,OK,200,0.53
3/05/2026,04:59:32,Dollar,https://dollarmexico.com.mx/,OK,200,1.02
3/05/2026,04:59:32,Thrifty,https://www.thrifty.com.mx/,OK,200,1.91
3/05/2026,04:59:32,Firefly,https://www.fireflycarrental.com.mx/,OK,200,1.34
3/05/2026,04:59:32,Avis,https://avis.mx/,OK,200,0.91
3/05/2026,04:59:32,National,https://nationalcar.com.mx/,OK,200,2.53
3/05/2026,04:59:32,Alamo,https://www.alamo.com.mx/es,OK,200,1.65
3/05/2026,04:59:32,Mex Rent A Car,https://mexrentacar.com/es/index,OK,200,0.61
3/05/2026,04:59:32,Budget,https://budget.com.mx/#/,OK,200,0.81
3/05/2026,04:59:32,Localiza,https://www.localiza.com/mexico/es-mx,OK,200,1.27
3/05/2026,04:59:32,Enterprise,https://enterprise.mx/,OK,200,1.58
3/05/2026,04:59:32,Europcar,https://www.europcar.com.mx/,OK,200,0.77
3/05/2026,07:39:28,Hertz,https://www.hertzmexico.com/,OK,200,0.32
3/05/2026,07:39:28,Dollar,https://dollarmexico.com.mx/,OK,200,0.3
3/05/2026,07:39:28,Thrifty,https://www.thrifty.com.mx/,OK,200,0.36
3/05/2026,07:39:28,Firefly,https://www.fireflycarrental.com.mx/,OK,200,0.49
3/05/2026,07:39:28,Avis,https://avis.mx/,OK,200,1.29
3/05/2026,07:39:28,National,https://nationalcar.com.mx/,OK,200,3.83
3/05/2026,07:39:28,Alamo,https://www.alamo.com.mx/es,OK,200,1.09
3/05/2026,07:39:28,Mex Rent A Car,https://mexrentacar.com/es/index,OK,200,1.23
3/05/2026,07:39:28,Budget,https://budget.com.mx/#/,OK,200,0.65
3/05/2026,07:39:28,Localiza,https://www.localiza.com/mexico/es-mx,OK,200,1.45
3/05/2026,07:39:28,Enterprise,https://enterprise.mx/,OK,200,2.57
3/05/2026,07:39:28,Europcar,https://www.europcar.com.mx/,OK,200,0.56
3/05/2026,08:56:48,Hertz,https://www.hertzmexico.com/,OK,200,0.4
3/05/2026,08:56:48,Dollar,https://dollarmexico.com.mx/,OK,200,0.43
3/05/2026,08:56:48,Thrifty,https://www.thrifty.com.mx/,OK,200,0.5
3/05/2026,08:56:48,Firefly,https://www.fireflycarrental.com.mx/,OK,200,0.55
3/05/2026,08:56:48,Avis,https://avis.mx/,OK,200,1.1
3/05/2026,08:56:48,National,https://nationalcar.com.mx/,OK,200,3.11
3/05/2026,08:56:48,Alamo,https://www.alamo.com.mx/es,OK,200,1.5
3/05/2026,08:56:48,Mex Rent A Car,https://mexrentacar.com/es/index,OK,200,0.69
3/05/2026,08:56:48,Budget,https://budget.com.mx/#/,OK,200,0.53
3/05/2026,08:56:48,Localiza,https://www.localiza.com/mexico/es-mx,OK,200,1.61
3/05/2026,08:56:48,Enterprise,https://enterprise.mx/,OK,200,2.1
3/05/2026,08:56:48,Europcar,https://www.europcar.com.mx/,OK,200,0.78
3/05/2026,11:00:50,Hertz,https://www.hertzmexico.com/,OK,200,0.44
3/05/2026,11:00:50,Dollar,https://dollarmexico.com.mx/,OK,200,0.67
3/05/2026,11:00:50,Thrifty,https://www.thrifty.com.mx/,OK,200,0.84
3/05/2026,11:00:50,Firefly,https://www.fireflycarrental.com.mx/,OK,200,0.77
3/05/2026,11:00:50,Avis,https://avis.mx/,OK,200,1.26
3/05/2026,11:00:50,National,https://nationalcar.com.mx/,OK,200,2.66
3/05/2026,11:00:50,Alamo,https://www.alamo.com.mx/es,OK,200,1.94
3/05/2026,11:00:50,Mex Rent A Car,https://mexrentacar.com/es/index,OK,200,0.47
3/05/2026,11:00:50,Budget,https://budget.com.mx/#/,OK,200,0.85
3/05/2026,11:00:50,Localiza,https://www.localiza.com/mexico/es-mx,OK,200,1.31
3/05/2026,11:00:50,Enterprise,https://enterprise.mx/,OK,200,1.67
3/05/2026,11:00:50,Europcar,https://www.europcar.com.mx/,OK,200,4.69
3/05/2026,13:11:28,Hertz,https://www.hertzmexico.com/,OK,200,0.27
3/05/2026,13:11:28,Dollar,https://dollarmexico.com.mx/,OK,200,0.72
3/05/2026,13:11:28,Thrifty,https://www.thrifty.com.mx/,OK,200,0.49
3/05/2026,13:11:28,Firefly,https://www.fireflycarrental.com.mx/,OK,200,0.5
3/05/2026,13:11:28,Avis,https://avis.mx/,OK,200,0.99
3/05/2026,13:11:28,National,https://nationalcar.com.mx/,OK,200,2.13
3/05/2026,13:11:28,Alamo,https://www.alamo.com.mx/es,OK,200,1.86
3/05/2026,13:11:28,Mex Rent A Car,https://mexrentacar.com/es/index,OK,200,0.58
3/05/2026,13:11:28,Budget,https://budget.com.mx/#/,OK,200,0.43
3/05/2026,13:11:28,Localiza,https://www.localiza.com/mexico/es-mx,OK,200,1.23
3/05/2026,13:11:28,Enterprise,https://enterprise.mx/,OK,200,1.58
3/05/2026,13:11:28,Europcar,https://www.europcar.com.mx/,OK,200,0.73
3/05/2026,14:55:48,Hertz,https://www.hertzmexico.com/,OK,200,0.79
3/05/2026,14:55:48,Dollar,https://dollarmexico.com.mx/,OK,200,0.32
3/05/2026,14:55:48,Thrifty,https://www.thrifty.com.mx/,OK,200,0.37
3/05/2026,14:55:48,Firefly,https://www.fireflycarrental.com.mx/,OK,200,0.84
3/05/2026,14:55:48,Avis,https://avis.mx/,OK,200,0.97
3/05/2026,14:55:48,National,https://nationalcar.com.mx/,OK,200,2.23
3/05/2026,14:55:48,Alamo,https://www.alamo.com.mx/es,OK,200,2.1
3/05/2026,14:55:48,Mex Rent A Car,https://mexrentacar.com/es/index,OK,200,0.61
3/05/2026,14:55:48,Budget,https://budget.com.mx/#/,OK,200,0.46
3/05/2026,14:55:48,Localiza,https://www.localiza.com/mexico/es-mx,OK,200,0.98
3/05/2026,14:55:48,Enterprise,https://enterprise.mx/,OK,200,1.86
3/05/2026,14:55:48,Europcar,https://www.europcar.com.mx/,OK,200,4.16
3/05/2026,16:54:32,Hertz,https://www.hertzmexico.com/,OK,200,0.27
3/05/2026,16:54:32,Dollar,https://dollarmexico.com.mx/,OK,200,0.35
3/05/2026,16:54:32,Thrifty,https://www.thrifty.com.mx/,OK,200,0.46
3/05/2026,16:54:32,Firefly,https://www.fireflycarrental.com.mx/,OK,200,0.5
3/05/2026,16:54:32,Avis,https://avis.mx/,OK,200,0.93
3/05/2026,16:54:32,National,https://nationalcar.com.mx/,OK,200,3.55
3/05/2026,16:54:32,Alamo,https://www.alamo.com.mx/es,OK,200,1.03
3/05/2026,16:54:32,Mex Rent A Car,https://mexrentacar.com/es/index,OK,200,1.07
3/05/2026,16:54:32,Budget,https://budget.com.mx/#/,OK,200,0.67
3/05/2026,16:54:32,Localiza,https://www.localiza.com/mexico/es-mx,OK,200,1.08
3/05/2026,16:54:32,Enterprise,https://enterprise.mx/,OK,200,2.47
3/05/2026,16:54:32,Europcar,https://www.europcar.com.mx/,OK,200,3.24
3/05/2026,21:55:56,Hertz,https://www.hertzmexico.com/,OK,200,0.32
3/05/2026,21:55:56,Dollar,https://dollarmexico.com.mx/,OK,200,0.37
3/05/2026,21:55:56,Thrifty,https://www.thrifty.com.mx/,OK,200,0.34
3/05/2026,21:55:56,Firefly,https://www.fireflycarrental.com.mx/,OK,200,0.68
3/05/2026,21:55:56,Avis,https://avis.mx/,OK,200,1.11
3/05/2026,21:55:56,National,https://nationalcar.com.mx/,OK,200,3.77
3/05/2026,21:55:56,Alamo,https://www.alamo.com.mx/es,OK,200,1.14
3/05/2026,21:55:56,Mex Rent A Car,https://mexrentacar.com/es/index,OK,200,1.12
3/05/2026,21:55:56,Budget,https://budget.com.mx/#/,OK,200,0.64
3/05/2026,21:55:56,Localiza,https://www.localiza.com/mexico/es-mx,OK,200,1.02
3/05/2026,21:55:56,Enterprise,https://enterprise.mx/,OK,200,2.42
3/05/2026,21:55:56,Europcar,https://www.europcar.com.mx/,OK,200,0.57
4/05/2026,00:47:26,Hertz,https://www.hertzmexico.com/,OK,200,0.26
4/05/2026,00:47:26,Dollar,https://dollarmexico.com.mx/,OK,200,0.56
4/05/2026,00:47:26,Thrifty,https://www.thrifty.com.mx/,OK,200,0.48
4/05/2026,00:47:26,Firefly,https://www.fireflycarrental.com.mx/,OK,200,0.57
4/05/2026,00:47:26,Avis,https://avis.mx/,OK,200,0.82
4/05/2026,00:47:26,National,https://nationalcar.com.mx/,OK,200,2.68
4/05/2026,00:47:26,Alamo,https://www.alamo.com.mx/es,OK,200,1.76
4/05/2026,00:47:26,Mex Rent A Car,https://mexrentacar.com/es/index,OK,200,0.65
4/05/2026,00:47:26,Budget,https://budget.com.mx/#/,OK,200,0.88
4/05/2026,00:47:26,Localiza,https://www.localiza.com/mexico/es-mx,OK,200,1.13
4/05/2026,00:47:26,Enterprise,https://enterprise.mx/,OK,200,1.79
4/05/2026,00:47:26,Europcar,https://www.europcar.com.mx/,OK,200,0.77
4/05/2026,04:21:19,Hertz,https://www.hertzmexico.com/,OK,200,0.38
4/05/2026,04:21:19,Dollar,https://dollarmexico.com.mx/,OK,200,0.41
4/05/2026,04:21:19,Thrifty,https://www.thrifty.com.mx/,OK,200,0.48
4/05/2026,04:21:19,Firefly,https://www.fireflycarrental.com.mx/,OK,200,0.57
4/05/2026,04:21:19,Avis,https://avis.mx/,OK,200,0.93
4/05/2026,04:21:19,National,https://nationalcar.com.mx/,OK,200,3.06
4/05/2026,04:21:19,Alamo,https://www.alamo.com.mx/es,OK,200,1.5
4/05/2026,04:21:19,Mex Rent A Car,https://mexrentacar.com/es/index,OK,200,0.61
4/05/2026,04:21:19,Budget,https://budget.com.mx/#/,OK,200,0.5
4/05/2026,04:21:19,Localiza,https://www.localiza.com/mexico/es-mx,OK,200,0.86
4/05/2026,04:21:19,Enterprise,https://enterprise.mx/,OK,200,1.84
4/05/2026,04:21:19,Europcar,https://www.europcar.com.mx/,OK,200,0.67
4/05/2026,08:22:10,Hertz,https://www.hertzmexico.com/,OK,200,0.42
4/05/2026,08:22:10,Dollar,https://dollarmexico.com.mx/,OK,200,0.36
4/05/2026,08:22:10,Thrifty,https://www.thrifty.com.mx/,OK,200,0.43
4/05/2026,08:22:10,Firefly,https://www.fireflycarrental.com.mx/,OK,200,0.53
4/05/2026,08:22:10,Avis,https://avis.mx/,OK,200,0.75
4/05/2026,08:22:10,National,https://nationalcar.com.mx/,OK,200,3.32
4/05/2026,08:22:10,Alamo,https://www.alamo.com.mx/es,OK,200,1.1
4/05/2026,08:22:10,Mex Rent A Car,https://mexrentacar.com/es/index,OK,200,0.89
4/05/2026,08:22:10,Budget,https://budget.com.mx/#/,OK,200,0.49
4/05/2026,08:22:10,Localiza,https://www.localiza.com/mexico/es-mx,OK,200,1.38
4/05/2026,08:22:10,Enterprise,https://enterprise.mx/,OK,200,2.09
4/05/2026,08:22:10,Europcar,https://www.europcar.com.mx/,OK,200,0.8
4/05/2026,11:47:42,Hertz,https://www.hertzmexico.com/,OK,200,0.35
4/05/2026,11:47:42,Dollar,https://dollarmexico.com.mx/,OK,200,0.39
4/05/2026,11:47:42,Thrifty,https://www.thrifty.com.mx/,OK,200,0.47
4/05/2026,11:47:42,Firefly,https://www.fireflycarrental.com.mx/,OK,200,0.45
4/05/2026,11:47:42,Avis,https://avis.mx/,OK,200,0.98
4/05/2026,11:47:42,National,https://nationalcar.com.mx/,OK,200,3.13
4/05/2026,11:47:42,Alamo,https://www.alamo.com.mx/es,OK,200,1.44
4/05/2026,11:47:42,Mex Rent A Car,https://mexrentacar.com/es/index,OK,200,0.72
4/05/2026,11:47:42,Budget,https://budget.com.mx/#/,OK,200,0.45
4/05/2026,11:47:42,Localiza,https://www.localiza.com/mexico/es-mx,OK,200,1.21
4/05/2026,11:47:42,Enterprise,https://enterprise.mx/,OK,200,1.87
4/05/2026,11:47:42,Europcar,https://www.europcar.com.mx/,OK,200,0.68
4/05/2026,13:50:37,Hertz,https://www.hertzmexico.com/,OK,200,0.33
4/05/2026,13:50:37,Dollar,https://dollarmexico.com.mx/,OK,200,0.47
4/05/2026,13:50:37,Thrifty,https://www.thrifty.com.mx/,OK,200,0.38
4/05/2026,13:50:37,Firefly,https://www.fireflycarrental.com.mx/,OK,200,0.41
4/05/2026,13:50:37,Avis,https://avis.mx/,OK,200,1.18
4/05/2026,13:50:37,National,https://nationalcar.com.mx/,OK,200,3.7
4/05/2026,13:50:37,Alamo,https://www.alamo.com.mx/es,OK,200,1.2
4/05/2026,13:50:37,Mex Rent A Car,https://mexrentacar.com/es/index,OK,200,1.2
4/05/2026,13:50:37,Budget,https://budget.com.mx/#/,OK,200,0.69
4/05/2026,13:50:37,Localiza,https://www.localiza.com/mexico/es-mx,OK,200,1.51
4/05/2026,13:50:37,Enterprise,https://enterprise.mx/,OK,200,2.31
4/05/2026,13:50:37,Europcar,https://www.europcar.com.mx/,OK,200,0.65
4/05/2026,15:15:06,Hertz,https://www.hertzmexico.com/,OK,200,0.25
4/05/2026,15:15:06,Dollar,https://dollarmexico.com.mx/,OK,200,0.38
4/05/2026,15:15:06,Thrifty,https://www.thrifty.com.mx/,OK,200,0.37
4/05/2026,15:15:06,Firefly,https://www.fireflycarrental.com.mx/,OK,200,0.44
4/05/2026,15:15:06,Avis,https://avis.mx/,OK,200,1.07
4/05/2026,15:15:06,National,https://nationalcar.com.mx/,OK,200,3.68
4/05/2026,15:15:06,Alamo,https://www.alamo.com.mx/es,OK,200,1.28
4/05/2026,15:15:06,Mex Rent A Car,https://mexrentacar.com/es/index,OK,200,1.06
4/05/2026,15:15:06,Budget,https://budget.com.mx/#/,OK,200,0.7
4/05/2026,15:15:06,Localiza,https://www.localiza.com/mexico/es-mx,OK,200,1.31
4/05/2026,15:15:06,Enterprise,https://enterprise.mx/,OK,200,2.47
4/05/2026,15:15:06,Europcar,https://www.europcar.com.mx/,OK,200,0.61
4/05/2026,17:01:55,Hertz,https://www.hertzmexico.com/,OK,200,0.36
4/05/2026,17:01:55,Dollar,https://dollarmexico.com.mx/,OK,200,0.33
4/05/2026,17:01:55,Thrifty,https://www.thrifty.com.mx/,OK,200,0.66
4/05/2026,17:01:55,Firefly,https://www.fireflycarrental.com.mx/,OK,200,0.55
4/05/2026,17:01:55,Avis,https://avis.mx/,OK,200,0.97
4/05/2026,17:01:55,National,https://nationalcar.com.mx/,OK,200,3.42
4/05/2026,17:01:55,Alamo,https://www.alamo.com.mx/es,OK,200,1.38
4/05/2026,17:01:55,Mex Rent A Car,https://mexrentacar.com/es/index,OK,200,0.91
4/05/2026,17:01:55,Budget,https://budget.com.mx/#/,OK,200,0.51
4/05/2026,17:01:55,Localiza,https://www.localiza.com/mexico/es-mx,OK,200,4.62
4/05/2026,17:01:55,Enterprise,https://enterprise.mx/,OK,200,2.05
4/05/2026,17:01:55,Europcar,https://www.europcar.com.mx/,OK,200,4.14
4/05/2026,21:36:42,Hertz,https://www.hertzmexico.com/,OK,200,0.26
4/05/2026,21:36:42,Dollar,https://dollarmexico.com.mx/,OK,200,0.33
4/05/2026,21:36:42,Thrifty,https://www.thrifty.com.mx/,OK,200,0.43
4/05/2026,21:36:42,Firefly,https://www.fireflycarrental.com.mx/,OK,200,0.51
4/05/2026,21:36:42,Avis,https://avis.mx/,OK,200,1.08
4/05/2026,21:36:42,National,https://nationalcar.com.mx/,OK,200,3.61
4/05/2026,21:36:42,Alamo,https://www.alamo.com.mx/es,OK,200,1.14
4/05/2026,21:36:42,Mex Rent A Car,https://mexrentacar.com/es/index,OK,200,1.1
4/05/2026,21:36:42,Budget,https://budget.com.mx/#/,OK,200,0.43
4/05/2026,21:36:42,Localiza,https://www.localiza.com/mexico/es-mx,OK,200,1.06
4/05/2026,21:36:42,Enterprise,https://enterprise.mx/,OK,200,2.5
4/05/2026,21:36:42,Europcar,https://www.europcar.com.mx/,OK,200,0.85
5/05/2026,00:24:41,Hertz,https://www.hertzmexico.com/,OK,200,0.35
5/05/2026,00:24:41,Dollar,https://dollarmexico.com.mx/,OK,200,0.41
5/05/2026,00:24:41,Thrifty,https://www.thrifty.com.mx/,OK,200,0.47
5/05/2026,00:24:41,Firefly,https://www.fireflycarrental.com.mx/,OK,200,0.46
5/05/2026,00:24:41,Avis,https://avis.mx/,OK,200,1.17
5/05/2026,00:24:41,National,https://nationalcar.com.mx/,OK,200,3.26
5/05/2026,00:24:41,Alamo,https://www.alamo.com.mx/es,OK,200,1.3
5/05/2026,00:24:41,Mex Rent A Car,https://mexrentacar.com/es/index,OK,200,0.63
5/05/2026,00:24:41,Budget,https://budget.com.mx/#/,OK,200,0.45
5/05/2026,00:24:41,Localiza,https://www.localiza.com/mexico/es-mx,OK,200,1.55
5/05/2026,00:24:41,Enterprise,https://enterprise.mx/,OK,200,13.32
5/05/2026,00:24:41,Europcar,https://www.europcar.com.mx/,OK,200,0.8
5/05/2026,04:12:30,Hertz,https://www.hertzmexico.com/,OK,200,0.4
5/05/2026,04:12:30,Dollar,https://dollarmexico.com.mx/,OK,200,0.34
5/05/2026,04:12:30,Thrifty,https://www.thrifty.com.mx/,OK,200,0.42
5/05/2026,04:12:30,Firefly,https://www.fireflycarrental.com.mx/,OK,200,0.53
5/05/2026,04:12:30,Avis,https://avis.mx/,OK,200,1.15
5/05/2026,04:12:30,National,https://nationalcar.com.mx/,OK,200,3.71
5/05/2026,04:12:30,Alamo,https://www.alamo.com.mx/es,OK,200,1.07
5/05/2026,04:12:30,Mex Rent A Car,https://mexrentacar.com/es/index,OK,200,0.98
5/05/2026,04:12:30,Budget,https://budget.com.mx/#/,OK,200,0.64
5/05/2026,04:12:30,Localiza,https://www.localiza.com/mexico/es-mx,OK,200,1.06
5/05/2026,04:12:30,Enterprise,https://enterprise.mx/,OK,200,2.63
5/05/2026,04:12:30,Europcar,https://www.europcar.com.mx/,OK,200,1.54
5/05/2026,08:15:23,Hertz,https://www.hertzmexico.com/,OK,200,0.38
5/05/2026,08:15:23,Dollar,https://dollarmexico.com.mx/,OK,200,0.37
5/05/2026,08:15:23,Thrifty,https://www.thrifty.com.mx/,OK,200,0.46
5/05/2026,08:15:23,Firefly,https://www.fireflycarrental.com.mx/,OK,200,0.44
5/05/2026,08:15:23,Avis,https://avis.mx/,OK,200,0.86
5/05/2026,08:15:23,National,https://nationalcar.com.mx/,OK,200,3.82
5/05/2026,08:15:23,Alamo,https://www.alamo.com.mx/es,OK,200,1.21
5/05/2026,08:15:23,Mex Rent A Car,https://mexrentacar.com/es/index,OK,200,1.18
5/05/2026,08:15:23,Budget,https://budget.com.mx/#/,OK,200,0.73
5/05/2026,08:15:23,Localiza,https://www.localiza.com/mexico/es-mx,OK,200,1.18
5/05/2026,08:15:23,Enterprise,https://enterprise.mx/,OK,200,2.46
5/05/2026,08:15:23,Europcar,https://www.europcar.com.mx/,OK,200,1.96
5/05/2026,11:50:30,Hertz,https://www.hertzmexico.com/,OK,200,0.34
5/05/2026,11:50:30,Dollar,https://dollarmexico.com.mx/,OK,200,0.57
5/05/2026,11:50:30,Thrifty,https://www.thrifty.com.mx/,OK,200,0.63
5/05/2026,11:50:30,Firefly,https://www.fireflycarrental.com.mx/,OK,200,0.39
5/05/2026,11:50:30,Avis,https://avis.mx/,OK,200,0.8
5/05/2026,11:50:30,National,https://nationalcar.com.mx/,OK,200,2.35
5/05/2026,11:50:30,Alamo,https://www.alamo.com.mx/es,OK,200,1.86
5/05/2026,11:50:30,Mex Rent A Car,https://mexrentacar.com/es/index,OK,200,0.48
5/05/2026,11:50:30,Budget,https://budget.com.mx/#/,OK,200,0.46
5/05/2026,11:50:30,Localiza,https://www.localiza.com/mexico/es-mx,OK,200,1.41
5/05/2026,11:50:30,Enterprise,https://enterprise.mx/,OK,200,1.59
5/05/2026,11:50:30,Europcar,https://www.europcar.com.mx/,OK,200,0.81
5/05/2026,13:47:33,Hertz,https://www.hertzmexico.com/,OK,200,0.28
5/05/2026,13:47:33,Dollar,https://dollarmexico.com.mx/,OK,200,0.79
5/05/2026,13:47:33,Thrifty,https://www.thrifty.com.mx/,OK,200,0.36
5/05/2026,13:47:33,Firefly,https://www.fireflycarrental.com.mx/,OK,200,0.59
5/05/2026,13:47:33,Avis,https://avis.mx/,OK,200,0.79
5/05/2026,13:47:33,National,https://nationalcar.com.mx/,OK,200,2.47
5/05/2026,13:47:33,Alamo,https://www.alamo.com.mx/es,OK,200,1.81
5/05/2026,13:47:33,Mex Rent A Car,https://mexrentacar.com/es/index,OK,200,0.59
5/05/2026,13:47:33,Budget,https://budget.com.mx/#/,OK,200,0.66
5/05/2026,13:47:33,Localiza,https://www.localiza.com/mexico/es-mx,OK,200,1.1
5/05/2026,13:47:33,Enterprise,https://enterprise.mx/,OK,200,1.52
5/05/2026,13:47:33,Europcar,https://www.europcar.com.mx/,OK,200,0.86
5/05/2026,15:10:16,Hertz,https://www.hertzmexico.com/,OK,200,0.36
5/05/2026,15:10:16,Dollar,https://dollarmexico.com.mx/,OK,200,0.56
5/05/2026,15:10:16,Thrifty,https://www.thrifty.com.mx/,OK,200,0.45
5/05/2026,15:10:16,Firefly,https://www.fireflycarrental.com.mx/,OK,200,0.46
5/05/2026,15:10:16,Avis,https://avis.mx/,OK,200,0.85
5/05/2026,15:10:16,National,https://nationalcar.com.mx/,OK,200,3.33
5/05/2026,15:10:16,Alamo,https://www.alamo.com.mx/es,OK,200,1.85
5/05/2026,15:10:16,Mex Rent A Car,https://mexrentacar.com/es/index,OK,200,0.78
5/05/2026,15:10:16,Budget,https://budget.com.mx/#/,OK,200,0.45
5/05/2026,15:10:16,Localiza,https://www.localiza.com/mexico/es-mx,OK,200,1.26
5/05/2026,15:10:16,Enterprise,https://enterprise.mx/,OK,200,2.0
5/05/2026,15:10:16,Europcar,https://www.europcar.com.mx/,OK,200,0.59
5/05/2026,17:02:00,Hertz,https://www.hertzmexico.com/,OK,200,0.28
5/05/2026,17:02:00,Dollar,https://dollarmexico.com.mx/,OK,200,0.5
5/05/2026,17:02:00,Thrifty,https://www.thrifty.com.mx/,OK,200,0.62
5/05/2026,17:02:00,Firefly,https://www.fireflycarrental.com.mx/,OK,200,0.45
5/05/2026,17:02:00,Avis,https://avis.mx/,OK,200,0.98
5/05/2026,17:02:00,National,https://nationalcar.com.mx/,OK,200,3.25
5/05/2026,17:02:00,Alamo,https://www.alamo.com.mx/es,OK,200,1.25
5/05/2026,17:02:00,Mex Rent A Car,https://mexrentacar.com/es/index,OK,200,0.87
5/05/2026,17:02:00,Budget,https://budget.com.mx/#/,OK,200,0.65
5/05/2026,17:02:00,Localiza,https://www.localiza.com/mexico/es-mx,OK,200,1.1
5/05/2026,17:02:00,Enterprise,https://enterprise.mx/,OK,200,2.24
5/05/2026,17:02:00,Europcar,https://www.europcar.com.mx/,OK,200,0.75
5/05/2026,21:52:56,Hertz,https://www.hertzmexico.com/,OK,200,0.34
5/05/2026,21:52:56,Dollar,https://dollarmexico.com.mx/,OK,200,0.65
5/05/2026,21:52:56,Thrifty,https://www.thrifty.com.mx/,OK,200,0.5
5/05/2026,21:52:56,Firefly,https://www.fireflycarrental.com.mx/,OK,200,0.44
5/05/2026,21:52:56,Avis,https://avis.mx/,OK,200,0.8
5/05/2026,21:52:56,National,https://nationalcar.com.mx/,OK,200,3.4
5/05/2026,21:52:56,Alamo,https://www.alamo.com.mx/es,OK,200,1.23
5/05/2026,21:52:56,Mex Rent A Car,https://mexrentacar.com/es/index,OK,200,0.96
5/05/2026,21:52:56,Budget,https://budget.com.mx/#/,OK,200,0.46
5/05/2026,21:52:56,Localiza,https://www.localiza.com/mexico/es-mx,OK,200,1.23
5/05/2026,21:52:56,Enterprise,https://enterprise.mx/,OK,200,2.13
5/05/2026,21:52:56,Europcar,https://www.europcar.com.mx/,OK,200,0.67
6/05/2026,00:38:02,Hertz,https://www.hertzmexico.com/,OK,200,0.27
6/05/2026,00:38:02,Dollar,https://dollarmexico.com.mx/,OK,200,0.26
6/05/2026,00:38:02,Thrifty,https://www.thrifty.com.mx/,OK,200,0.38
6/05/2026,00:38:02,Firefly,https://www.fireflycarrental.com.mx/,OK,200,0.89
6/05/2026,00:38:02,Avis,https://avis.mx/,OK,200,0.94
6/05/2026,00:38:02,National,https://nationalcar.com.mx/,OK,200,2.17
6/05/2026,00:38:02,Alamo,https://www.alamo.com.mx/es,OK,200,1.57
6/05/2026,00:38:02,Mex Rent A Car,https://mexrentacar.com/es/index,OK,200,0.49
6/05/2026,00:38:02,Budget,https://budget.com.mx/#/,OK,200,0.71
6/05/2026,00:38:02,Localiza,https://www.localiza.com/mexico/es-mx,OK,200,1.32
6/05/2026,00:38:02,Enterprise,https://enterprise.mx/,OK,200,1.38
6/05/2026,00:38:02,Europcar,https://www.europcar.com.mx/,OK,200,0.73
6/05/2026,04:25:33,Hertz,https://www.hertzmexico.com/,OK,200,0.33
6/05/2026,04:25:33,Dollar,https://dollarmexico.com.mx/,OK,200,0.82
6/05/2026,04:25:33,Thrifty,https://www.thrifty.com.mx/,OK,200,0.46
6/05/2026,04:25:33,Firefly,https://www.fireflycarrental.com.mx/,OK,200,0.59
6/05/2026,04:25:33,Avis,https://avis.mx/,OK,200,0.91
6/05/2026,04:25:33,National,https://nationalcar.com.mx/,OK,200,3.68
6/05/2026,04:25:33,Alamo,https://www.alamo.com.mx/es,OK,200,1.16
6/05/2026,04:25:33,Mex Rent A Car,https://mexrentacar.com/es/index,OK,200,1.17
6/05/2026,04:25:33,Budget,https://budget.com.mx/#/,OK,200,0.63
6/05/2026,04:25:33,Localiza,https://www.localiza.com/mexico/es-mx,OK,200,1.14
6/05/2026,04:25:33,Enterprise,https://enterprise.mx/,OK,200,2.41
6/05/2026,04:25:33,Europcar,https://www.europcar.com.mx/,OK,200,3.06
6/05/2026,08:38:36,Hertz,https://www.hertzmexico.com/,OK,200,0.37
6/05/2026,08:38:36,Dollar,https://dollarmexico.com.mx/,OK,200,0.46
6/05/2026,08:38:36,Thrifty,https://www.thrifty.com.mx/,OK,200,0.49
6/05/2026,08:38:36,Firefly,https://www.fireflycarrental.com.mx/,OK,200,0.45
6/05/2026,08:38:36,Avis,https://avis.mx/,OK,200,1.05
6/05/2026,08:38:36,National,https://nationalcar.com.mx/,OK,200,3.75
6/05/2026,08:38:36,Alamo,https://www.alamo.com.mx/es,OK,200,1.12
6/05/2026,08:38:36,Mex Rent A Car,https://mexrentacar.com/es/index,OK,200,1.12
6/05/2026,08:38:36,Budget,https://budget.com.mx/#/,OK,200,0.45
6/05/2026,08:38:36,Localiza,https://www.localiza.com/mexico/es-mx,OK,200,1.15
6/05/2026,08:38:36,Enterprise,https://enterprise.mx/,OK,200,2.45
6/05/2026,08:38:36,Europcar,https://www.europcar.com.mx/,OK,200,0.71
6/05/2026,11:48:20,Hertz,https://www.hertzmexico.com/,OK,200,0.4
6/05/2026,11:48:20,Dollar,https://dollarmexico.com.mx/,OK,200,0.41
6/05/2026,11:48:20,Thrifty,https://www.thrifty.com.mx/,OK,200,0.48
6/05/2026,11:48:20,Firefly,https://www.fireflycarrental.com.mx/,OK,200,0.44
6/05/2026,11:48:20,Avis,https://avis.mx/,OK,200,1.09
6/05/2026,11:48:20,National,https://nationalcar.com.mx/,OK,200,3.84
6/05/2026,11:48:20,Alamo,https://www.alamo.com.mx/es,OK,200,1.34
6/05/2026,11:48:20,Mex Rent A Car,https://mexrentacar.com/es/index,OK,200,1.2
6/05/2026,11:48:20,Budget,https://budget.com.mx/#/,OK,200,0.5
6/05/2026,11:48:20,Localiza,https://www.localiza.com/mexico/es-mx,OK,200,1.11
6/05/2026,11:48:20,Enterprise,https://enterprise.mx/,OK,200,2.37
6/05/2026,11:48:20,Europcar,https://www.europcar.com.mx/,OK,200,0.83
6/05/2026,13:56:31,Hertz,https://www.hertzmexico.com/,OK,200,0.27
6/05/2026,13:56:31,Dollar,https://dollarmexico.com.mx/,OK,200,0.97
6/05/2026,13:56:31,Thrifty,https://www.thrifty.com.mx/,OK,200,0.34
6/05/2026,13:56:31,Firefly,https://www.fireflycarrental.com.mx/,OK,200,0.35
6/05/2026,13:56:31,Avis,https://avis.mx/,OK,200,0.77
6/05/2026,13:56:31,National,https://nationalcar.com.mx/,OK,200,2.37
6/05/2026,13:56:31,Alamo,https://www.alamo.com.mx/es,OK,200,1.96
6/05/2026,13:56:31,Mex Rent A Car,https://mexrentacar.com/es/index,OK,200,0.48
6/05/2026,13:56:31,Budget,https://budget.com.mx/#/,OK,200,0.51
6/05/2026,13:56:31,Localiza,https://www.localiza.com/mexico/es-mx,OK,200,0.75
6/05/2026,13:56:31,Enterprise,https://enterprise.mx/,OK,200,1.52
6/05/2026,13:56:31,Europcar,https://www.europcar.com.mx/,OK,200,0.72
6/05/2026,15:18:41,Hertz,https://www.hertzmexico.com/,OK,200,0.35
6/05/2026,15:18:41,Dollar,https://dollarmexico.com.mx/,OK,200,0.46
6/05/2026,15:18:41,Thrifty,https://www.thrifty.com.mx/,OK,200,0.44
6/05/2026,15:18:41,Firefly,https://www.fireflycarrental.com.mx/,OK,200,0.33
6/05/2026,15:18:41,Avis,https://avis.mx/,OK,200,1.06
6/05/2026,15:18:41,National,https://nationalcar.com.mx/,OK,200,3.54
6/05/2026,15:18:41,Alamo,https://www.alamo.com.mx/es,OK,200,1.18
6/05/2026,15:18:41,Mex Rent A Car,https://mexrentacar.com/es/index,OK,200,1.08
6/05/2026,15:18:41,Budget,https://budget.com.mx/#/,OK,200,0.45
6/05/2026,15:18:41,Localiza,https://www.localiza.com/mexico/es-mx,OK,200,0.89
6/05/2026,15:18:41,Enterprise,https://enterprise.mx/,OK,200,2.43
6/05/2026,15:18:41,Europcar,https://www.europcar.com.mx/,OK,200,0.63
6/05/2026,16:58:00,Hertz,https://www.hertzmexico.com/,OK,200,0.41
6/05/2026,16:58:00,Dollar,https://dollarmexico.com.mx/,OK,200,0.39
6/05/2026,16:58:00,Thrifty,https://www.thrifty.com.mx/,OK,200,0.39
6/05/2026,16:58:00,Firefly,https://www.fireflycarrental.com.mx/,OK,200,0.39
6/05/2026,16:58:00,Avis,https://avis.mx/,OK,200,1.12
6/05/2026,16:58:00,National,https://nationalcar.com.mx/,OK,200,3.58
6/05/2026,16:58:00,Alamo,https://www.alamo.com.mx/es,OK,200,1.25
6/05/2026,16:58:00,Mex Rent A Car,https://mexrentacar.com/es/index,OK,200,1.02
6/05/2026,16:58:00,Budget,https://budget.com.mx/#/,OK,200,0.5
6/05/2026,16:58:00,Localiza,https://www.localiza.com/mexico/es-mx,OK,200,0.92
6/05/2026,16:58:00,Enterprise,https://enterprise.mx/,OK,200,2.43
6/05/2026,16:58:00,Europcar,https://www.europcar.com.mx/,OK,200,0.83
6/05/2026,21:51:26,Hertz,https://www.hertzmexico.com/,OK,200,0.35
6/05/2026,21:51:26,Dollar,https://dollarmexico.com.mx/,OK,200,0.31
6/05/2026,21:51:26,Thrifty,https://www.thrifty.com.mx/,OK,200,0.51
6/05/2026,21:51:26,Firefly,https://www.fireflycarrental.com.mx/,OK,200,0.41
6/05/2026,21:51:26,Avis,https://avis.mx/,OK,200,1.12
6/05/2026,21:51:26,National,https://nationalcar.com.mx/,OK,200,3.83
6/05/2026,21:51:26,Alamo,https://www.alamo.com.mx/es,OK,200,1.04
6/05/2026,21:51:26,Mex Rent A Car,https://mexrentacar.com/es/index,OK,200,1.16
6/05/2026,21:51:26,Budget,https://budget.com.mx/#/,OK,200,0.59
6/05/2026,21:51:26,Localiza,https://www.localiza.com/mexico/es-mx,OK,200,0.99
6/05/2026,21:51:26,Enterprise,https://enterprise.mx/,OK,200,2.56
6/05/2026,21:51:26,Europcar,https://www.europcar.com.mx/,OK,200,0.72
7/05/2026,00:45:18,Hertz,https://www.hertzmexico.com/,OK,200,0.32
7/05/2026,00:45:18,Dollar,https://dollarmexico.com.mx/,OK,200,0.66
7/05/2026,00:45:18,Thrifty,https://www.thrifty.com.mx/,OK,200,4.14
7/05/2026,00:45:18,Firefly,https://www.fireflycarrental.com.mx/,OK,200,0.77
7/05/2026,00:45:18,Avis,https://avis.mx/,OK,200,0.98
7/05/2026,00:45:18,National,https://nationalcar.com.mx/,OK,200,3.31
7/05/2026,00:45:18,Alamo,https://www.alamo.com.mx/es,OK,200,1.25
7/05/2026,00:45:18,Mex Rent A Car,https://mexrentacar.com/es/index,OK,200,0.92
7/05/2026,00:45:18,Budget,https://budget.com.mx/#/,OK,200,0.62
7/05/2026,00:45:18,Localiza,https://www.localiza.com/mexico/es-mx,OK,200,0.93
7/05/2026,00:45:18,Enterprise,https://enterprise.mx/,OK,200,2.14
7/05/2026,00:45:18,Europcar,https://www.europcar.com.mx/,OK,200,0.86
7/05/2026,04:31:59,Hertz,https://www.hertzmexico.com/,OK,200,0.28
7/05/2026,04:31:59,Dollar,https://dollarmexico.com.mx/,OK,200,0.5
7/05/2026,04:31:59,Thrifty,https://www.thrifty.com.mx/,OK,200,0.61
7/05/2026,04:31:59,Firefly,https://www.fireflycarrental.com.mx/,OK,200,0.35
7/05/2026,04:31:59,Avis,https://avis.mx/,OK,200,1.0
7/05/2026,04:31:59,National,https://nationalcar.com.mx/,OK,200,3.49
7/05/2026,04:31:59,Alamo,https://www.alamo.com.mx/es,OK,200,1.27
7/05/2026,04:31:59,Mex Rent A Car,https://mexrentacar.com/es/index,OK,200,1.01
7/05/2026,04:31:59,Budget,https://budget.com.mx/#/,OK,200,0.6
7/05/2026,04:31:59,Localiza,https://www.localiza.com/mexico/es-mx,OK,200,1.93
7/05/2026,04:31:59,Enterprise,https://enterprise.mx/,OK,200,2.1
7/05/2026,04:31:59,Europcar,https://www.europcar.com.mx/,OK,200,1.24
7/05/2026,08:36:40,Hertz,https://www.hertzmexico.com/,OK,200,0.53
7/05/2026,08:36:40,Dollar,https://dollarmexico.com.mx/,OK,200,0.39
7/05/2026,08:36:40,Thrifty,https://www.thrifty.com.mx/,OK,200,0.45
7/05/2026,08:36:40,Firefly,https://www.fireflycarrental.com.mx/,OK,200,0.42
7/05/2026,08:36:40,Avis,https://avis.mx/,OK,200,0.92
7/05/2026,08:36:40,National,https://nationalcar.com.mx/,OK,200,3.68
7/05/2026,08:36:40,Alamo,https://www.alamo.com.mx/es,OK,200,1.14
7/05/2026,08:36:40,Mex Rent A Car,https://mexrentacar.com/es/index,OK,200,1.06
7/05/2026,08:36:40,Budget,https://budget.com.mx/#/,OK,200,1.03
7/05/2026,08:36:40,Localiza,https://www.localiza.com/mexico/es-mx,OK,200,0.96
7/05/2026,08:36:40,Enterprise,https://enterprise.mx/,OK,200,2.67
7/05/2026,08:36:40,Europcar,https://www.europcar.com.mx/,OK,200,2.42
7/05/2026,11:55:21,Hertz,https://www.hertzmexico.com/,OK,200,0.39
7/05/2026,11:55:21,Dollar,https://dollarmexico.com.mx/,OK,200,0.51
7/05/2026,11:55:21,Thrifty,https://www.thrifty.com.mx/,OK,200,0.47
7/05/2026,11:55:21,Firefly,https://www.fireflycarrental.com.mx/,OK,200,0.52
7/05/2026,11:55:21,Avis,https://avis.mx/,OK,200,0.97
7/05/2026,11:55:21,National,https://nationalcar.com.mx/,OK,200,3.34
7/05/2026,11:55:21,Alamo,https://www.alamo.com.mx/es,OK,200,1.67
7/05/2026,11:55:21,Mex Rent A Car,https://mexrentacar.com/es/index,OK,200,0.62
7/05/2026,11:55:21,Budget,https://budget.com.mx/#/,OK,200,0.57
7/05/2026,11:55:21,Localiza,https://www.localiza.com/mexico/es-mx,OK,200,1.19
7/05/2026,11:55:21,Enterprise,https://enterprise.mx/,OK,200,1.89
7/05/2026,11:55:21,Europcar,https://www.europcar.com.mx/,OK,200,0.58
7/05/2026,13:50:20,Hertz,https://www.hertzmexico.com/,OK,200,0.26
7/05/2026,13:50:20,Dollar,https://dollarmexico.com.mx/,OK,200,0.32
7/05/2026,13:50:20,Thrifty,https://www.thrifty.com.mx/,OK,200,0.38
7/05/2026,13:50:20,Firefly,https://www.fireflycarrental.com.mx/,OK,200,0.62
7/05/2026,13:50:20,Avis,https://avis.mx/,OK,200,0.84
7/05/2026,13:50:20,National,https://nationalcar.com.mx/,OK,200,3.35
7/05/2026,13:50:20,Alamo,https://www.alamo.com.mx/es,OK,200,1.2
7/05/2026,13:50:20,Mex Rent A Car,https://mexrentacar.com/es/index,OK,200,1.07
7/05/2026,13:50:20,Budget,https://budget.com.mx/#/,OK,200,0.4
7/05/2026,13:50:20,Localiza,https://www.localiza.com/mexico/es-mx,OK,200,0.94
7/05/2026,13:50:20,Enterprise,https://enterprise.mx/,OK,200,2.14
7/05/2026,13:50:20,Europcar,https://www.europcar.com.mx/,OK,200,0.65
7/05/2026,15:11:30,Hertz,https://www.hertzmexico.com/,OK,200,0.43
7/05/2026,15:11:30,Dollar,https://dollarmexico.com.mx/,OK,200,0.38
7/05/2026,15:11:30,Thrifty,https://www.thrifty.com.mx/,OK,200,0.41
7/05/2026,15:11:30,Firefly,https://www.fireflycarrental.com.mx/,OK,200,0.45
7/05/2026,15:11:30,Avis,https://avis.mx/,OK,200,0.94
7/05/2026,15:11:30,National,https://nationalcar.com.mx/,OK,200,3.33
7/05/2026,15:11:30,Alamo,https://www.alamo.com.mx/es,OK,200,1.37
7/05/2026,15:11:30,Mex Rent A Car,https://mexrentacar.com/es/index,OK,200,0.87
7/05/2026,15:11:30,Budget,https://budget.com.mx/#/,OK,200,0.55
7/05/2026,15:11:30,Localiza,https://www.localiza.com/mexico/es-mx,OK,200,1.7
7/05/2026,15:11:30,Enterprise,https://enterprise.mx/,OK,200,2.11
7/05/2026,15:11:30,Europcar,https://www.europcar.com.mx/,OK,200,0.75
7/05/2026,17:05:13,Hertz,https://www.hertzmexico.com/,OK,200,0.44
7/05/2026,17:05:13,Dollar,https://dollarmexico.com.mx/,OK,200,0.36
7/05/2026,17:05:13,Thrifty,https://www.thrifty.com.mx/,OK,200,0.48
7/05/2026,17:05:13,Firefly,https://www.fireflycarrental.com.mx/,OK,200,0.55
7/05/2026,17:05:13,Avis,https://avis.mx/,OK,200,0.79
7/05/2026,17:05:13,National,https://nationalcar.com.mx/,OK,200,3.81
7/05/2026,17:05:13,Alamo,https://www.alamo.com.mx/es,OK,200,1.2
7/05/2026,17:05:13,Mex Rent A Car,https://mexrentacar.com/es/index,OK,200,1.25
7/05/2026,17:05:13,Budget,https://budget.com.mx/#/,OK,200,0.43
7/05/2026,17:05:13,Localiza,https://www.localiza.com/mexico/es-mx,OK,200,0.98
7/05/2026,17:05:13,Enterprise,https://enterprise.mx/,OK,200,2.62
7/05/2026,17:05:13,Europcar,https://www.europcar.com.mx/,OK,200,0.47
7/05/2026,21:41:55,Hertz,https://www.hertzmexico.com/,OK,200,0.36
7/05/2026,21:41:55,Dollar,https://dollarmexico.com.mx/,OK,200,1.01
7/05/2026,21:41:55,Thrifty,https://www.thrifty.com.mx/,OK,200,0.52
7/05/2026,21:41:55,Firefly,https://www.fireflycarrental.com.mx/,OK,200,0.79
7/05/2026,21:41:55,Avis,https://avis.mx/,OK,200,0.79
7/05/2026,21:41:55,National,https://nationalcar.com.mx/,OK,200,2.49
7/05/2026,21:41:55,Alamo,https://www.alamo.com.mx/es,OK,200,1.76
7/05/2026,21:41:55,Mex Rent A Car,https://mexrentacar.com/es/index,OK,200,0.59
7/05/2026,21:41:55,Budget,https://budget.com.mx/#/,OK,200,1.39
7/05/2026,21:41:55,Localiza,https://www.localiza.com/mexico/es-mx,OK,200,1.08
7/05/2026,21:41:55,Enterprise,https://enterprise.mx/,OK,200,1.49
7/05/2026,21:41:55,Europcar,https://www.europcar.com.mx/,OK,200,0.78
8/05/2026,00:06:14,Hertz,https://www.hertzmexico.com/,OK,200,0.41
8/05/2026,00:06:14,Dollar,https://dollarmexico.com.mx/,OK,200,0.3
8/05/2026,00:06:14,Thrifty,https://www.thrifty.com.mx/,OK,200,0.51
8/05/2026,00:06:14,Firefly,https://www.fireflycarrental.com.mx/,OK,200,0.53
8/05/2026,00:06:14,Avis,https://avis.mx/,OK,200,1.06
8/05/2026,00:06:14,National,https://nationalcar.com.mx/,OK,200,3.78
8/05/2026,00:06:14,Alamo,https://www.alamo.com.mx/es,OK,200,1.17
8/05/2026,00:06:14,Mex Rent A Car,https://mexrentacar.com/es/index,OK,200,1.04
8/05/2026,00:06:14,Budget,https://budget.com.mx/#/,OK,200,0.63
8/05/2026,00:06:14,Localiza,https://www.localiza.com/mexico/es-mx,OK,200,0.82
8/05/2026,00:06:14,Enterprise,https://enterprise.mx/,OK,200,2.52
8/05/2026,00:06:14,Europcar,https://www.europcar.com.mx/,OK,200,3.64
8/05/2026,03:47:05,Hertz,https://www.hertzmexico.com/,OK,200,0.34
8/05/2026,03:47:05,Dollar,https://dollarmexico.com.mx/,OK,200,0.42
8/05/2026,03:47:05,Thrifty,https://www.thrifty.com.mx/,OK,200,0.58
8/05/2026,03:47:05,Firefly,https://www.fireflycarrental.com.mx/,OK,200,0.64
8/05/2026,03:47:05,Avis,https://avis.mx/,OK,200,0.85
8/05/2026,03:47:05,National,https://nationalcar.com.mx/,OK,200,3.35
8/05/2026,03:47:05,Alamo,https://www.alamo.com.mx/es,OK,200,1.45
8/05/2026,03:47:05,Mex Rent A Car,https://mexrentacar.com/es/index,OK,200,0.9
8/05/2026,03:47:05,Budget,https://budget.com.mx/#/,OK,200,0.48
8/05/2026,03:47:05,Localiza,https://www.localiza.com/mexico/es-mx,OK,200,1.24
8/05/2026,03:47:05,Enterprise,https://enterprise.mx/,OK,200,2.13
8/05/2026,03:47:05,Europcar,https://www.europcar.com.mx/,OK,200,3.54
8/05/2026,05:26:26,Hertz,https://www.hertzmexico.com/,OK,200,0.34
8/05/2026,05:26:26,Dollar,https://dollarmexico.com.mx/,OK,200,0.32
8/05/2026,05:26:26,Thrifty,https://www.thrifty.com.mx/,OK,200,0.39
8/05/2026,05:26:26,Firefly,https://www.fireflycarrental.com.mx/,OK,200,0.72
8/05/2026,05:26:26,Avis,https://avis.mx/,OK,200,1.06
8/05/2026,05:26:26,National,https://nationalcar.com.mx/,OK,200,3.76
8/05/2026,05:26:26,Alamo,https://www.alamo.com.mx/es,OK,200,1.23
8/05/2026,05:26:26,Mex Rent A Car,https://mexrentacar.com/es/index,OK,200,1.13
8/05/2026,05:26:26,Budget,https://budget.com.mx/#/,OK,200,0.66
8/05/2026,05:26:26,Localiza,https://www.localiza.com/mexico/es-mx,OK,200,0.89
8/05/2026,05:26:26,Enterprise,https://enterprise.mx/,OK,200,2.37
8/05/2026,05:26:26,Europcar,https://www.europcar.com.mx/,OK,200,0.53
8/05/2026,08:07:36,Hertz,https://www.hertzmexico.com/,OK,200,0.34
8/05/2026,08:07:36,Dollar,https://dollarmexico.com.mx/,OK,200,0.45
8/05/2026,08:07:36,Thrifty,https://www.thrifty.com.mx/,OK,200,0.52
8/05/2026,08:07:36,Firefly,https://www.fireflycarrental.com.mx/,OK,200,0.45
8/05/2026,08:07:36,Avis,https://avis.mx/,OK,200,0.91
8/05/2026,08:07:36,National,https://nationalcar.com.mx/,OK,200,3.39
8/05/2026,08:07:36,Alamo,https://www.alamo.com.mx/es,OK,200,1.4
8/05/2026,08:07:36,Mex Rent A Car,https://mexrentacar.com/es/index,OK,200,0.84
8/05/2026,08:07:36,Budget,https://budget.com.mx/#/,OK,200,0.57
8/05/2026,08:07:36,Localiza,https://www.localiza.com/mexico/es-mx,OK,200,1.13
8/05/2026,08:07:36,Enterprise,https://enterprise.mx/,OK,200,2.13
8/05/2026,08:07:36,Europcar,https://www.europcar.com.mx/,OK,200,0.64
8/05/2026,11:26:55,Hertz,https://www.hertzmexico.com/,OK,200,0.33
8/05/2026,11:26:55,Dollar,https://dollarmexico.com.mx/,OK,200,0.42
8/05/2026,11:26:55,Thrifty,https://www.thrifty.com.mx/,OK,200,0.55
8/05/2026,11:26:55,Firefly,https://www.fireflycarrental.com.mx/,OK,200,0.44
8/05/2026,11:26:55,Avis,https://avis.mx/,OK,200,0.92
8/05/2026,11:26:55,National,https://nationalcar.com.mx/,OK,200,3.56
8/05/2026,11:26:55,Alamo,https://www.alamo.com.mx/es,OK,200,1.19
8/05/2026,11:26:55,Mex Rent A Car,https://mexrentacar.com/es/index,OK,200,1.08
8/05/2026,11:26:55,Budget,https://budget.com.mx/#/,OK,200,0.47
8/05/2026,11:26:55,Localiza,https://www.localiza.com/mexico/es-mx,OK,200,1.18
8/05/2026,11:26:55,Enterprise,https://enterprise.mx/,OK,200,2.52
8/05/2026,11:26:55,Europcar,https://www.europcar.com.mx/,OK,200,0.62
8/05/2026,13:40:03,Hertz,https://www.hertzmexico.com/,OK,200,0.3
8/05/2026,13:40:03,Dollar,https://dollarmexico.com.mx/,OK,200,0.4
8/05/2026,13:40:03,Thrifty,https://www.thrifty.com.mx/,OK,200,0.49
8/05/2026,13:40:03,Firefly,https://www.fireflycarrental.com.mx/,OK,200,0.55
8/05/2026,13:40:03,Avis,https://avis.mx/,OK,200,1.17
8/05/2026,13:40:03,National,https://nationalcar.com.mx/,OK,200,3.84
8/05/2026,13:40:03,Alamo,https://www.alamo.com.mx/es,OK,200,1.43
8/05/2026,13:40:03,Mex Rent A Car,https://mexrentacar.com/es/index,OK,200,1.14
8/05/2026,13:40:03,Budget,https://budget.com.mx/#/,OK,200,0.7
8/05/2026,13:40:03,Localiza,https://www.localiza.com/mexico/es-mx,OK,200,0.97
8/05/2026,13:40:03,Enterprise,https://enterprise.mx/,OK,200,2.58
8/05/2026,13:40:03,Europcar,https://www.europcar.com.mx/,OK,200,0.74
8/05/2026,15:11:09,Hertz,https://www.hertzmexico.com/,OK,200,0.35
8/05/2026,15:11:09,Dollar,https://dollarmexico.com.mx/,OK,200,0.33
8/05/2026,15:11:09,Thrifty,https://www.thrifty.com.mx/,OK,200,0.39
8/05/2026,15:11:09,Firefly,https://www.fireflycarrental.com.mx/,OK,200,0.49
8/05/2026,15:11:09,Avis,https://avis.mx/,OK,200,1.02
8/05/2026,15:11:09,National,https://nationalcar.com.mx/,OK,200,3.25
8/05/2026,15:11:09,Alamo,https://www.alamo.com.mx/es,OK,200,1.32
8/05/2026,15:11:09,Mex Rent A Car,https://mexrentacar.com/es/index,OK,200,0.97
8/05/2026,15:11:09,Budget,https://budget.com.mx/#/,OK,200,0.67
8/05/2026,15:11:09,Localiza,https://www.localiza.com/mexico/es-mx,OK,200,1.12
8/05/2026,15:11:09,Enterprise,https://enterprise.mx/,OK,200,2.15
8/05/2026,15:11:09,Europcar,https://www.europcar.com.mx/,OK,200,0.8
8/05/2026,17:02:39,Hertz,https://www.hertzmexico.com/,OK,200,0.31
8/05/2026,17:02:39,Dollar,https://dollarmexico.com.mx/,OK,200,0.42
8/05/2026,17:02:39,Thrifty,https://www.thrifty.com.mx/,OK,200,0.78
8/05/2026,17:02:39,Firefly,https://www.fireflycarrental.com.mx/,OK,200,0.39
8/05/2026,17:02:39,Avis,https://avis.mx/,OK,200,0.78
8/05/2026,17:02:39,National,https://nationalcar.com.mx/,OK,200,2.29
8/05/2026,17:02:39,Alamo,https://www.alamo.com.mx/es,OK,200,1.92
8/05/2026,17:02:39,Mex Rent A Car,https://mexrentacar.com/es/index,OK,200,0.5
8/05/2026,17:02:39,Budget,https://budget.com.mx/#/,OK,200,0.73
8/05/2026,17:02:39,Localiza,https://www.localiza.com/mexico/es-mx,OK,200,0.93
8/05/2026,17:02:39,Enterprise,https://enterprise.mx/,OK,200,1.39
8/05/2026,17:02:39,Europcar,https://www.europcar.com.mx/,OK,200,0.82
8/05/2026,21:43:33,Hertz,https://www.hertzmexico.com/,OK,200,0.41
8/05/2026,21:43:33,Dollar,https://dollarmexico.com.mx/,OK,200,0.42
8/05/2026,21:43:33,Thrifty,https://www.thrifty.com.mx/,OK,200,0.43
8/05/2026,21:43:33,Firefly,https://www.fireflycarrental.com.mx/,OK,200,0.41
8/05/2026,21:43:33,Avis,https://avis.mx/,OK,200,1.03
8/05/2026,21:43:33,National,https://nationalcar.com.mx/,OK,200,3.36
8/05/2026,21:43:33,Alamo,https://www.alamo.com.mx/es,OK,200,1.27
8/05/2026,21:43:33,Mex Rent A Car,https://mexrentacar.com/es/index,OK,200,0.97
8/05/2026,21:43:33,Budget,https://budget.com.mx/#/,OK,200,0.42
8/05/2026,21:43:33,Localiza,https://www.localiza.com/mexico/es-mx,OK,200,1.25
8/05/2026,21:43:33,Enterprise,https://enterprise.mx/,OK,200,2.1
8/05/2026,21:43:33,Europcar,https://www.europcar.com.mx/,OK,200,1.14
9/05/2026,00:23:24,Hertz,https://www.hertzmexico.com/,OK,200,0.27
9/05/2026,00:23:24,Dollar,https://dollarmexico.com.mx/,OK,200,0.36
9/05/2026,00:23:24,Thrifty,https://www.thrifty.com.mx/,OK,200,0.44
9/05/2026,00:23:24,Firefly,https://www.fireflycarrental.com.mx/,OK,200,0.53
9/05/2026,00:23:24,Avis,https://avis.mx/,OK,200,0.99
9/05/2026,00:23:24,National,https://nationalcar.com.mx/,OK,200,3.44
9/05/2026,00:23:24,Alamo,https://www.alamo.com.mx/es,OK,200,1.17
9/05/2026,00:23:24,Mex Rent A Car,https://mexrentacar.com/es/index,OK,200,0.93
9/05/2026,00:23:24,Budget,https://budget.com.mx/#/,OK,200,0.61
9/05/2026,00:23:24,Localiza,https://www.localiza.com/mexico/es-mx,OK,200,1.4
9/05/2026,00:23:24,Enterprise,https://enterprise.mx/,OK,200,1.92
9/05/2026,00:23:24,Europcar,https://www.europcar.com.mx/,OK,200,0.68
9/05/2026,03:26:38,Hertz,https://www.hertzmexico.com/,OK,200,0.36
9/05/2026,03:26:38,Dollar,https://dollarmexico.com.mx/,OK,200,0.75
9/05/2026,03:26:38,Thrifty,https://www.thrifty.com.mx/,OK,200,0.66
9/05/2026,03:26:38,Firefly,https://www.fireflycarrental.com.mx/,OK,200,0.88
9/05/2026,03:26:38,Avis,https://avis.mx/,OK,200,0.89
9/05/2026,03:26:38,National,https://nationalcar.com.mx/,OK,200,3.16
9/05/2026,03:26:38,Alamo,https://www.alamo.com.mx/es,OK,200,1.52
9/05/2026,03:26:38,Mex Rent A Car,https://mexrentacar.com/es/index,OK,200,0.75
9/05/2026,03:26:38,Budget,https://budget.com.mx/#/,OK,200,0.59
9/05/2026,03:26:38,Localiza,https://www.localiza.com/mexico/es-mx,OK,200,1.06
9/05/2026,03:26:38,Enterprise,https://enterprise.mx/,OK,200,2.85
9/05/2026,03:26:38,Europcar,https://www.europcar.com.mx/,OK,200,0.9
9/05/2026,05:03:40,Hertz,https://www.hertzmexico.com/,OK,200,0.31
9/05/2026,05:03:40,Dollar,https://dollarmexico.com.mx/,OK,200,0.82
9/05/2026,05:03:40,Thrifty,https://www.thrifty.com.mx/,OK,200,0.71
9/05/2026,05:03:40,Firefly,https://www.fireflycarrental.com.mx/,OK,200,1.04
9/05/2026,05:03:40,Avis,https://avis.mx/,OK,200,0.95
9/05/2026,05:03:40,National,https://nationalcar.com.mx/,OK,200,2.22
9/05/2026,05:03:40,Alamo,https://www.alamo.com.mx/es,OK,200,1.74
9/05/2026,05:03:40,Mex Rent A Car,https://mexrentacar.com/es/index,OK,200,0.47
9/05/2026,05:03:40,Budget,https://budget.com.mx/#/,OK,200,0.71
9/05/2026,05:03:40,Localiza,https://www.localiza.com/mexico/es-mx,OK,200,0.98
9/05/2026,05:03:40,Enterprise,https://enterprise.mx/,OK,200,1.38
9/05/2026,05:03:40,Europcar,https://www.europcar.com.mx/,OK,200,1.44
9/05/2026,07:43:05,Hertz,https://www.hertzmexico.com/,OK,200,0.32
9/05/2026,07:43:05,Dollar,https://dollarmexico.com.mx/,OK,200,0.33
9/05/2026,07:43:05,Thrifty,https://www.thrifty.com.mx/,OK,200,0.44
9/05/2026,07:43:05,Firefly,https://www.fireflycarrental.com.mx/,OK,200,0.46
9/05/2026,07:43:05,Avis,https://avis.mx/,OK,200,1.01
9/05/2026,07:43:05,National,https://nationalcar.com.mx/,OK,200,3.31
9/05/2026,07:43:05,Alamo,https://www.alamo.com.mx/es,OK,200,1.28
9/05/2026,07:43:05,Mex Rent A Car,https://mexrentacar.com/es/index,OK,200,0.96
9/05/2026,07:43:05,Budget,https://budget.com.mx/#/,OK,200,0.64
9/05/2026,07:43:05,Localiza,https://www.localiza.com/mexico/es-mx,OK,200,1.27
9/05/2026,07:43:05,Enterprise,https://enterprise.mx/,OK,200,2.09
9/05/2026,07:43:05,Europcar,https://www.europcar.com.mx/,OK,200,0.79
9/05/2026,09:00:41,Hertz,https://www.hertzmexico.com/,OK,200,0.34
9/05/2026,09:00:41,Dollar,https://dollarmexico.com.mx/,OK,200,0.36
9/05/2026,09:00:41,Thrifty,https://www.thrifty.com.mx/,OK,200,0.7
9/05/2026,09:00:41,Firefly,https://www.fireflycarrental.com.mx/,OK,200,0.55
9/05/2026,09:00:41,Avis,https://avis.mx/,OK,200,0.8
9/05/2026,09:00:41,National,https://nationalcar.com.mx/,OK,200,2.59
9/05/2026,09:00:41,Alamo,https://www.alamo.com.mx/es,OK,200,1.74
9/05/2026,09:00:41,Mex Rent A Car,https://mexrentacar.com/es/index,OK,200,0.59
9/05/2026,09:00:41,Budget,https://budget.com.mx/#/,OK,200,0.9
9/05/2026,09:00:41,Localiza,https://www.localiza.com/mexico/es-mx,OK,200,1.39
9/05/2026,09:00:41,Enterprise,https://enterprise.mx/,OK,200,1.74
9/05/2026,09:00:41,Europcar,https://www.europcar.com.mx/,OK,200,0.85
9/05/2026,11:03:15,Hertz,https://www.hertzmexico.com/,OK,200,0.39
9/05/2026,11:03:15,Dollar,https://dollarmexico.com.mx/,OK,200,0.34
9/05/2026,11:03:15,Thrifty,https://www.thrifty.com.mx/,OK,200,0.54
9/05/2026,11:03:15,Firefly,https://www.fireflycarrental.com.mx/,OK,200,0.46
9/05/2026,11:03:15,Avis,https://avis.mx/,OK,200,0.94
9/05/2026,11:03:15,National,https://nationalcar.com.mx/,OK,200,3.45
9/05/2026,11:03:15,Alamo,https://www.alamo.com.mx/es,OK,200,1.18
9/05/2026,11:03:15,Mex Rent A Car,https://mexrentacar.com/es/index,OK,200,0.9
9/05/2026,11:03:15,Budget,https://budget.com.mx/#/,OK,200,0.59
9/05/2026,11:03:15,Localiza,https://www.localiza.com/mexico/es-mx,OK,200,1.15
9/05/2026,11:03:15,Enterprise,https://enterprise.mx/,OK,200,1.82
9/05/2026,11:03:15,Europcar,https://www.europcar.com.mx/,OK,200,0.64
9/05/2026,13:14:58,Hertz,https://www.hertzmexico.com/,OK,200,0.35
9/05/2026,13:14:58,Dollar,https://dollarmexico.com.mx/,OK,200,0.39
9/05/2026,13:14:58,Thrifty,https://www.thrifty.com.mx/,OK,200,0.39
9/05/2026,13:14:58,Firefly,https://www.fireflycarrental.com.mx/,OK,200,0.77
9/05/2026,13:14:58,Avis,https://avis.mx/,OK,200,1.05
9/05/2026,13:14:58,National,https://nationalcar.com.mx/,OK,200,3.3
9/05/2026,13:14:58,Alamo,https://www.alamo.com.mx/es,OK,200,2.19
9/05/2026,13:14:58,Mex Rent A Car,https://mexrentacar.com/es/index,OK,200,0.94
9/05/2026,13:14:58,Budget,https://budget.com.mx/#/,OK,200,0.68
9/05/2026,13:14:58,Localiza,https://www.localiza.com/mexico/es-mx,OK,200,1.67
9/05/2026,13:14:58,Enterprise,https://enterprise.mx/,OK,200,2.42
9/05/2026,13:14:58,Europcar,https://www.europcar.com.mx/,OK,200,0.9
9/05/2026,14:54:48,Hertz,https://www.hertzmexico.com/,OK,200,0.57
9/05/2026,14:54:48,Dollar,https://dollarmexico.com.mx/,OK,200,0.42
9/05/2026,14:54:48,Thrifty,https://www.thrifty.com.mx/,OK,200,0.47
9/05/2026,14:54:48,Firefly,https://www.fireflycarrental.com.mx/,OK,200,0.44
9/05/2026,14:54:48,Avis,https://avis.mx/,OK,200,0.86
9/05/2026,14:54:48,National,https://nationalcar.com.mx/,OK,200,3.84
9/05/2026,14:54:48,Alamo,https://www.alamo.com.mx/es,OK,200,1.12
9/05/2026,14:54:48,Mex Rent A Car,https://mexrentacar.com/es/index,OK,200,1.09
9/05/2026,14:54:48,Budget,https://budget.com.mx/#/,OK,200,0.69
9/05/2026,14:54:48,Localiza,https://www.localiza.com/mexico/es-mx,OK,200,1.54
9/05/2026,14:54:48,Enterprise,https://enterprise.mx/,OK,200,6.51
9/05/2026,14:54:48,Europcar,https://www.europcar.com.mx/,OK,200,0.51
9/05/2026,16:56:14,Hertz,https://www.hertzmexico.com/,OK,200,0.4
9/05/2026,16:56:14,Dollar,https://dollarmexico.com.mx/,OK,200,0.37
9/05/2026,16:56:14,Thrifty,https://www.thrifty.com.mx/,OK,200,0.48
9/05/2026,16:56:14,Firefly,https://www.fireflycarrental.com.mx/,OK,200,0.49
9/05/2026,16:56:14,Avis,https://avis.mx/,OK,200,1.01
9/05/2026,16:56:14,National,https://nationalcar.com.mx/,OK,200,3.8
9/05/2026,16:56:14,Alamo,https://www.alamo.com.mx/es,OK,200,1.41
9/05/2026,16:56:14,Mex Rent A Car,https://mexrentacar.com/es/index,OK,200,1.18
9/05/2026,16:56:14,Budget,https://budget.com.mx/#/,OK,200,0.72
9/05/2026,16:56:14,Localiza,https://www.localiza.com/mexico/es-mx,OK,200,0.9
9/05/2026,16:56:14,Enterprise,https://enterprise.mx/,OK,200,2.54
9/05/2026,16:56:14,Europcar,https://www.europcar.com.mx/,OK,200,2.5
9/05/2026,22:00:22,Hertz,https://www.hertzmexico.com/,OK,200,0.32
9/05/2026,22:00:22,Dollar,https://dollarmexico.com.mx/,OK,200,0.34
9/05/2026,22:00:22,Thrifty,https://www.thrifty.com.mx/,OK,200,0.34
9/05/2026,22:00:22,Firefly,https://www.fireflycarrental.com.mx/,OK,200,0.4
9/05/2026,22:00:22,Avis,https://avis.mx/,OK,200,0.98
9/05/2026,22:00:22,National,https://nationalcar.com.mx/,OK,200,3.36
9/05/2026,22:00:22,Alamo,https://www.alamo.com.mx/es,OK,200,1.19
9/05/2026,22:00:22,Mex Rent A Car,https://mexrentacar.com/es/index,OK,200,1.05
9/05/2026,22:00:22,Budget,https://budget.com.mx/#/,OK,200,0.92
9/05/2026,22:00:22,Localiza,https://www.localiza.com/mexico/es-mx,OK,200,1.27
9/05/2026,22:00:22,Enterprise,https://enterprise.mx/,OK,200,1.97
9/05/2026,22:00:22,Europcar,https://www.europcar.com.mx/,OK,200,4.66
10/05/2026,00:41:01,Hertz,https://www.hertzmexico.com/,OK,200,0.47
10/05/2026,00:41:01,Dollar,https://dollarmexico.com.mx/,OK,200,0.34
10/05/2026,00:41:01,Thrifty,https://www.thrifty.com.mx/,OK,200,0.74
10/05/2026,00:41:01,Firefly,https://www.fireflycarrental.com.mx/,OK,200,0.46
10/05/2026,00:41:01,Avis,https://avis.mx/,OK,200,1.03
10/05/2026,00:41:01,National,https://nationalcar.com.mx/,OK,200,3.36
10/05/2026,00:41:01,Alamo,https://www.alamo.com.mx/es,OK,200,1.16
10/05/2026,00:41:01,Mex Rent A Car,https://mexrentacar.com/es/index,OK,200,0.93
10/05/2026,00:41:01,Budget,https://budget.com.mx/#/,OK,200,0.6
10/05/2026,00:41:01,Localiza,https://www.localiza.com/mexico/es-mx,OK,200,0.82
10/05/2026,00:41:01,Enterprise,https://enterprise.mx/,OK,200,2.45
10/05/2026,00:41:01,Europcar,https://www.europcar.com.mx/,OK,200,1.04
10/05/2026,03:44:51,Hertz,https://www.hertzmexico.com/,OK,200,0.57
10/05/2026,03:44:51,Dollar,https://dollarmexico.com.mx/,OK,200,0.81
10/05/2026,03:44:51,Thrifty,https://www.thrifty.com.mx/,OK,200,0.67
10/05/2026,03:44:51,Firefly,https://www.fireflycarrental.com.mx/,OK,200,0.75
10/05/2026,03:44:51,Avis,https://avis.mx/,OK,200,0.78
10/05/2026,03:44:51,National,https://nationalcar.com.mx/,OK,200,2.25
10/05/2026,03:44:51,Alamo,https://www.alamo.com.mx/es,OK,200,1.7
10/05/2026,03:44:51,Mex Rent A Car,https://mexrentacar.com/es/index,OK,200,0.43
10/05/2026,03:44:51,Budget,https://budget.com.mx/#/,OK,200,0.73
10/05/2026,03:44:51,Localiza,https://www.localiza.com/mexico/es-mx,OK,200,0.71
10/05/2026,03:44:51,Enterprise,https://enterprise.mx/,OK,200,8.46
10/05/2026,03:44:51,Europcar,https://www.europcar.com.mx/,OK,200,3.91
10/05/2026,05:05:17,Hertz,https://www.hertzmexico.com/,OK,200,0.34
10/05/2026,05:05:17,Dollar,https://dollarmexico.com.mx/,OK,200,0.61
10/05/2026,05:05:17,Thrifty,https://www.thrifty.com.mx/,OK,200,0.83
10/05/2026,05:05:17,Firefly,https://www.fireflycarrental.com.mx/,OK,200,0.67
10/05/2026,05:05:17,Avis,https://avis.mx/,OK,200,0.88
10/05/2026,05:05:17,National,https://nationalcar.com.mx/,OK,200,3.28
10/05/2026,05:05:17,Alamo,https://www.alamo.com.mx/es,OK,200,1.27
10/05/2026,05:05:17,Mex Rent A Car,https://mexrentacar.com/es/index,OK,200,0.84
10/05/2026,05:05:17,Budget,https://budget.com.mx/#/,OK,200,0.69
10/05/2026,05:05:17,Localiza,https://www.localiza.com/mexico/es-mx,OK,200,1.63
10/05/2026,05:05:17,Enterprise,https://enterprise.mx/,OK,200,2.24
10/05/2026,05:05:17,Europcar,https://www.europcar.com.mx/,OK,200,0.75
10/05/2026,07:45:49,Hertz,https://www.hertzmexico.com/,OK,200,0.69
10/05/2026,07:45:49,Dollar,https://dollarmexico.com.mx/,OK,200,0.9
10/05/2026,07:45:49,Thrifty,https://www.thrifty.com.mx/,OK,200,0.42
10/05/2026,07:45:49,Firefly,https://www.fireflycarrental.com.mx/,OK,200,0.83
10/05/2026,07:45:49,Avis,https://avis.mx/,OK,200,0.96
10/05/2026,07:45:49,National,https://nationalcar.com.mx/,OK,200,2.28
10/05/2026,07:45:49,Alamo,https://www.alamo.com.mx/es,OK,200,1.96
10/05/2026,07:45:49,Mex Rent A Car,https://mexrentacar.com/es/index,OK,200,0.5
10/05/2026,07:45:49,Budget,https://budget.com.mx/#/,OK,200,0.43
10/05/2026,07:45:49,Localiza,https://www.localiza.com/mexico/es-mx,OK,200,0.84
10/05/2026,07:45:49,Enterprise,https://enterprise.mx/,OK,200,1.59
10/05/2026,07:45:49,Europcar,https://www.europcar.com.mx/,OK,200,0.73
10/05/2026,09:01:28,Hertz,https://www.hertzmexico.com/,OK,200,0.67
10/05/2026,09:01:28,Dollar,https://dollarmexico.com.mx/,OK,200,0.97
10/05/2026,09:01:28,Thrifty,https://www.thrifty.com.mx/,OK,200,0.43
10/05/2026,09:01:28,Firefly,https://www.fireflycarrental.com.mx/,OK,200,1.08
10/05/2026,09:01:28,Avis,https://avis.mx/,OK,200,0.96
10/05/2026,09:01:28,National,https://nationalcar.com.mx/,OK,200,2.53
10/05/2026,09:01:28,Alamo,https://www.alamo.com.mx/es,OK,200,1.7
10/05/2026,09:01:28,Mex Rent A Car,https://mexrentacar.com/es/index,OK,200,0.49
10/05/2026,09:01:28,Budget,https://budget.com.mx/#/,OK,200,0.76
10/05/2026,09:01:28,Localiza,https://www.localiza.com/mexico/es-mx,OK,200,0.76
10/05/2026,09:01:28,Enterprise,https://enterprise.mx/,OK,200,1.54
10/05/2026,09:01:28,Europcar,https://www.europcar.com.mx/,OK,200,4.18
10/05/2026,11:03:50,Hertz,https://www.hertzmexico.com/,OK,200,0.32
10/05/2026,11:03:50,Dollar,https://dollarmexico.com.mx/,OK,200,0.35
10/05/2026,11:03:50,Thrifty,https://www.thrifty.com.mx/,OK,200,0.76
10/05/2026,11:03:50,Firefly,https://www.fireflycarrental.com.mx/,OK,200,0.64
10/05/2026,11:03:50,Avis,https://avis.mx/,OK,200,0.95
10/05/2026,11:03:50,National,https://nationalcar.com.mx/,OK,200,3.25
10/05/2026,11:03:50,Alamo,https://www.alamo.com.mx/es,OK,200,1.35
10/05/2026,11:03:50,Mex Rent A Car,https://mexrentacar.com/es/index,OK,200,0.89
10/05/2026,11:03:50,Budget,https://budget.com.mx/#/,OK,200,0.48
10/05/2026,11:03:50,Localiza,https://www.localiza.com/mexico/es-mx,OK,200,1.72
10/05/2026,11:03:50,Enterprise,https://enterprise.mx/,OK,200,2.18
10/05/2026,11:03:50,Europcar,https://www.europcar.com.mx/,OK,200,0.69
10/05/2026,13:15:53,Hertz,https://www.hertzmexico.com/,OK,200,0.3
10/05/2026,13:15:53,Dollar,https://dollarmexico.com.mx/,OK,200,0.39
10/05/2026,13:15:53,Thrifty,https://www.thrifty.com.mx/,OK,200,0.76
10/05/2026,13:15:53,Firefly,https://www.fireflycarrental.com.mx/,OK,200,0.67
10/05/2026,13:15:53,Avis,https://avis.mx/,OK,200,1.13
10/05/2026,13:15:53,National,https://nationalcar.com.mx/,OK,200,3.35
10/05/2026,13:15:53,Alamo,https://www.alamo.com.mx/es,OK,200,2.06
10/05/2026,13:15:53,Mex Rent A Car,https://mexrentacar.com/es/index,OK,200,0.94
10/05/2026,13:15:53,Budget,https://budget.com.mx/#/,OK,200,0.62
10/05/2026,13:15:53,Localiza,https://www.localiza.com/mexico/es-mx,OK,200,1.02
10/05/2026,13:15:53,Enterprise,https://enterprise.mx/,OK,200,2.15
10/05/2026,13:15:53,Europcar,https://www.europcar.com.mx/,OK,200,1.15
10/05/2026,14:58:11,Hertz,https://www.hertzmexico.com/,OK,200,0.36
10/05/2026,14:58:11,Dollar,https://dollarmexico.com.mx/,OK,200,0.59
10/05/2026,14:58:11,Thrifty,https://www.thrifty.com.mx/,OK,200,0.7
10/05/2026,14:58:11,Firefly,https://www.fireflycarrental.com.mx/,OK,200,0.54
10/05/2026,14:58:11,Avis,https://avis.mx/,OK,200,0.96
10/05/2026,14:58:11,National,https://nationalcar.com.mx/,OK,200,3.05
10/05/2026,14:58:11,Alamo,https://www.alamo.com.mx/es,OK,200,1.23
10/05/2026,14:58:11,Mex Rent A Car,https://mexrentacar.com/es/index,OK,200,0.66
10/05/2026,14:58:11,Budget,https://budget.com.mx/#/,OK,200,0.44
10/05/2026,14:58:11,Localiza,https://www.localiza.com/mexico/es-mx,OK,200,1.31
10/05/2026,14:58:11,Enterprise,https://enterprise.mx/,OK,200,1.77
10/05/2026,14:58:11,Europcar,https://www.europcar.com.mx/,OK,200,0.85
10/05/2026,16:56:41,Hertz,https://www.hertzmexico.com/,OK,200,0.33
10/05/2026,16:56:41,Dollar,https://dollarmexico.com.mx/,OK,200,0.63
10/05/2026,16:56:41,Thrifty,https://www.thrifty.com.mx/,OK,200,0.37
10/05/2026,16:56:41,Firefly,https://www.fireflycarrental.com.mx/,OK,200,0.6
10/05/2026,16:56:41,Avis,https://avis.mx/,OK,200,0.86
10/05/2026,16:56:41,National,https://nationalcar.com.mx/,OK,200,2.38
10/05/2026,16:56:41,Alamo,https://www.alamo.com.mx/es,OK,200,1.68
10/05/2026,16:56:41,Mex Rent A Car,https://mexrentacar.com/es/index,OK,200,0.47
10/05/2026,16:56:41,Budget,https://budget.com.mx/#/,OK,200,0.49
10/05/2026,16:56:41,Localiza,https://www.localiza.com/mexico/es-mx,OK,200,1.23
10/05/2026,16:56:41,Enterprise,https://enterprise.mx/,OK,200,1.44
10/05/2026,16:56:41,Europcar,https://www.europcar.com.mx/,OK,200,1.51
10/05/2026,22:11:23,Hertz,https://www.hertzmexico.com/,OK,200,0.35
10/05/2026,22:11:23,Dollar,https://dollarmexico.com.mx/,OK,200,0.36
10/05/2026,22:11:23,Thrifty,https://www.thrifty.com.mx/,OK,200,0.81
10/05/2026,22:11:23,Firefly,https://www.fireflycarrental.com.mx/,OK,200,0.53
10/05/2026,22:11:23,Avis,https://avis.mx/,OK,200,0.95
10/05/2026,22:11:23,National,https://nationalcar.com.mx/,OK,200,3.27
10/05/2026,22:11:23,Alamo,https://www.alamo.com.mx/es,OK,200,1.54
10/05/2026,22:11:23,Mex Rent A Car,https://mexrentacar.com/es/index,OK,200,0.72
10/05/2026,22:11:23,Budget,https://budget.com.mx/#/,OK,200,0.55
10/05/2026,22:11:23,Localiza,https://www.localiza.com/mexico/es-mx,OK,200,1.1
10/05/2026,22:11:23,Enterprise,https://enterprise.mx/,OK,200,1.92
10/05/2026,22:11:23,Europcar,https://www.europcar.com.mx/,OK,200,0.66
11/05/2026,03:55:55,Hertz,https://www.hertzmexico.com/,OK,200,0.29
11/05/2026,03:55:55,Dollar,https://dollarmexico.com.mx/,OK,200,0.37
11/05/2026,03:55:55,Thrifty,https://www.thrifty.com.mx/,OK,200,0.52
11/05/2026,03:55:55,Firefly,https://www.fireflycarrental.com.mx/,OK,200,0.33
11/05/2026,03:55:55,Avis,https://avis.mx/,OK,200,0.97
11/05/2026,03:55:55,National,https://nationalcar.com.mx/,OK,200,3.78
11/05/2026,03:55:55,Alamo,https://www.alamo.com.mx/es,OK,200,1.17
11/05/2026,03:55:55,Mex Rent A Car,https://mexrentacar.com/es/index,OK,200,1.15
11/05/2026,03:55:55,Budget,https://budget.com.mx/#/,OK,200,0.45
11/05/2026,03:55:55,Localiza,https://www.localiza.com/mexico/es-mx,OK,200,1.23
11/05/2026,03:55:55,Enterprise,https://enterprise.mx/,OK,200,2.45
11/05/2026,03:55:55,Europcar,https://www.europcar.com.mx/,OK,200,0.59
11/05/2026,06:45:17,Hertz,https://www.hertzmexico.com/,OK,200,0.46
11/05/2026,06:45:17,Dollar,https://dollarmexico.com.mx/,OK,200,0.37
11/05/2026,06:45:17,Thrifty,https://www.thrifty.com.mx/,OK,200,0.49
11/05/2026,06:45:17,Firefly,https://www.fireflycarrental.com.mx/,OK,200,0.4
11/05/2026,06:45:17,Avis,https://avis.mx/,OK,200,1.28
11/05/2026,06:45:17,National,https://nationalcar.com.mx/,OK,200,3.43
11/05/2026,06:45:17,Alamo,https://www.alamo.com.mx/es,OK,200,1.31
11/05/2026,06:45:17,Mex Rent A Car,https://mexrentacar.com/es/index,OK,200,0.9
11/05/2026,06:45:17,Budget,https://budget.com.mx/#/,OK,200,0.49
11/05/2026,06:45:17,Localiza,https://www.localiza.com/mexico/es-mx,OK,200,1.45
11/05/2026,06:45:17,Enterprise,https://enterprise.mx/,OK,200,2.29
11/05/2026,06:45:17,Europcar,https://www.europcar.com.mx/,OK,200,0.72
11/05/2026,10:36:44,Hertz,https://www.hertzmexico.com/,OK,200,0.37
11/05/2026,10:36:44,Dollar,https://dollarmexico.com.mx/,OK,200,0.31
11/05/2026,10:36:44,Thrifty,https://www.thrifty.com.mx/,OK,200,0.54
11/05/2026,10:36:44,Firefly,https://www.fireflycarrental.com.mx/,OK,200,0.43
11/05/2026,10:36:44,Avis,https://avis.mx/,OK,200,0.98
11/05/2026,10:36:44,National,https://nationalcar.com.mx/,OK,200,3.96
11/05/2026,10:36:44,Alamo,https://www.alamo.com.mx/es,OK,200,1.18
11/05/2026,10:36:44,Mex Rent A Car,https://mexrentacar.com/es/index,OK,200,1.08
11/05/2026,10:36:44,Budget,https://budget.com.mx/#/,OK,200,0.7
11/05/2026,10:36:44,Localiza,https://www.localiza.com/mexico/es-mx,OK,200,0.74
11/05/2026,10:36:44,Enterprise,https://enterprise.mx/,OK,200,2.34
11/05/2026,10:36:44,Europcar,https://www.europcar.com.mx/,OK,200,0.62
11/05/2026,13:58:30,Hertz,https://www.hertzmexico.com/,OK,200,0.33
11/05/2026,13:58:30,Dollar,https://dollarmexico.com.mx/,OK,200,0.59
11/05/2026,13:58:30,Thrifty,https://www.thrifty.com.mx/,OK,200,0.3
11/05/2026,13:58:30,Firefly,https://www.fireflycarrental.com.mx/,OK,200,0.74
11/05/2026,13:58:30,Avis,https://avis.mx/,OK,200,0.97
11/05/2026,13:58:30,National,https://nationalcar.com.mx/,OK,200,2.45
11/05/2026,13:58:30,Alamo,https://www.alamo.com.mx/es,OK,200,1.94
11/05/2026,13:58:30,Mex Rent A Car,https://mexrentacar.com/es/index,OK,200,0.52
11/05/2026,13:58:30,Budget,https://budget.com.mx/#/,OK,200,1.21
11/05/2026,13:58:30,Localiza,https://www.localiza.com/mexico/es-mx,OK,200,0.79
11/05/2026,13:58:30,Enterprise,https://enterprise.mx/,OK,200,1.47
11/05/2026,13:58:30,Europcar,https://www.europcar.com.mx/,OK,200,2.81
11/05/2026,15:25:39,Hertz,https://www.hertzmexico.com/,OK,200,0.25
11/05/2026,15:25:39,Dollar,https://dollarmexico.com.mx/,OK,200,0.3
11/05/2026,15:25:39,Thrifty,https://www.thrifty.com.mx/,OK,200,0.41
11/05/2026,15:25:39,Firefly,https://www.fireflycarrental.com.mx/,OK,200,0.56
11/05/2026,15:25:39,Avis,https://avis.mx/,OK,200,1.06
11/05/2026,15:25:39,National,https://nationalcar.com.mx/,OK,200,3.81
11/05/2026,15:25:39,Alamo,https://www.alamo.com.mx/es,OK,200,1.05
11/05/2026,15:25:39,Mex Rent A Car,https://mexrentacar.com/es/index,OK,200,1.22
11/05/2026,15:25:39,Budget,https://budget.com.mx/#/,OK,200,0.47
11/05/2026,15:25:39,Localiza,https://www.localiza.com/mexico/es-mx,OK,200,1.12
11/05/2026,15:25:39,Enterprise,https://enterprise.mx/,OK,200,2.58
11/05/2026,15:25:39,Europcar,https://www.europcar.com.mx/,OK,200,0.45
11/05/2026,17:02:43,Hertz,https://www.hertzmexico.com/,OK,200,0.33
11/05/2026,17:02:43,Dollar,https://dollarmexico.com.mx/,OK,200,0.66
11/05/2026,17:02:43,Thrifty,https://www.thrifty.com.mx/,OK,200,0.46
11/05/2026,17:02:43,Firefly,https://www.fireflycarrental.com.mx/,OK,200,0.72
11/05/2026,17:02:43,Avis,https://avis.mx/,OK,200,1.01
11/05/2026,17:02:43,National,https://nationalcar.com.mx/,OK,200,2.33
11/05/2026,17:02:43,Alamo,https://www.alamo.com.mx/es,OK,200,1.58
11/05/2026,17:02:43,Mex Rent A Car,https://mexrentacar.com/es/index,OK,200,0.55
11/05/2026,17:02:43,Budget,https://budget.com.mx/#/,OK,200,0.5
11/05/2026,17:02:43,Localiza,https://www.localiza.com/mexico/es-mx,OK,200,0.65
11/05/2026,17:02:43,Enterprise,https://enterprise.mx/,OK,200,1.55
11/05/2026,17:02:43,Europcar,https://www.europcar.com.mx/,OK,200,0.95
11/05/2026,21:55:11,Hertz,https://www.hertzmexico.com/,OK,200,0.36
11/05/2026,21:55:11,Dollar,https://dollarmexico.com.mx/,OK,200,0.41
11/05/2026,21:55:11,Thrifty,https://www.thrifty.com.mx/,OK,200,0.44
11/05/2026,21:55:11,Firefly,https://www.fireflycarrental.com.mx/,OK,200,0.46
11/05/2026,21:55:11,Avis,https://avis.mx/,OK,200,0.85
11/05/2026,21:55:11,National,https://nationalcar.com.mx/,OK,200,3.46
11/05/2026,21:55:11,Alamo,https://www.alamo.com.mx/es,OK,200,1.35
11/05/2026,21:55:11,Mex Rent A Car,https://mexrentacar.com/es/index,OK,200,0.96
11/05/2026,21:55:11,Budget,https://budget.com.mx/#/,OK,200,0.52
11/05/2026,21:55:11,Localiza,https://www.localiza.com/mexico/es-mx,OK,200,1.1
11/05/2026,21:55:11,Enterprise,https://enterprise.mx/,OK,200,2.14
11/05/2026,21:55:11,Europcar,https://www.europcar.com.mx/,OK,200,0.49
12/05/2026,00:42:48,Hertz,https://www.hertzmexico.com/,OK,200,0.47
12/05/2026,00:42:48,Dollar,https://dollarmexico.com.mx/,OK,200,0.56
12/05/2026,00:42:48,Thrifty,https://www.thrifty.com.mx/,OK,200,0.36
12/05/2026,00:42:48,Firefly,https://www.fireflycarrental.com.mx/,OK,200,0.54
12/05/2026,00:42:48,Avis,https://avis.mx/,OK,200,1.05
12/05/2026,00:42:48,National,https://nationalcar.com.mx/,OK,200,3.22
12/05/2026,00:42:48,Alamo,https://www.alamo.com.mx/es,OK,200,1.21
12/05/2026,00:42:48,Mex Rent A Car,https://mexrentacar.com/es/index,OK,200,1.06
12/05/2026,00:42:48,Budget,https://budget.com.mx/#/,OK,200,0.48
12/05/2026,00:42:48,Localiza,https://www.localiza.com/mexico/es-mx,OK,200,1.29
12/05/2026,00:42:48,Enterprise,https://enterprise.mx/,OK,200,2.16
12/05/2026,00:42:48,Europcar,https://www.europcar.com.mx/,OK,200,0.69
12/05/2026,04:39:25,Hertz,https://www.hertzmexico.com/,OK,200,0.26
12/05/2026,04:39:25,Dollar,https://dollarmexico.com.mx/,OK,200,0.39
12/05/2026,04:39:25,Thrifty,https://www.thrifty.com.mx/,OK,200,0.51
12/05/2026,04:39:25,Firefly,https://www.fireflycarrental.com.mx/,OK,200,0.33
12/05/2026,04:39:25,Avis,https://avis.mx/,OK,200,0.8
12/05/2026,04:39:25,National,https://nationalcar.com.mx/,OK,200,3.42
12/05/2026,04:39:25,Alamo,https://www.alamo.com.mx/es,OK,200,1.21
12/05/2026,04:39:25,Mex Rent A Car,https://mexrentacar.com/es/index,OK,200,1.19
12/05/2026,04:39:25,Budget,https://budget.com.mx/#/,OK,200,0.56
12/05/2026,04:39:25,Localiza,https://www.localiza.com/mexico/es-mx,OK,200,0.98
12/05/2026,04:39:25,Enterprise,https://enterprise.mx/,OK,200,2.21
12/05/2026,04:39:25,Europcar,https://www.europcar.com.mx/,OK,200,0.81
12/05/2026,08:43:33,Hertz,https://www.hertzmexico.com/,OK,200,0.34
12/05/2026,08:43:33,Dollar,https://dollarmexico.com.mx/,OK,200,0.39
12/05/2026,08:43:33,Thrifty,https://www.thrifty.com.mx/,OK,200,0.36
12/05/2026,08:43:33,Firefly,https://www.fireflycarrental.com.mx/,OK,200,0.49
12/05/2026,08:43:33,Avis,https://avis.mx/,OK,200,1.09
12/05/2026,08:43:33,National,https://nationalcar.com.mx/,OK,200,3.63
12/05/2026,08:43:33,Alamo,https://www.alamo.com.mx/es,OK,200,1.15
12/05/2026,08:43:33,Mex Rent A Car,https://mexrentacar.com/es/index,OK,200,1.13
12/05/2026,08:43:33,Budget,https://budget.com.mx/#/,OK,200,0.7
12/05/2026,08:43:33,Localiza,https://www.localiza.com/mexico/es-mx,OK,200,1.35
12/05/2026,08:43:33,Enterprise,https://enterprise.mx/,OK,200,2.46
12/05/2026,08:43:33,Europcar,https://www.europcar.com.mx/,OK,200,0.67
12/05/2026,12:07:36,Hertz,https://www.hertzmexico.com/,OK,200,0.36
12/05/2026,12:07:36,Dollar,https://dollarmexico.com.mx/,OK,200,0.43
12/05/2026,12:07:36,Thrifty,https://www.thrifty.com.mx/,OK,200,0.56
12/05/2026,12:07:36,Firefly,https://www.fireflycarrental.com.mx/,OK,200,0.49
12/05/2026,12:07:36,Avis,https://avis.mx/,OK,200,0.91
12/05/2026,12:07:36,National,https://nationalcar.com.mx/,OK,200,3.19
12/05/2026,12:07:36,Alamo,https://www.alamo.com.mx/es,OK,200,1.62
12/05/2026,12:07:36,Mex Rent A Car,https://mexrentacar.com/es/index,OK,200,0.71
12/05/2026,12:07:36,Budget,https://budget.com.mx/#/,OK,200,0.5
12/05/2026,12:07:36,Localiza,https://www.localiza.com/mexico/es-mx,OK,200,2.33
12/05/2026,12:07:36,Enterprise,https://enterprise.mx/,OK,200,1.89
12/05/2026,12:07:36,Europcar,https://www.europcar.com.mx/,OK,200,0.69
12/05/2026,15:25:30,Hertz,https://www.hertzmexico.com/,OK,200,0.3
12/05/2026,15:25:30,Dollar,https://dollarmexico.com.mx/,OK,200,0.63
12/05/2026,15:25:30,Thrifty,https://www.thrifty.com.mx/,OK,200,0.77
12/05/2026,15:25:30,Firefly,https://www.fireflycarrental.com.mx/,OK,200,0.52
12/05/2026,15:25:30,Avis,https://avis.mx/,OK,200,0.95
12/05/2026,15:25:30,National,https://nationalcar.com.mx/,OK,200,2.27
12/05/2026,15:25:30,Alamo,https://www.alamo.com.mx/es,OK,200,2.16
12/05/2026,15:25:30,Mex Rent A Car,https://mexrentacar.com/es/index,OK,200,0.52
12/05/2026,15:25:30,Budget,https://budget.com.mx/#/,OK,200,0.75
12/05/2026,15:25:30,Localiza,https://www.localiza.com/mexico/es-mx,OK,200,1.77
12/05/2026,15:25:30,Enterprise,https://enterprise.mx/,OK,200,1.38
12/05/2026,15:25:30,Europcar,https://www.europcar.com.mx/,OK,200,0.96
12/05/2026,17:09:23,Hertz,https://www.hertzmexico.com/,OK,200,0.48
12/05/2026,17:09:23,Dollar,https://dollarmexico.com.mx/,OK,200,0.36
12/05/2026,17:09:23,Thrifty,https://www.thrifty.com.mx/,OK,200,0.33
12/05/2026,17:09:23,Firefly,https://www.fireflycarrental.com.mx/,OK,200,0.33
12/05/2026,17:09:23,Avis,https://avis.mx/,OK,200,1.05
12/05/2026,17:09:23,National,https://nationalcar.com.mx/,OK,200,3.27
12/05/2026,17:09:23,Alamo,https://www.alamo.com.mx/es,OK,200,1.2
12/05/2026,17:09:23,Mex Rent A Car,https://mexrentacar.com/es/index,OK,200,1.02
12/05/2026,17:09:23,Budget,https://budget.com.mx/#/,OK,200,0.55
12/05/2026,17:09:23,Localiza,https://www.localiza.com/mexico/es-mx,OK,200,0.89
12/05/2026,17:09:23,Enterprise,https://enterprise.mx/,OK,200,2.09
12/05/2026,17:09:23,Europcar,https://www.europcar.com.mx/,OK,200,0.63
12/05/2026,22:03:44,Hertz,https://www.hertzmexico.com/,OK,200,0.34
12/05/2026,22:03:44,Dollar,https://dollarmexico.com.mx/,OK,200,0.31
12/05/2026,22:03:44,Thrifty,https://www.thrifty.com.mx/,OK,200,0.31
12/05/2026,22:03:44,Firefly,https://www.fireflycarrental.com.mx/,OK,200,0.88
12/05/2026,22:03:44,Avis,https://avis.mx/,OK,200,0.99
12/05/2026,22:03:44,National,https://nationalcar.com.mx/,OK,200,3.23
12/05/2026,22:03:44,Alamo,https://www.alamo.com.mx/es,OK,200,1.14
12/05/2026,22:03:44,Mex Rent A Car,https://mexrentacar.com/es/index,OK,200,0.92
12/05/2026,22:03:44,Budget,https://budget.com.mx/#/,OK,200,0.49
12/05/2026,22:03:44,Localiza,https://www.localiza.com/mexico/es-mx,OK,200,0.8
12/05/2026,22:03:44,Enterprise,https://enterprise.mx/,OK,200,2.13
12/05/2026,22:03:44,Europcar,https://www.europcar.com.mx/,OK,200,1.92
13/05/2026,02:54:14,Hertz,https://www.hertzmexico.com/,OK,200,0.36
13/05/2026,02:54:14,Dollar,https://dollarmexico.com.mx/,OK,200,1.91
13/05/2026,02:54:14,Thrifty,https://www.thrifty.com.mx/,OK,200,1.03
13/05/2026,02:54:14,Firefly,https://www.fireflycarrental.com.mx/,OK,200,1.51
13/05/2026,02:54:14,Avis,https://avis.mx/,OK,200,0.96
13/05/2026,02:54:14,National,https://nationalcar.com.mx/,OK,200,2.34
13/05/2026,02:54:14,Alamo,https://www.alamo.com.mx/es,OK,200,1.83
13/05/2026,02:54:14,Mex Rent A Car,https://mexrentacar.com/es/index,OK,200,0.5
13/05/2026,02:54:14,Budget,https://budget.com.mx/#/,OK,200,0.76
13/05/2026,02:54:14,Localiza,https://www.localiza.com/mexico/es-mx,OK,200,0.85
13/05/2026,02:54:14,Enterprise,https://enterprise.mx/,OK,200,1.59
13/05/2026,02:54:14,Europcar,https://www.europcar.com.mx/,OK,200,0.73
13/05/2026,06:11:07,Hertz,https://www.hertzmexico.com/,OK,200,0.31
13/05/2026,06:11:07,Dollar,https://dollarmexico.com.mx/,OK,200,0.44
13/05/2026,06:11:07,Thrifty,https://www.thrifty.com.mx/,OK,200,0.56
13/05/2026,06:11:07,Firefly,https://www.fireflycarrental.com.mx/,OK,200,0.69
13/05/2026,06:11:07,Avis,https://avis.mx/,OK,200,0.74
13/05/2026,06:11:07,National,https://nationalcar.com.mx/,OK,200,3.46
13/05/2026,06:11:07,Alamo,https://www.alamo.com.mx/es,OK,200,1.36
13/05/2026,06:11:07,Mex Rent A Car,https://mexrentacar.com/es/index,OK,200,0.91
13/05/2026,06:11:07,Budget,https://budget.com.mx/#/,OK,200,0.58
13/05/2026,06:11:07,Localiza,https://www.localiza.com/mexico/es-mx,OK,200,1.17
13/05/2026,06:11:07,Enterprise,https://enterprise.mx/,OK,200,2.09
13/05/2026,06:11:07,Europcar,https://www.europcar.com.mx/,OK,200,0.66
13/05/2026,10:27:30,Hertz,https://www.hertzmexico.com/,OK,200,0.41
13/05/2026,10:27:30,Dollar,https://dollarmexico.com.mx/,OK,200,0.47
13/05/2026,10:27:30,Thrifty,https://www.thrifty.com.mx/,OK,200,0.37
13/05/2026,10:27:30,Firefly,https://www.fireflycarrental.com.mx/,OK,200,0.44
13/05/2026,10:27:30,Avis,https://avis.mx/,OK,200,0.82
13/05/2026,10:27:30,National,https://nationalcar.com.mx/,OK,200,2.6
13/05/2026,10:27:30,Alamo,https://www.alamo.com.mx/es,OK,200,1.81
13/05/2026,10:27:30,Mex Rent A Car,https://mexrentacar.com/es/index,OK,200,0.6
13/05/2026,10:27:30,Budget,https://budget.com.mx/#/,OK,200,0.6
13/05/2026,10:27:30,Localiza,https://www.localiza.com/mexico/es-mx,OK,200,0.98
13/05/2026,10:27:30,Enterprise,https://enterprise.mx/,OK,200,1.59
13/05/2026,10:27:30,Europcar,https://www.europcar.com.mx/,OK,200,0.79
13/05/2026,14:04:41,Hertz,https://www.hertzmexico.com/,OK,200,0.39
13/05/2026,14:04:41,Dollar,https://dollarmexico.com.mx/,OK,200,0.3
13/05/2026,14:04:41,Thrifty,https://www.thrifty.com.mx/,OK,200,0.29
13/05/2026,14:04:41,Firefly,https://www.fireflycarrental.com.mx/,OK,200,0.39
13/05/2026,14:04:41,Avis,https://avis.mx/,OK,200,0.9
13/05/2026,14:04:41,National,https://nationalcar.com.mx/,OK,200,3.33
13/05/2026,14:04:41,Alamo,https://www.alamo.com.mx/es,OK,200,1.1
13/05/2026,14:04:41,Mex Rent A Car,https://mexrentacar.com/es/index,OK,200,0.98
13/05/2026,14:04:41,Budget,https://budget.com.mx/#/,OK,200,0.59
13/05/2026,14:04:41,Localiza,https://www.localiza.com/mexico/es-mx,OK,200,1.25
13/05/2026,14:04:41,Enterprise,https://enterprise.mx/,OK,200,15.96
13/05/2026,14:04:41,Europcar,https://www.europcar.com.mx/,OK,200,0.62
13/05/2026,17:13:13,Hertz,https://www.hertzmexico.com/,OK,200,0.29
13/05/2026,17:13:13,Dollar,https://dollarmexico.com.mx/,OK,200,0.48
13/05/2026,17:13:13,Thrifty,https://www.thrifty.com.mx/,OK,200,0.41
13/05/2026,17:13:13,Firefly,https://www.fireflycarrental.com.mx/,OK,200,0.41
13/05/2026,17:13:13,Avis,https://avis.mx/,OK,200,1.3
13/05/2026,17:13:13,National,https://nationalcar.com.mx/,OK,200,3.65
13/05/2026,17:13:13,Alamo,https://www.alamo.com.mx/es,OK,200,1.42
13/05/2026,17:13:13,Mex Rent A Car,https://mexrentacar.com/es/index,OK,200,1.0
13/05/2026,17:13:13,Budget,https://budget.com.mx/#/,OK,200,0.55
13/05/2026,17:13:13,Localiza,https://www.localiza.com/mexico/es-mx,OK,200,1.17
13/05/2026,17:13:13,Enterprise,https://enterprise.mx/,OK,200,2.41
13/05/2026,17:13:13,Europcar,https://www.europcar.com.mx/,OK,200,0.92
13/05/2026,22:02:30,Hertz,https://www.hertzmexico.com/,OK,200,0.37
13/05/2026,22:02:30,Dollar,https://dollarmexico.com.mx/,OK,200,0.44
13/05/2026,22:02:30,Thrifty,https://www.thrifty.com.mx/,OK,200,0.52
13/05/2026,22:02:30,Firefly,https://www.fireflycarrental.com.mx/,OK,200,0.51
13/05/2026,22:02:30,Avis,https://avis.mx/,OK,200,1.18
13/05/2026,22:02:30,National,https://nationalcar.com.mx/,OK,200,3.75
13/05/2026,22:02:30,Alamo,https://www.alamo.com.mx/es,OK,200,1.15
13/05/2026,22:02:30,Mex Rent A Car,https://mexrentacar.com/es/index,OK,200,1.21
13/05/2026,22:02:30,Budget,https://budget.com.mx/#/,OK,200,0.76
13/05/2026,22:02:30,Localiza,https://www.localiza.com/mexico/es-mx,OK,200,1.14
13/05/2026,22:02:30,Enterprise,https://enterprise.mx/,OK,200,2.11
13/05/2026,22:02:30,Europcar,https://www.europcar.com.mx/,OK,200,0.54
14/05/2026,02:47:40,Hertz,https://www.hertzmexico.com/,OK,200,0.36
14/05/2026,02:47:40,Dollar,https://dollarmexico.com.mx/,OK,200,0.38
14/05/2026,02:47:40,Thrifty,https://www.thrifty.com.mx/,OK,200,0.42
14/05/2026,02:47:40,Firefly,https://www.fireflycarrental.com.mx/,OK,200,0.41
14/05/2026,02:47:40,Avis,https://avis.mx/,OK,200,1.34
14/05/2026,02:47:40,National,https://nationalcar.com.mx/,OK,200,3.7
14/05/2026,02:47:40,Alamo,https://www.alamo.com.mx/es,OK,200,1.2
14/05/2026,02:47:40,Mex Rent A Car,https://mexrentacar.com/es/index,OK,200,0.98
14/05/2026,02:47:40,Budget,https://budget.com.mx/#/,OK,200,0.71
14/05/2026,02:47:40,Localiza,https://www.localiza.com/mexico/es-mx,OK,200,0.75
14/05/2026,02:47:40,Enterprise,https://enterprise.mx/,OK,200,2.65
14/05/2026,02:47:40,Europcar,https://www.europcar.com.mx/,OK,200,0.73
14/05/2026,05:57:50,Hertz,https://www.hertzmexico.com/,OK,200,0.35
14/05/2026,05:57:50,Dollar,https://dollarmexico.com.mx/,OK,200,0.33
14/05/2026,05:57:50,Thrifty,https://www.thrifty.com.mx/,OK,200,0.48
14/05/2026,05:57:50,Firefly,https://www.fireflycarrental.com.mx/,OK,200,0.4
14/05/2026,05:57:50,Avis,https://avis.mx/,OK,200,1.02
14/05/2026,05:57:50,National,https://nationalcar.com.mx/,OK,200,3.45
14/05/2026,05:57:50,Alamo,https://www.alamo.com.mx/es,OK,200,1.29
14/05/2026,05:57:50,Mex Rent A Car,https://mexrentacar.com/es/index,OK,200,1.21
14/05/2026,05:57:50,Budget,https://budget.com.mx/#/,OK,200,0.65
14/05/2026,05:57:50,Localiza,https://www.localiza.com/mexico/es-mx,OK,200,1.07
14/05/2026,05:57:50,Enterprise,https://enterprise.mx/,OK,200,2.21
14/05/2026,05:57:50,Europcar,https://www.europcar.com.mx/,OK,200,3.39
14/05/2026,08:34:33,Hertz,https://www.hertzmexico.com/,OK,200,0.57
14/05/2026,08:34:33,Dollar,https://dollarmexico.com.mx/,OK,200,0.37
14/05/2026,08:34:33,Thrifty,https://www.thrifty.com.mx/,OK,200,0.41
14/05/2026,08:34:33,Firefly,https://www.fireflycarrental.com.mx/,OK,200,0.39
14/05/2026,08:34:33,Avis,https://avis.mx/,OK,200,1.07
14/05/2026,08:34:33,National,https://nationalcar.com.mx/,OK,200,2.22
14/05/2026,08:34:33,Alamo,https://www.alamo.com.mx/es,OK,200,1.64
14/05/2026,08:34:33,Mex Rent A Car,https://mexrentacar.com/es/index,OK,200,0.43
14/05/2026,08:34:33,Budget,https://budget.com.mx/#/,OK,200,1.29
14/05/2026,08:34:33,Localiza,https://www.localiza.com/mexico/es-mx,OK,200,0.8
14/05/2026,08:34:33,Enterprise,https://enterprise.mx/,OK,200,1.33
14/05/2026,08:34:33,Europcar,https://www.europcar.com.mx/,OK,200,0.68
14/05/2026,12:01:51,Hertz,https://www.hertzmexico.com/,OK,200,0.24
14/05/2026,12:01:51,Dollar,https://dollarmexico.com.mx/,OK,200,0.27
14/05/2026,12:01:51,Thrifty,https://www.thrifty.com.mx/,OK,200,0.36
14/05/2026,12:01:51,Firefly,https://www.fireflycarrental.com.mx/,OK,200,0.36
14/05/2026,12:01:51,Avis,https://avis.mx/,OK,200,0.95
14/05/2026,12:01:51,National,https://nationalcar.com.mx/,OK,200,3.71
14/05/2026,12:01:51,Alamo,https://www.alamo.com.mx/es,OK,200,1.27
14/05/2026,12:01:51,Mex Rent A Car,https://mexrentacar.com/es/index,OK,200,1.19
14/05/2026,12:01:51,Budget,https://budget.com.mx/#/,OK,200,0.65
14/05/2026,12:01:51,Localiza,https://www.localiza.com/mexico/es-mx,OK,200,0.77
14/05/2026,12:01:51,Enterprise,https://enterprise.mx/,OK,200,2.33
14/05/2026,12:01:51,Europcar,https://www.europcar.com.mx/,OK,200,0.42
14/05/2026,15:16:26,Hertz,https://www.hertzmexico.com/,OK,200,0.25
14/05/2026,15:16:26,Dollar,https://dollarmexico.com.mx/,OK,200,0.32
14/05/2026,15:16:26,Thrifty,https://www.thrifty.com.mx/,OK,200,0.34
14/05/2026,15:16:26,Firefly,https://www.fireflycarrental.com.mx/,OK,200,0.38
14/05/2026,15:16:26,Avis,https://avis.mx/,OK,200,1.11
14/05/2026,15:16:26,National,https://nationalcar.com.mx/,OK,200,3.8
14/05/2026,15:16:26,Alamo,https://www.alamo.com.mx/es,OK,200,1.14
14/05/2026,15:16:26,Mex Rent A Car,https://mexrentacar.com/es/index,OK,200,1.17
14/05/2026,15:16:26,Budget,https://budget.com.mx/#/,OK,200,0.42
14/05/2026,15:16:26,Localiza,https://www.localiza.com/mexico/es-mx,OK,200,1.0
14/05/2026,15:16:26,Enterprise,https://enterprise.mx/,OK,200,2.39
14/05/2026,15:16:26,Europcar,https://www.europcar.com.mx/,OK,200,0.73
14/05/2026,17:04:28,Hertz,https://www.hertzmexico.com/,OK,200,0.47
14/05/2026,17:04:28,Dollar,https://dollarmexico.com.mx/,OK,200,0.34
14/05/2026,17:04:28,Thrifty,https://www.thrifty.com.mx/,OK,200,0.36
14/05/2026,17:04:28,Firefly,https://www.fireflycarrental.com.mx/,OK,200,0.45
14/05/2026,17:04:28,Avis,https://avis.mx/,OK,200,1.16
14/05/2026,17:04:28,National,https://nationalcar.com.mx/,OK,200,3.39
14/05/2026,17:04:28,Alamo,https://www.alamo.com.mx/es,OK,200,1.21
14/05/2026,17:04:28,Mex Rent A Car,https://mexrentacar.com/es/index,OK,200,0.94
14/05/2026,17:04:28,Budget,https://budget.com.mx/#/,OK,200,0.52
14/05/2026,17:04:28,Localiza,https://www.localiza.com/mexico/es-mx,OK,200,1.2
14/05/2026,17:04:28,Enterprise,https://enterprise.mx/,OK,200,2.15
14/05/2026,17:04:28,Europcar,https://www.europcar.com.mx/,OK,200,0.62
14/05/2026,22:07:35,Hertz,https://www.hertzmexico.com/,OK,200,0.29
14/05/2026,22:07:35,Dollar,https://dollarmexico.com.mx/,OK,200,0.35
14/05/2026,22:07:35,Thrifty,https://www.thrifty.com.mx/,OK,200,0.45
14/05/2026,22:07:35,Firefly,https://www.fireflycarrental.com.mx/,OK,200,0.62
14/05/2026,22:07:35,Avis,https://avis.mx/,OK,200,1.1
14/05/2026,22:07:35,National,https://nationalcar.com.mx/,OK,200,3.77
14/05/2026,22:07:35,Alamo,https://www.alamo.com.mx/es,OK,200,1.28
14/05/2026,22:07:35,Mex Rent A Car,https://mexrentacar.com/es/index,OK,200,1.11
14/05/2026,22:07:35,Budget,https://budget.com.mx/#/,OK,200,0.64
14/05/2026,22:07:35,Localiza,https://www.localiza.com/mexico/es-mx,OK,200,1.07
14/05/2026,22:07:35,Enterprise,https://enterprise.mx/,OK,200,2.53
14/05/2026,22:07:35,Europcar,https://www.europcar.com.mx/,OK,200,0.61
15/05/2026,03:19:49,Hertz,https://www.hertzmexico.com/,OK,200,0.29
15/05/2026,03:19:49,Dollar,https://dollarmexico.com.mx/,OK,200,0.4
15/05/2026,03:19:49,Thrifty,https://www.thrifty.com.mx/,OK,200,1.02
15/05/2026,03:19:49,Firefly,https://www.fireflycarrental.com.mx/,OK,200,0.48
15/05/2026,03:19:49,Avis,https://avis.mx/,OK,200,0.85
15/05/2026,03:19:49,National,https://nationalcar.com.mx/,OK,200,3.31
15/05/2026,03:19:49,Alamo,https://www.alamo.com.mx/es,OK,200,1.32
15/05/2026,03:19:49,Mex Rent A Car,https://mexrentacar.com/es/index,OK,200,0.79
15/05/2026,03:19:49,Budget,https://budget.com.mx/#/,OK,200,0.57
15/05/2026,03:19:49,Localiza,https://www.localiza.com/mexico/es-mx,OK,200,1.43
15/05/2026,03:19:49,Enterprise,https://enterprise.mx/,OK,200,15.46
15/05/2026,03:19:49,Europcar,https://www.europcar.com.mx/,OK,200,0.63
15/05/2026,06:01:15,Hertz,https://www.hertzmexico.com/,OK,200,0.37
15/05/2026,06:01:15,Dollar,https://dollarmexico.com.mx/,OK,200,0.6
15/05/2026,06:01:15,Thrifty,https://www.thrifty.com.mx/,OK,200,0.68
15/05/2026,06:01:15,Firefly,https://www.fireflycarrental.com.mx/,OK,200,0.7
15/05/2026,06:01:15,Avis,https://avis.mx/,OK,200,1.1
15/05/2026,06:01:15,National,https://nationalcar.com.mx/,OK,200,3.26
15/05/2026,06:01:15,Alamo,https://www.alamo.com.mx/es,OK,200,1.25
15/05/2026,06:01:15,Mex Rent A Car,https://mexrentacar.com/es/index,OK,200,0.78
15/05/2026,06:01:15,Budget,https://budget.com.mx/#/,OK,200,0.57
15/05/2026,06:01:15,Localiza,https://www.localiza.com/mexico/es-mx,OK,200,0.88
15/05/2026,06:01:15,Enterprise,https://enterprise.mx/,OK,200,1.79
15/05/2026,06:01:15,Europcar,https://www.europcar.com.mx/,OK,200,0.74
15/05/2026,10:07:00,Hertz,https://www.hertzmexico.com/,OK,200,0.33
15/05/2026,10:07:00,Dollar,https://dollarmexico.com.mx/,OK,200,0.48
15/05/2026,10:07:00,Thrifty,https://www.thrifty.com.mx/,OK,200,0.65
15/05/2026,10:07:00,Firefly,https://www.fireflycarrental.com.mx/,OK,200,0.67
15/05/2026,10:07:00,Avis,https://avis.mx/,OK,200,1.06
15/05/2026,10:07:00,National,https://nationalcar.com.mx/,OK,200,3.74
15/05/2026,10:07:00,Alamo,https://www.alamo.com.mx/es,OK,200,1.08
15/05/2026,10:07:00,Mex Rent A Car,https://mexrentacar.com/es/index,OK,200,1.16
15/05/2026,10:07:00,Budget,https://budget.com.mx/#/,OK,200,0.49
15/05/2026,10:07:00,Localiza,https://www.localiza.com/mexico/es-mx,OK,200,0.85
15/05/2026,10:07:00,Enterprise,https://enterprise.mx/,OK,200,2.53
15/05/2026,10:07:00,Europcar,https://www.europcar.com.mx/,OK,200,0.84
15/05/2026,13:48:48,Hertz,https://www.hertzmexico.com/,OK,200,0.27
15/05/2026,13:48:48,Dollar,https://dollarmexico.com.mx/,OK,200,0.32
15/05/2026,13:48:48,Thrifty,https://www.thrifty.com.mx/,OK,200,0.48
15/05/2026,13:48:48,Firefly,https://www.fireflycarrental.com.mx/,OK,200,0.4
15/05/2026,13:48:48,Avis,https://avis.mx/,OK,200,1.09
15/05/2026,13:48:48,National,https://nationalcar.com.mx/,OK,200,3.71
15/05/2026,13:48:48,Alamo,https://www.alamo.com.mx/es,OK,200,1.05
15/05/2026,13:48:48,Mex Rent A Car,https://mexrentacar.com/es/index,OK,200,1.08
15/05/2026,13:48:48,Budget,https://budget.com.mx/#/,OK,200,0.68
15/05/2026,13:48:48,Localiza,https://www.localiza.com/mexico/es-mx,OK,200,1.21
15/05/2026,13:48:48,Enterprise,https://enterprise.mx/,OK,200,2.43
15/05/2026,13:48:48,Europcar,https://www.europcar.com.mx/,OK,200,10.73
15/05/2026,15:14:47,Hertz,https://www.hertzmexico.com/,OK,200,0.35
15/05/2026,15:14:47,Dollar,https://dollarmexico.com.mx/,OK,200,0.41
15/05/2026,15:14:47,Thrifty,https://www.thrifty.com.mx/,OK,200,0.43
15/05/2026,15:14:47,Firefly,https://www.fireflycarrental.com.mx/,OK,200,0.44
15/05/2026,15:14:47,Avis,https://avis.mx/,OK,200,0.89
15/05/2026,15:14:47,National,https://nationalcar.com.mx/,OK,200,3.22
15/05/2026,15:14:47,Alamo,https://www.alamo.com.mx/es,OK,200,1.34
15/05/2026,15:14:47,Mex Rent A Car,https://mexrentacar.com/es/index,OK,200,0.62
15/05/2026,15:14:47,Budget,https://budget.com.mx/#/,OK,200,0.54
15/05/2026,15:14:47,Localiza,https://www.localiza.com/mexico/es-mx,OK,200,1.3
15/05/2026,15:14:47,Enterprise,https://enterprise.mx/,OK,200,7.01
15/05/2026,15:14:47,Europcar,https://www.europcar.com.mx/,OK,200,0.53
15/05/2026,17:02:58,Hertz,https://www.hertzmexico.com/,OK,200,0.35
15/05/2026,17:02:58,Dollar,https://dollarmexico.com.mx/,OK,200,0.33
15/05/2026,17:02:58,Thrifty,https://www.thrifty.com.mx/,OK,200,0.41
15/05/2026,17:02:58,Firefly,https://www.fireflycarrental.com.mx/,OK,200,0.39
15/05/2026,17:02:58,Avis,https://avis.mx/,OK,200,1.1
15/05/2026,17:02:58,National,https://nationalcar.com.mx/,OK,200,3.27
15/05/2026,17:02:58,Alamo,https://www.alamo.com.mx/es,OK,200,1.28
15/05/2026,17:02:58,Mex Rent A Car,https://mexrentacar.com/es/index,OK,200,0.85
15/05/2026,17:02:58,Budget,https://budget.com.mx/#/,OK,200,0.6
15/05/2026,17:02:58,Localiza,https://www.localiza.com/mexico/es-mx,OK,200,1.69
15/05/2026,17:02:58,Enterprise,https://enterprise.mx/,OK,200,2.2
15/05/2026,17:02:58,Europcar,https://www.europcar.com.mx/,OK,200,1.55
15/05/2026,21:49:53,Hertz,https://www.hertzmexico.com/,OK,200,0.31
15/05/2026,21:49:53,Dollar,https://dollarmexico.com.mx/,OK,200,0.37
15/05/2026,21:49:53,Thrifty,https://www.thrifty.com.mx/,OK,200,0.39
15/05/2026,21:49:53,Firefly,https://www.fireflycarrental.com.mx/,OK,200,0.45
15/05/2026,21:49:53,Avis,https://avis.mx/,OK,200,0.76
15/05/2026,21:49:53,National,https://nationalcar.com.mx/,OK,200,3.4
15/05/2026,21:49:53,Alamo,https://www.alamo.com.mx/es,OK,200,1.29
15/05/2026,21:49:53,Mex Rent A Car,https://mexrentacar.com/es/index,OK,200,0.84
15/05/2026,21:49:53,Budget,https://budget.com.mx/#/,OK,200,0.69
15/05/2026,21:49:53,Localiza,https://www.localiza.com/mexico/es-mx,OK,200,1.43
15/05/2026,21:49:53,Enterprise,https://enterprise.mx/,OK,200,4.63
15/05/2026,21:49:53,Europcar,https://www.europcar.com.mx/,OK,200,0.64
16/05/2026,00:28:26,Hertz,https://www.hertzmexico.com/,OK,200,0.47
16/05/2026,00:28:26,Dollar,https://dollarmexico.com.mx/,OK,200,0.26
16/05/2026,00:28:26,Thrifty,https://www.thrifty.com.mx/,OK,200,0.41
16/05/2026,00:28:26,Firefly,https://www.fireflycarrental.com.mx/,OK,200,0.47
16/05/2026,00:28:26,Avis,https://avis.mx/,OK,200,0.99
16/05/2026,00:28:26,National,https://nationalcar.com.mx/,OK,200,3.37
16/05/2026,00:28:26,Alamo,https://www.alamo.com.mx/es,OK,200,1.2
16/05/2026,00:28:26,Mex Rent A Car,https://mexrentacar.com/es/index,OK,200,1.01
16/05/2026,00:28:26,Budget,https://budget.com.mx/#/,OK,200,0.65
16/05/2026,00:28:26,Localiza,https://www.localiza.com/mexico/es-mx,OK,200,1.17
16/05/2026,00:28:26,Enterprise,https://enterprise.mx/,OK,200,2.23
16/05/2026,00:28:26,Europcar,https://www.europcar.com.mx/,OK,200,2.48
16/05/2026,03:47:49,Hertz,https://www.hertzmexico.com/,OK,200,0.43
16/05/2026,03:47:49,Dollar,https://dollarmexico.com.mx/,OK,200,0.49
16/05/2026,03:47:49,Thrifty,https://www.thrifty.com.mx/,OK,200,0.49
16/05/2026,03:47:49,Firefly,https://www.fireflycarrental.com.mx/,OK,200,0.43
16/05/2026,03:47:49,Avis,https://avis.mx/,OK,200,0.79
16/05/2026,03:47:49,National,https://nationalcar.com.mx/,OK,200,3.3
16/05/2026,03:47:49,Alamo,https://www.alamo.com.mx/es,OK,200,1.25
16/05/2026,03:47:49,Mex Rent A Car,https://mexrentacar.com/es/index,OK,200,0.75
16/05/2026,03:47:49,Budget,https://budget.com.mx/#/,OK,200,0.58
16/05/2026,03:47:49,Localiza,https://www.localiza.com/mexico/es-mx,OK,200,1.29
16/05/2026,03:47:49,Enterprise,https://enterprise.mx/,OK,200,2.02
16/05/2026,03:47:49,Europcar,https://www.europcar.com.mx/,OK,200,0.81
16/05/2026,05:07:57,Hertz,https://www.hertzmexico.com/,OK,200,0.34
16/05/2026,05:07:57,Dollar,https://dollarmexico.com.mx/,OK,200,0.35
16/05/2026,05:07:57,Thrifty,https://www.thrifty.com.mx/,OK,200,0.4
16/05/2026,05:07:57,Firefly,https://www.fireflycarrental.com.mx/,OK,200,0.59
16/05/2026,05:07:57,Avis,https://avis.mx/,OK,200,0.9
16/05/2026,05:07:57,National,https://nationalcar.com.mx/,OK,200,3.88
16/05/2026,05:07:57,Alamo,https://www.alamo.com.mx/es,OK,200,1.46
16/05/2026,05:07:57,Mex Rent A Car,https://mexrentacar.com/es/index,OK,200,1.08
16/05/2026,05:07:57,Budget,https://budget.com.mx/#/,OK,200,0.47
16/05/2026,05:07:57,Localiza,https://www.localiza.com/mexico/es-mx,OK,200,1.46
16/05/2026,05:07:57,Enterprise,https://enterprise.mx/,OK,200,2.51
16/05/2026,05:07:57,Europcar,https://www.europcar.com.mx/,OK,200,0.51
16/05/2026,07:48:55,Hertz,https://www.hertzmexico.com/,OK,200,0.33
16/05/2026,07:48:55,Dollar,https://dollarmexico.com.mx/,OK,200,0.34
16/05/2026,07:48:55,Thrifty,https://www.thrifty.com.mx/,OK,200,0.33
16/05/2026,07:48:55,Firefly,https://www.fireflycarrental.com.mx/,OK,200,0.51
16/05/2026,07:48:55,Avis,https://avis.mx/,OK,200,1.06
16/05/2026,07:48:55,National,https://nationalcar.com.mx/,OK,200,3.4
16/05/2026,07:48:55,Alamo,https://www.alamo.com.mx/es,OK,200,1.19
16/05/2026,07:48:55,Mex Rent A Car,https://mexrentacar.com/es/index,OK,200,0.98
16/05/2026,07:48:55,Budget,https://budget.com.mx/#/,OK,200,0.59
16/05/2026,07:48:55,Localiza,https://www.localiza.com/mexico/es-mx,OK,200,0.97
16/05/2026,07:48:55,Enterprise,https://enterprise.mx/,OK,200,1.87
16/05/2026,07:48:55,Europcar,https://www.europcar.com.mx/,OK,200,0.67
16/05/2026,09:04:18,Hertz,https://www.hertzmexico.com/,OK,200,0.26
16/05/2026,09:04:18,Dollar,https://dollarmexico.com.mx/,OK,200,0.32
16/05/2026,09:04:18,Thrifty,https://www.thrifty.com.mx/,OK,200,0.28
16/05/2026,09:04:18,Firefly,https://www.fireflycarrental.com.mx/,OK,200,0.41
16/05/2026,09:04:18,Avis,https://avis.mx/,OK,200,0.94
16/05/2026,09:04:18,National,https://nationalcar.com.mx/,OK,200,3.78
16/05/2026,09:04:18,Alamo,https://www.alamo.com.mx/es,OK,200,1.16
16/05/2026,09:04:18,Mex Rent A Car,https://mexrentacar.com/es/index,OK,200,1.17
16/05/2026,09:04:18,Budget,https://budget.com.mx/#/,OK,200,0.45
16/05/2026,09:04:18,Localiza,https://www.localiza.com/mexico/es-mx,OK,200,1.11
16/05/2026,09:04:18,Enterprise,https://enterprise.mx/,OK,200,2.45
16/05/2026,09:04:18,Europcar,https://www.europcar.com.mx/,OK,200,0.47
16/05/2026,11:07:30,Hertz,https://www.hertzmexico.com/,OK,200,0.33
16/05/2026,11:07:30,Dollar,https://dollarmexico.com.mx/,OK,200,0.32
16/05/2026,11:07:30,Thrifty,https://www.thrifty.com.mx/,OK,200,0.34
16/05/2026,11:07:30,Firefly,https://www.fireflycarrental.com.mx/,OK,200,0.39
16/05/2026,11:07:30,Avis,https://avis.mx/,OK,200,1.09
16/05/2026,11:07:30,National,https://nationalcar.com.mx/,OK,200,3.68
16/05/2026,11:07:30,Alamo,https://www.alamo.com.mx/es,OK,200,1.21
16/05/2026,11:07:30,Mex Rent A Car,https://mexrentacar.com/es/index,OK,200,1.28
16/05/2026,11:07:30,Budget,https://budget.com.mx/#/,OK,200,0.4
16/05/2026,11:07:30,Localiza,https://www.localiza.com/mexico/es-mx,OK,200,0.9
16/05/2026,11:07:30,Enterprise,https://enterprise.mx/,OK,200,2.44
16/05/2026,11:07:30,Europcar,https://www.europcar.com.mx/,OK,200,2.13
16/05/2026,13:16:48,Hertz,https://www.hertzmexico.com/,OK,200,0.46
16/05/2026,13:16:48,Dollar,https://dollarmexico.com.mx/,OK,200,0.55
16/05/2026,13:16:48,Thrifty,https://www.thrifty.com.mx/,OK,200,0.45
16/05/2026,13:16:48,Firefly,https://www.fireflycarrental.com.mx/,OK,200,0.47
16/05/2026,13:16:48,Avis,https://avis.mx/,OK,200,0.92
16/05/2026,13:16:48,National,https://nationalcar.com.mx/,OK,200,3.26
16/05/2026,13:16:48,Alamo,https://www.alamo.com.mx/es,OK,200,1.42
16/05/2026,13:16:48,Mex Rent A Car,https://mexrentacar.com/es/index,OK,200,0.62
16/05/2026,13:16:48,Budget,https://budget.com.mx/#/,OK,200,0.56
16/05/2026,13:16:48,Localiza,https://www.localiza.com/mexico/es-mx,OK,200,1.28
16/05/2026,13:16:48,Enterprise,https://enterprise.mx/,OK,200,1.91
16/05/2026,13:16:48,Europcar,https://www.europcar.com.mx/,OK,200,0.71
16/05/2026,14:59:01,Hertz,https://www.hertzmexico.com/,OK,200,0.25
16/05/2026,14:59:01,Dollar,https://dollarmexico.com.mx/,OK,200,0.71
16/05/2026,14:59:01,Thrifty,https://www.thrifty.com.mx/,OK,200,0.31
16/05/2026,14:59:01,Firefly,https://www.fireflycarrental.com.mx/,OK,200,0.47
16/05/2026,14:59:01,Avis,https://avis.mx/,OK,200,0.96
16/05/2026,14:59:01,National,https://nationalcar.com.mx/,OK,200,2.19
16/05/2026,14:59:01,Alamo,https://www.alamo.com.mx/es,OK,200,1.76
16/05/2026,14:59:01,Mex Rent A Car,https://mexrentacar.com/es/index,OK,200,0.47
16/05/2026,14:59:01,Budget,https://budget.com.mx/#/,OK,200,0.75
16/05/2026,14:59:01,Localiza,https://www.localiza.com/mexico/es-mx,OK,200,2.69
16/05/2026,14:59:01,Enterprise,https://enterprise.mx/,OK,200,1.64
16/05/2026,14:59:01,Europcar,https://www.europcar.com.mx/,OK,200,0.75
16/05/2026,16:55:28,Hertz,https://www.hertzmexico.com/,OK,200,0.25
16/05/2026,16:55:28,Dollar,https://dollarmexico.com.mx/,OK,200,0.32
16/05/2026,16:55:28,Thrifty,https://www.thrifty.com.mx/,OK,200,0.36
16/05/2026,16:55:28,Firefly,https://www.fireflycarrental.com.mx/,OK,200,0.32
16/05/2026,16:55:28,Avis,https://avis.mx/,OK,200,1.01
16/05/2026,16:55:28,National,https://nationalcar.com.mx/,OK,200,3.4
16/05/2026,16:55:28,Alamo,https://www.alamo.com.mx/es,OK,200,1.33
16/05/2026,16:55:28,Mex Rent A Car,https://mexrentacar.com/es/index,OK,200,0.95
16/05/2026,16:55:28,Budget,https://budget.com.mx/#/,OK,200,0.39
16/05/2026,16:55:28,Localiza,https://www.localiza.com/mexico/es-mx,OK,200,0.99
16/05/2026,16:55:28,Enterprise,https://enterprise.mx/,OK,200,2.2
16/05/2026,16:55:28,Europcar,https://www.europcar.com.mx/,OK,200,2.95
16/05/2026,22:07:36,Hertz,https://www.hertzmexico.com/,OK,200,0.28
16/05/2026,22:07:36,Dollar,https://dollarmexico.com.mx/,OK,200,0.31
16/05/2026,22:07:36,Thrifty,https://www.thrifty.com.mx/,OK,200,0.46
16/05/2026,22:07:36,Firefly,https://www.fireflycarrental.com.mx/,OK,200,0.38
16/05/2026,22:07:36,Avis,https://avis.mx/,OK,200,0.95
16/05/2026,22:07:36,National,https://nationalcar.com.mx/,OK,200,3.34
16/05/2026,22:07:36,Alamo,https://www.alamo.com.mx/es,OK,200,1.31
16/05/2026,22:07:36,Mex Rent A Car,https://mexrentacar.com/es/index,OK,200,0.86
16/05/2026,22:07:36,Budget,https://budget.com.mx/#/,OK,200,0.6
16/05/2026,22:07:36,Localiza,https://www.localiza.com/mexico/es-mx,OK,200,0.92
16/05/2026,22:07:36,Enterprise,https://enterprise.mx/,OK,200,2.2
16/05/2026,22:07:36,Europcar,https://www.europcar.com.mx/,OK,200,2.5
17/05/2026,02:30:21,Hertz,https://www.hertzmexico.com/,OK,200,0.35
17/05/2026,02:30:21,Dollar,https://dollarmexico.com.mx/,OK,200,0.68
17/05/2026,02:30:21,Thrifty,https://www.thrifty.com.mx/,OK,200,0.69
17/05/2026,02:30:21,Firefly,https://www.fireflycarrental.com.mx/,OK,200,0.51
17/05/2026,02:30:21,Avis,https://avis.mx/,OK,200,0.96
17/05/2026,02:30:21,National,https://nationalcar.com.mx/,OK,200,3.22
17/05/2026,02:30:21,Alamo,https://www.alamo.com.mx/es,OK,200,1.32
17/05/2026,02:30:21,Mex Rent A Car,https://mexrentacar.com/es/index,OK,200,0.68
17/05/2026,02:30:21,Budget,https://budget.com.mx/#/,OK,200,0.46
17/05/2026,02:30:21,Localiza,https://www.localiza.com/mexico/es-mx,OK,200,1.36
17/05/2026,02:30:21,Enterprise,https://enterprise.mx/,OK,200,2.22
17/05/2026,02:30:21,Europcar,https://www.europcar.com.mx/,OK,200,0.73
17/05/2026,05:16:48,Hertz,https://www.hertzmexico.com/,OK,200,0.28
17/05/2026,05:16:48,Dollar,https://dollarmexico.com.mx/,OK,200,0.37
17/05/2026,05:16:48,Thrifty,https://www.thrifty.com.mx/,OK,200,0.34
17/05/2026,05:16:48,Firefly,https://www.fireflycarrental.com.mx/,OK,200,0.5
17/05/2026,05:16:48,Avis,https://avis.mx/,OK,200,0.85
17/05/2026,05:16:48,National,https://nationalcar.com.mx/,OK,200,3.27
17/05/2026,05:16:48,Alamo,https://www.alamo.com.mx/es,OK,200,1.56
17/05/2026,05:16:48,Mex Rent A Car,https://mexrentacar.com/es/index,OK,200,0.89
17/05/2026,05:16:48,Budget,https://budget.com.mx/#/,OK,200,0.62
17/05/2026,05:16:48,Localiza,https://www.localiza.com/mexico/es-mx,OK,200,1.25
17/05/2026,05:16:48,Enterprise,https://enterprise.mx/,OK,200,2.3
17/05/2026,05:16:48,Europcar,https://www.europcar.com.mx/,OK,200,4.04
17/05/2026,07:48:55,Hertz,https://www.hertzmexico.com/,OK,200,0.27
17/05/2026,07:48:55,Dollar,https://dollarmexico.com.mx/,OK,200,0.34
17/05/2026,07:48:55,Thrifty,https://www.thrifty.com.mx/,OK,200,0.39
17/05/2026,07:48:55,Firefly,https://www.fireflycarrental.com.mx/,OK,200,0.35
17/05/2026,07:48:55,Avis,https://avis.mx/,OK,200,1.02
17/05/2026,07:48:55,National,https://nationalcar.com.mx/,OK,200,3.74
17/05/2026,07:48:55,Alamo,https://www.alamo.com.mx/es,OK,200,1.12
17/05/2026,07:48:55,Mex Rent A Car,https://mexrentacar.com/es/index,OK,200,1.1
17/05/2026,07:48:55,Budget,https://budget.com.mx/#/,OK,200,0.72
17/05/2026,07:48:55,Localiza,https://www.localiza.com/mexico/es-mx,OK,200,0.94
17/05/2026,07:48:55,Enterprise,https://enterprise.mx/,OK,200,2.35
17/05/2026,07:48:55,Europcar,https://www.europcar.com.mx/,OK,200,0.43
17/05/2026,09:04:31,Hertz,https://www.hertzmexico.com/,OK,200,0.26
17/05/2026,09:04:31,Dollar,https://dollarmexico.com.mx/,OK,200,0.51
17/05/2026,09:04:31,Thrifty,https://www.thrifty.com.mx/,OK,200,0.31
17/05/2026,09:04:31,Firefly,https://www.fireflycarrental.com.mx/,OK,200,0.52
17/05/2026,09:04:31,Avis,https://avis.mx/,OK,200,0.88
17/05/2026,09:04:31,National,https://nationalcar.com.mx/,OK,200,2.32
17/05/2026,09:04:31,Alamo,https://www.alamo.com.mx/es,OK,200,1.79
17/05/2026,09:04:31,Mex Rent A Car,https://mexrentacar.com/es/index,OK,200,0.45
17/05/2026,09:04:31,Budget,https://budget.com.mx/#/,OK,200,0.74
17/05/2026,09:04:31,Localiza,https://www.localiza.com/mexico/es-mx,OK,200,0.83
17/05/2026,09:04:31,Enterprise,https://enterprise.mx/,OK,200,1.52
17/05/2026,09:04:31,Europcar,https://www.europcar.com.mx/,OK,200,0.76
17/05/2026,11:05:55,Hertz,https://www.hertzmexico.com/,OK,200,0.26
17/05/2026,11:05:55,Dollar,https://dollarmexico.com.mx/,OK,200,0.54
17/05/2026,11:05:55,Thrifty,https://www.thrifty.com.mx/,OK,200,0.42
17/05/2026,11:05:55,Firefly,https://www.fireflycarrental.com.mx/,OK,200,0.45
17/05/2026,11:05:55,Avis,https://avis.mx/,OK,200,1.07
17/05/2026,11:05:55,National,https://nationalcar.com.mx/,OK,200,3.65
17/05/2026,11:05:55,Alamo,https://www.alamo.com.mx/es,OK,200,1.31
17/05/2026,11:05:55,Mex Rent A Car,https://mexrentacar.com/es/index,OK,200,1.16
17/05/2026,11:05:55,Budget,https://budget.com.mx/#/,OK,200,0.49
17/05/2026,11:05:55,Localiza,https://www.localiza.com/mexico/es-mx,OK,200,1.08
17/05/2026,11:05:55,Enterprise,https://enterprise.mx/,OK,200,2.61
17/05/2026,11:05:55,Europcar,https://www.europcar.com.mx/,OK,200,0.52
17/05/2026,13:20:12,Hertz,https://www.hertzmexico.com/,OK,200,0.32
17/05/2026,13:20:12,Dollar,https://dollarmexico.com.mx/,OK,200,0.31
17/05/2026,13:20:12,Thrifty,https://www.thrifty.com.mx/,OK,200,0.52
17/05/2026,13:20:12,Firefly,https://www.fireflycarrental.com.mx/,OK,200,0.38
17/05/2026,13:20:12,Avis,https://avis.mx/,OK,200,0.96
17/05/2026,13:20:12,National,https://nationalcar.com.mx/,OK,200,3.37
17/05/2026,13:20:12,Alamo,https://www.alamo.com.mx/es,OK,200,1.35
17/05/2026,13:20:12,Mex Rent A Car,https://mexrentacar.com/es/index,OK,200,1.04
17/05/2026,13:20:12,Budget,https://budget.com.mx/#/,OK,200,0.63
17/05/2026,13:20:12,Localiza,https://www.localiza.com/mexico/es-mx,OK,200,1.58
17/05/2026,13:20:12,Enterprise,https://enterprise.mx/,OK,200,2.4
17/05/2026,13:20:12,Europcar,https://www.europcar.com.mx/,OK,200,0.9
17/05/2026,15:03:18,Hertz,https://www.hertzmexico.com/,OK,200,0.35
17/05/2026,15:03:18,Dollar,https://dollarmexico.com.mx/,OK,200,0.37
17/05/2026,15:03:18,Thrifty,https://www.thrifty.com.mx/,OK,200,0.58
17/05/2026,15:03:18,Firefly,https://www.fireflycarrental.com.mx/,OK,200,0.47
17/05/2026,15:03:18,Avis,https://avis.mx/,OK,200,0.97
17/05/2026,15:03:18,National,https://nationalcar.com.mx/,OK,200,3.53
17/05/2026,15:03:18,Alamo,https://www.alamo.com.mx/es,OK,200,1.26
17/05/2026,15:03:18,Mex Rent A Car,https://mexrentacar.com/es/index,OK,200,0.71
17/05/2026,15:03:18,Budget,https://budget.com.mx/#/,OK,200,0.48
17/05/2026,15:03:18,Localiza,https://www.localiza.com/mexico/es-mx,OK,200,1.83
17/05/2026,15:03:18,Enterprise,https://enterprise.mx/,OK,200,2.04
17/05/2026,15:03:18,Europcar,https://www.europcar.com.mx/,OK,200,0.85
17/05/2026,16:59:31,Hertz,https://www.hertzmexico.com/,OK,200,0.24
17/05/2026,16:59:31,Dollar,https://dollarmexico.com.mx/,OK,200,0.36
17/05/2026,16:59:31,Thrifty,https://www.thrifty.com.mx/,OK,200,0.32
17/05/2026,16:59:31,Firefly,https://www.fireflycarrental.com.mx/,OK,200,0.31
17/05/2026,16:59:31,Avis,https://avis.mx/,OK,200,1.01
17/05/2026,16:59:31,National,https://nationalcar.com.mx/,OK,200,3.74
17/05/2026,16:59:31,Alamo,https://www.alamo.com.mx/es,OK,200,1.25
17/05/2026,16:59:31,Mex Rent A Car,https://mexrentacar.com/es/index,OK,200,1.15
17/05/2026,16:59:31,Budget,https://budget.com.mx/#/,OK,200,0.48
17/05/2026,16:59:31,Localiza,https://www.localiza.com/mexico/es-mx,OK,200,1.16
17/05/2026,16:59:31,Enterprise,https://enterprise.mx/,OK,200,2.46
17/05/2026,16:59:31,Europcar,https://www.europcar.com.mx/,OK,200,0.43
17/05/2026,22:20:24,Hertz,https://www.hertzmexico.com/,OK,200,0.35
17/05/2026,22:20:24,Dollar,https://dollarmexico.com.mx/,OK,200,0.34
17/05/2026,22:20:24,Thrifty,https://www.thrifty.com.mx/,OK,200,0.49
17/05/2026,22:20:24,Firefly,https://www.fireflycarrental.com.mx/,OK,200,0.51
17/05/2026,22:20:24,Avis,https://avis.mx/,OK,200,1.06
17/05/2026,22:20:24,National,https://nationalcar.com.mx/,OK,200,3.76
17/05/2026,22:20:24,Alamo,https://www.alamo.com.mx/es,OK,200,1.1
17/05/2026,22:20:24,Mex Rent A Car,https://mexrentacar.com/es/index,OK,200,1.08
17/05/2026,22:20:24,Budget,https://budget.com.mx/#/,OK,200,0.67
17/05/2026,22:20:24,Localiza,https://www.localiza.com/mexico/es-mx,OK,200,0.98
17/05/2026,22:20:24,Enterprise,https://enterprise.mx/,OK,200,2.63
17/05/2026,22:20:24,Europcar,https://www.europcar.com.mx/,OK,200,1.39
18/05/2026,04:20:38,Hertz,https://www.hertzmexico.com/,OK,200,0.35
18/05/2026,04:20:38,Dollar,https://dollarmexico.com.mx/,OK,200,0.46
18/05/2026,04:20:38,Thrifty,https://www.thrifty.com.mx/,OK,200,0.62
18/05/2026,04:20:38,Firefly,https://www.fireflycarrental.com.mx/,OK,200,0.58
18/05/2026,04:20:38,Avis,https://avis.mx/,OK,200,1.05
18/05/2026,04:20:38,National,https://nationalcar.com.mx/,OK,200,3.12
18/05/2026,04:20:38,Alamo,https://www.alamo.com.mx/es,OK,200,1.47
18/05/2026,04:20:38,Mex Rent A Car,https://mexrentacar.com/es/index,OK,200,0.92
18/05/2026,04:20:38,Budget,https://budget.com.mx/#/,OK,200,0.62
18/05/2026,04:20:38,Localiza,https://www.localiza.com/mexico/es-mx,OK,200,2.25
18/05/2026,04:20:38,Enterprise,https://enterprise.mx/,OK,200,1.87
18/05/2026,04:20:38,Europcar,https://www.europcar.com.mx/,OK,200,0.68
18/05/2026,09:50:39,Hertz,https://www.hertzmexico.com/,OK,200,0.33
18/05/2026,09:50:39,Dollar,https://dollarmexico.com.mx/,OK,200,0.65
18/05/2026,09:50:39,Thrifty,https://www.thrifty.com.mx/,OK,200,0.38
18/05/2026,09:50:39,Firefly,https://www.fireflycarrental.com.mx/,OK,200,0.43
18/05/2026,09:50:39,Avis,https://avis.mx/,OK,200,0.87
18/05/2026,09:50:39,National,https://nationalcar.com.mx/,OK,200,3.17
18/05/2026,09:50:39,Alamo,https://www.alamo.com.mx/es,OK,200,1.36
18/05/2026,09:50:39,Mex Rent A Car,https://mexrentacar.com/es/index,OK,200,0.81
18/05/2026,09:50:39,Budget,https://budget.com.mx/#/,OK,200,0.51
18/05/2026,09:50:39,Localiza,https://www.localiza.com/mexico/es-mx,OK,200,1.73
18/05/2026,09:50:39,Enterprise,https://enterprise.mx/,OK,200,2.21
18/05/2026,09:50:39,Europcar,https://www.europcar.com.mx/,OK,200,0.53
18/05/2026,12:06:38,Hertz,https://www.hertzmexico.com/,OK,200,0.46
18/05/2026,12:06:38,Dollar,https://dollarmexico.com.mx/,OK,200,0.83
18/05/2026,12:06:38,Thrifty,https://www.thrifty.com.mx/,OK,200,0.48
18/05/2026,12:06:38,Firefly,https://www.fireflycarrental.com.mx/,OK,200,0.41
18/05/2026,12:06:38,Avis,https://avis.mx/,OK,200,1.02
18/05/2026,12:06:38,National,https://nationalcar.com.mx/,OK,200,3.22
18/05/2026,12:06:38,Alamo,https://www.alamo.com.mx/es,OK,200,1.5
18/05/2026,12:06:38,Mex Rent A Car,https://mexrentacar.com/es/index,OK,200,0.63
18/05/2026,12:06:38,Budget,https://budget.com.mx/#/,OK,200,0.54
18/05/2026,12:06:38,Localiza,https://www.localiza.com/mexico/es-mx,OK,200,1.05
18/05/2026,12:06:38,Enterprise,https://enterprise.mx/,OK,200,1.81
18/05/2026,12:06:38,Europcar,https://www.europcar.com.mx/,OK,200,0.67
18/05/2026,15:20:00,Hertz,https://www.hertzmexico.com/,OK,200,4.74
18/05/2026,15:20:00,Dollar,https://dollarmexico.com.mx/,OK,200,0.64
18/05/2026,15:20:00,Thrifty,https://www.thrifty.com.mx/,OK,200,0.42
18/05/2026,15:20:00,Firefly,https://www.fireflycarrental.com.mx/,OK,200,0.57
18/05/2026,15:20:00,Avis,https://avis.mx/,OK,200,0.98
18/05/2026,15:20:00,National,https://nationalcar.com.mx/,OK,200,3.37
18/05/2026,15:20:00,Alamo,https://www.alamo.com.mx/es,OK,200,1.24
18/05/2026,15:20:00,Mex Rent A Car,https://mexrentacar.com/es/index,OK,200,0.87
18/05/2026,15:20:00,Budget,https://budget.com.mx/#/,OK,200,0.44
18/05/2026,15:20:00,Localiza,https://www.localiza.com/mexico/es-mx,OK,200,1.58
18/05/2026,15:20:00,Enterprise,https://enterprise.mx/,OK,200,2.22
18/05/2026,15:20:00,Europcar,https://www.europcar.com.mx/,OK,200,0.66
18/05/2026,17:12:39,Hertz,https://www.hertzmexico.com/,OK,200,0.35
18/05/2026,17:12:39,Dollar,https://dollarmexico.com.mx/,OK,200,0.35
18/05/2026,17:12:39,Thrifty,https://www.thrifty.com.mx/,OK,200,0.39
18/05/2026,17:12:39,Firefly,https://www.fireflycarrental.com.mx/,OK,200,0.55
18/05/2026,17:12:39,Avis,https://avis.mx/,OK,200,1.13
18/05/2026,17:12:39,National,https://nationalcar.com.mx/,OK,200,3.56
18/05/2026,17:12:39,Alamo,https://www.alamo.com.mx/es,OK,200,1.06
18/05/2026,17:12:39,Mex Rent A Car,https://mexrentacar.com/es/index,OK,200,1.2
18/05/2026,17:12:39,Budget,https://budget.com.mx/#/,OK,200,0.52
18/05/2026,17:12:39,Localiza,https://www.localiza.com/mexico/es-mx,OK,200,0.99
18/05/2026,17:12:39,Enterprise,https://enterprise.mx/,OK,200,2.49
18/05/2026,17:12:39,Europcar,https://www.europcar.com.mx/,OK,200,0.58
18/05/2026,22:15:30,Hertz,https://www.hertzmexico.com/,OK,200,0.4
18/05/2026,22:15:30,Dollar,https://dollarmexico.com.mx/,OK,200,0.44
18/05/2026,22:15:30,Thrifty,https://www.thrifty.com.mx/,OK,200,0.33
18/05/2026,22:15:30,Firefly,https://www.fireflycarrental.com.mx/,OK,200,0.42
18/05/2026,22:15:30,Avis,https://avis.mx/,OK,200,0.97
18/05/2026,22:15:30,National,https://nationalcar.com.mx/,OK,200,3.37
18/05/2026,22:15:30,Alamo,https://www.alamo.com.mx/es,OK,200,1.26
18/05/2026,22:15:30,Mex Rent A Car,https://mexrentacar.com/es/index,OK,200,0.9
18/05/2026,22:15:30,Budget,https://budget.com.mx/#/,OK,200,0.4
18/05/2026,22:15:30,Localiza,https://www.localiza.com/mexico/es-mx,OK,200,1.26
18/05/2026,22:15:30,Enterprise,https://enterprise.mx/,OK,200,2.26
18/05/2026,22:15:30,Europcar,https://www.europcar.com.mx/,OK,200,0.69
19/05/2026,03:59:54,Hertz,https://www.hertzmexico.com/,OK,200,0.27
19/05/2026,03:59:54,Dollar,https://dollarmexico.com.mx/,OK,200,0.33
19/05/2026,03:59:54,Thrifty,https://www.thrifty.com.mx/,OK,200,0.32
19/05/2026,03:59:54,Firefly,https://www.fireflycarrental.com.mx/,OK,200,0.45
19/05/2026,03:59:54,Avis,https://avis.mx/,OK,200,1.08
19/05/2026,03:59:54,National,https://nationalcar.com.mx/,OK,200,3.67
19/05/2026,03:59:54,Alamo,https://www.alamo.com.mx/es,OK,200,1.51
19/05/2026,03:59:54,Mex Rent A Car,https://mexrentacar.com/es/index,OK,200,1.01
19/05/2026,03:59:54,Budget,https://budget.com.mx/#/,OK,200,0.73
19/05/2026,03:59:54,Localiza,https://www.localiza.com/mexico/es-mx,OK,200,1.11
19/05/2026,03:59:54,Enterprise,https://enterprise.mx/,OK,200,2.75
19/05/2026,03:59:54,Europcar,https://www.europcar.com.mx/,OK,200,0.49
19/05/2026,06:50:43,Hertz,https://www.hertzmexico.com/,OK,200,0.35
19/05/2026,06:50:43,Dollar,https://dollarmexico.com.mx/,OK,200,0.61
19/05/2026,06:50:43,Thrifty,https://www.thrifty.com.mx/,OK,200,0.57
19/05/2026,06:50:43,Firefly,https://www.fireflycarrental.com.mx/,OK,200,0.42
19/05/2026,06:50:43,Avis,https://avis.mx/,OK,200,1.24
19/05/2026,06:50:43,National,https://nationalcar.com.mx/,OK,200,3.74
19/05/2026,06:50:43,Alamo,https://www.alamo.com.mx/es,OK,200,1.22
19/05/2026,06:50:43,Mex Rent A Car,https://mexrentacar.com/es/index,OK,200,1.08
19/05/2026,06:50:43,Budget,https://budget.com.mx/#/,OK,200,0.52
19/05/2026,06:50:43,Localiza,https://www.localiza.com/mexico/es-mx,OK,200,0.93
19/05/2026,06:50:43,Enterprise,https://enterprise.mx/,OK,200,2.71
19/05/2026,06:50:43,Europcar,https://www.europcar.com.mx/,OK,200,0.5
19/05/2026,10:53:16,Hertz,https://www.hertzmexico.com/,OK,200,0.32
19/05/2026,10:53:16,Dollar,https://dollarmexico.com.mx/,OK,200,0.33
19/05/2026,10:53:16,Thrifty,https://www.thrifty.com.mx/,OK,200,1.05
19/05/2026,10:53:16,Firefly,https://www.fireflycarrental.com.mx/,OK,200,0.83
19/05/2026,10:53:16,Avis,https://avis.mx/,OK,200,0.79
19/05/2026,10:53:16,National,https://nationalcar.com.mx/,OK,200,2.48
19/05/2026,10:53:16,Alamo,https://www.alamo.com.mx/es,OK,200,1.57
19/05/2026,10:53:16,Mex Rent A Car,https://mexrentacar.com/es/index,OK,200,0.57
19/05/2026,10:53:16,Budget,https://budget.com.mx/#/,OK,200,0.59
19/05/2026,10:53:16,Localiza,https://www.localiza.com/mexico/es-mx,OK,200,1.66
19/05/2026,10:53:16,Enterprise,https://enterprise.mx/,OK,200,1.56
19/05/2026,10:53:16,Europcar,https://www.europcar.com.mx/,OK,200,0.78
19/05/2026,14:00:36,Hertz,https://www.hertzmexico.com/,OK,200,0.32
19/05/2026,14:00:36,Dollar,https://dollarmexico.com.mx/,OK,200,0.37
19/05/2026,14:00:36,Thrifty,https://www.thrifty.com.mx/,OK,200,0.42
19/05/2026,14:00:36,Firefly,https://www.fireflycarrental.com.mx/,OK,200,0.42
19/05/2026,14:00:36,Avis,https://avis.mx/,OK,200,0.89
19/05/2026,14:00:36,National,https://nationalcar.com.mx/,OK,200,3.33
19/05/2026,14:00:36,Alamo,https://www.alamo.com.mx/es,OK,200,1.43
19/05/2026,14:00:36,Mex Rent A Car,https://mexrentacar.com/es/index,OK,200,0.82
19/05/2026,14:00:36,Budget,https://budget.com.mx/#/,OK,200,0.52
19/05/2026,14:00:36,Localiza,https://www.localiza.com/mexico/es-mx,OK,200,1.49
19/05/2026,14:00:36,Enterprise,https://enterprise.mx/,OK,200,1.9
19/05/2026,14:00:36,Europcar,https://www.europcar.com.mx/,OK,200,0.8
19/05/2026,15:41:58,Hertz,https://www.hertzmexico.com/,OK,200,0.28
19/05/2026,15:41:58,Dollar,https://dollarmexico.com.mx/,OK,200,0.3
19/05/2026,15:41:58,Thrifty,https://www.thrifty.com.mx/,OK,200,0.27
19/05/2026,15:41:58,Firefly,https://www.fireflycarrental.com.mx/,OK,200,0.42
19/05/2026,15:41:58,Avis,https://avis.mx/,OK,200,1.11
19/05/2026,15:41:58,National,https://nationalcar.com.mx/,OK,200,3.78
19/05/2026,15:41:58,Alamo,https://www.alamo.com.mx/es,OK,200,1.26
19/05/2026,15:41:58,Mex Rent A Car,https://mexrentacar.com/es/index,OK,200,1.19
19/05/2026,15:41:58,Budget,https://budget.com.mx/#/,OK,200,0.75
19/05/2026,15:41:58,Localiza,https://www.localiza.com/mexico/es-mx,OK,200,1.12
19/05/2026,15:41:58,Enterprise,https://enterprise.mx/,OK,200,2.29
19/05/2026,15:41:58,Europcar,https://www.europcar.com.mx/,OK,200,0.75
19/05/2026,17:12:29,Hertz,https://www.hertzmexico.com/,OK,200,0.33
19/05/2026,17:12:29,Dollar,https://dollarmexico.com.mx/,OK,200,0.28
19/05/2026,17:12:29,Thrifty,https://www.thrifty.com.mx/,OK,200,0.58
19/05/2026,17:12:29,Firefly,https://www.fireflycarrental.com.mx/,OK,200,0.44
19/05/2026,17:12:29,Avis,https://avis.mx/,OK,200,1.02
19/05/2026,17:12:29,National,https://nationalcar.com.mx/,OK,200,3.71
19/05/2026,17:12:29,Alamo,https://www.alamo.com.mx/es,OK,200,1.13
19/05/2026,17:12:29,Mex Rent A Car,https://mexrentacar.com/es/index,OK,200,1.1
19/05/2026,17:12:29,Budget,https://budget.com.mx/#/,OK,200,0.41
19/05/2026,17:12:29,Localiza,https://www.localiza.com/mexico/es-mx,OK,200,0.74
19/05/2026,17:12:29,Enterprise,https://enterprise.mx/,OK,200,2.4
19/05/2026,17:12:29,Europcar,https://www.europcar.com.mx/,OK,200,0.57
19/05/2026,22:16:15,Hertz,https://www.hertzmexico.com/,OK,200,0.49
19/05/2026,22:16:15,Dollar,https://dollarmexico.com.mx/,OK,200,0.25
19/05/2026,22:16:15,Thrifty,https://www.thrifty.com.mx/,OK,200,0.38
19/05/2026,22:16:15,Firefly,https://www.fireflycarrental.com.mx/,OK,200,0.39
19/05/2026,22:16:15,Avis,https://avis.mx/,OK,200,1.1
19/05/2026,22:16:15,National,https://nationalcar.com.mx/,OK,200,3.73
19/05/2026,22:16:15,Alamo,https://www.alamo.com.mx/es,OK,200,1.47
19/05/2026,22:16:15,Mex Rent A Car,https://mexrentacar.com/es/index,OK,200,1.01
19/05/2026,22:16:15,Budget,https://budget.com.mx/#/,OK,200,0.4
19/05/2026,22:16:15,Localiza,https://www.localiza.com/mexico/es-mx,OK,200,0.96
19/05/2026,22:16:15,Enterprise,https://enterprise.mx/,OK,200,2.69
19/05/2026,22:16:15,Europcar,https://www.europcar.com.mx/,OK,200,0.74
20/05/2026,03:49:53,Hertz,https://www.hertzmexico.com/,OK,200,0.3
20/05/2026,03:49:53,Dollar,https://dollarmexico.com.mx/,OK,200,0.4
20/05/2026,03:49:53,Thrifty,https://www.thrifty.com.mx/,OK,200,0.42
20/05/2026,03:49:53,Firefly,https://www.fireflycarrental.com.mx/,OK,200,0.51
20/05/2026,03:49:53,Avis,https://avis.mx/,OK,200,0.92
20/05/2026,03:49:53,National,https://nationalcar.com.mx/,OK,200,3.75
20/05/2026,03:49:53,Alamo,https://www.alamo.com.mx/es,OK,200,1.15
20/05/2026,03:49:53,Mex Rent A Car,https://mexrentacar.com/es/index,OK,200,1.93
20/05/2026,03:49:53,Budget,https://budget.com.mx/#/,OK,200,0.7
20/05/2026,03:49:53,Localiza,https://www.localiza.com/mexico/es-mx,OK,200,0.71
20/05/2026,03:49:53,Enterprise,https://enterprise.mx/,OK,200,4.22
20/05/2026,03:49:53,Europcar,https://www.europcar.com.mx/,OK,200,0.63
20/05/2026,06:32:49,Hertz,https://www.hertzmexico.com/,OK,200,0.27
20/05/2026,06:32:49,Dollar,https://dollarmexico.com.mx/,OK,200,0.3
20/05/2026,06:32:49,Thrifty,https://www.thrifty.com.mx/,OK,200,0.46
20/05/2026,06:32:49,Firefly,https://www.fireflycarrental.com.mx/,OK,200,0.44
20/05/2026,06:32:49,Avis,https://avis.mx/,OK,200,1.18
20/05/2026,06:32:49,National,https://nationalcar.com.mx/,OK,200,3.53
20/05/2026,06:32:49,Alamo,https://www.alamo.com.mx/es,OK,200,1.13
20/05/2026,06:32:49,Mex Rent A Car,https://mexrentacar.com/es/index,OK,200,1.88
20/05/2026,06:32:49,Budget,https://budget.com.mx/#/,OK,200,0.69
20/05/2026,06:32:49,Localiza,https://www.localiza.com/mexico/es-mx,OK,200,1.01
20/05/2026,06:32:49,Enterprise,https://enterprise.mx/,OK,200,2.3
20/05/2026,06:32:49,Europcar,https://www.europcar.com.mx/,OK,200,0.89
20/05/2026,10:58:04,Hertz,https://www.hertzmexico.com/,OK,200,0.41
20/05/2026,10:58:04,Dollar,https://dollarmexico.com.mx/,OK,200,0.29
20/05/2026,10:58:04,Thrifty,https://www.thrifty.com.mx/,OK,200,0.33
20/05/2026,10:58:04,Firefly,https://www.fireflycarrental.com.mx/,OK,200,0.36
20/05/2026,10:58:04,Avis,https://avis.mx/,OK,200,0.89
20/05/2026,10:58:04,National,https://nationalcar.com.mx/,OK,200,2.28
20/05/2026,10:58:04,Alamo,https://www.alamo.com.mx/es,OK,200,1.79
20/05/2026,10:58:04,Mex Rent A Car,https://mexrentacar.com/es/index,OK,200,0.96
20/05/2026,10:58:04,Budget,https://budget.com.mx/#/,OK,200,0.46
20/05/2026,10:58:04,Localiza,https://www.localiza.com/mexico/es-mx,OK,200,2.26
20/05/2026,10:58:04,Enterprise,https://enterprise.mx/,OK,200,1.38
20/05/2026,10:58:04,Europcar,https://www.europcar.com.mx/,OK,200,4.15
20/05/2026,14:27:03,Hertz,https://www.hertzmexico.com/,OK,200,0.31
20/05/2026,14:27:03,Dollar,https://dollarmexico.com.mx/,OK,200,0.32
20/05/2026,14:27:03,Thrifty,https://www.thrifty.com.mx/,OK,200,0.47
20/05/2026,14:27:03,Firefly,https://www.fireflycarrental.com.mx/,OK,200,0.37
20/05/2026,14:27:03,Avis,https://avis.mx/,OK,200,1.06
20/05/2026,14:27:03,National,https://nationalcar.com.mx/,OK,200,3.77
20/05/2026,14:27:03,Alamo,https://www.alamo.com.mx/es,OK,200,1.06
20/05/2026,14:27:03,Mex Rent A Car,https://mexrentacar.com/es/index,OK,200,1.07
20/05/2026,14:27:03,Budget,https://budget.com.mx/#/,OK,200,0.64
20/05/2026,14:27:03,Localiza,https://www.localiza.com/mexico/es-mx,OK,200,0.74
20/05/2026,14:27:03,Enterprise,https://enterprise.mx/,OK,200,2.6
20/05/2026,14:27:03,Europcar,https://www.europcar.com.mx/,OK,200,2.17
20/05/2026,17:19:57,Hertz,https://www.hertzmexico.com/,OK,200,0.26
20/05/2026,17:19:57,Dollar,https://dollarmexico.com.mx/,OK,200,0.36
20/05/2026,17:19:57,Thrifty,https://www.thrifty.com.mx/,OK,200,0.33
20/05/2026,17:19:57,Firefly,https://www.fireflycarrental.com.mx/,OK,200,0.48
20/05/2026,17:19:57,Avis,https://avis.mx/,OK,200,1.05
20/05/2026,17:19:57,National,https://nationalcar.com.mx/,OK,200,3.25
20/05/2026,17:19:57,Alamo,https://www.alamo.com.mx/es,OK,200,1.43
20/05/2026,17:19:57,Mex Rent A Car,https://mexrentacar.com/es/index,OK,200,1.07
20/05/2026,17:19:57,Budget,https://budget.com.mx/#/,OK,200,0.43
20/05/2026,17:19:57,Localiza,https://www.localiza.com/mexico/es-mx,OK,200,1.21
20/05/2026,17:19:57,Enterprise,https://enterprise.mx/,OK,200,2.14
20/05/2026,17:19:57,Europcar,https://www.europcar.com.mx/,OK,200,0.67
20/05/2026,22:24:30,Hertz,https://www.hertzmexico.com/,OK,200,0.35
20/05/2026,22:24:30,Dollar,https://dollarmexico.com.mx/,OK,200,0.33
20/05/2026,22:24:30,Thrifty,https://www.thrifty.com.mx/,OK,200,0.29
20/05/2026,22:24:30,Firefly,https://www.fireflycarrental.com.mx/,OK,200,0.5
20/05/2026,22:24:30,Avis,https://avis.mx/,OK,200,0.93
20/05/2026,22:24:30,National,https://nationalcar.com.mx/,OK,200,3.32
20/05/2026,22:24:30,Alamo,https://www.alamo.com.mx/es,OK,200,1.3
20/05/2026,22:24:30,Mex Rent A Car,https://mexrentacar.com/es/index,OK,200,1.59
20/05/2026,22:24:30,Budget,https://budget.com.mx/#/,OK,200,0.63
20/05/2026,22:24:30,Localiza,https://www.localiza.com/mexico/es-mx,OK,200,1.07
20/05/2026,22:24:30,Enterprise,https://enterprise.mx/,OK,200,1.93
20/05/2026,22:24:30,Europcar,https://www.europcar.com.mx/,OK,200,0.7
21/05/2026,03:57:31,Hertz,https://www.hertzmexico.com/,OK,200,0.36
21/05/2026,03:57:31,Dollar,https://dollarmexico.com.mx/,OK,200,0.45
21/05/2026,03:57:31,Thrifty,https://www.thrifty.com.mx/,OK,200,0.88
21/05/2026,03:57:31,Firefly,https://www.fireflycarrental.com.mx/,OK,200,2.37
21/05/2026,03:57:31,Avis,https://avis.mx/,OK,200,1.04
21/05/2026,03:57:31,National,https://nationalcar.com.mx/,OK,200,3.3
21/05/2026,03:57:31,Alamo,https://www.alamo.com.mx/es,OK,200,1.47
21/05/2026,03:57:31,Mex Rent A Car,https://mexrentacar.com/es/index,OK,200,1.61
21/05/2026,03:57:31,Budget,https://budget.com.mx/#/,OK,200,0.69
21/05/2026,03:57:31,Localiza,https://www.localiza.com/mexico/es-mx,OK,200,1.08
21/05/2026,03:57:31,Enterprise,https://enterprise.mx/,OK,200,2.02
21/05/2026,03:57:31,Europcar,https://www.europcar.com.mx/,OK,200,1.52
21/05/2026,06:52:30,Hertz,https://www.hertzmexico.com/,OK,200,0.32
21/05/2026,06:52:30,Dollar,https://dollarmexico.com.mx/,OK,200,0.46
21/05/2026,06:52:30,Thrifty,https://www.thrifty.com.mx/,OK,200,0.47
21/05/2026,06:52:30,Firefly,https://www.fireflycarrental.com.mx/,OK,200,0.7
21/05/2026,06:52:30,Avis,https://avis.mx/,OK,200,0.89
21/05/2026,06:52:30,National,https://nationalcar.com.mx/,OK,200,2.57
21/05/2026,06:52:30,Alamo,https://www.alamo.com.mx/es,OK,200,1.76
21/05/2026,06:52:30,Mex Rent A Car,https://mexrentacar.com/es/index,OK,200,1.07
21/05/2026,06:52:30,Budget,https://budget.com.mx/#/,OK,200,0.53
21/05/2026,06:52:30,Localiza,https://www.localiza.com/mexico/es-mx,OK,200,1.0
21/05/2026,06:52:30,Enterprise,https://enterprise.mx/,OK,200,1.78
21/05/2026,06:52:30,Europcar,https://www.europcar.com.mx/,OK,200,0.83
21/05/2026,10:42:16,Hertz,https://www.hertzmexico.com/,OK,200,0.34
21/05/2026,10:42:16,Dollar,https://dollarmexico.com.mx/,OK,200,0.36
21/05/2026,10:42:16,Thrifty,https://www.thrifty.com.mx/,OK,200,0.46
21/05/2026,10:42:16,Firefly,https://www.fireflycarrental.com.mx/,OK,200,4.03
21/05/2026,10:42:16,Avis,https://avis.mx/,OK,200,0.83
21/05/2026,10:42:16,National,https://nationalcar.com.mx/,OK,200,3.31
21/05/2026,10:42:16,Alamo,https://www.alamo.com.mx/es,OK,200,1.3
21/05/2026,10:42:16,Mex Rent A Car,https://mexrentacar.com/es/index,OK,200,0.84
21/05/2026,10:42:16,Budget,https://budget.com.mx/#/,OK,200,0.5
21/05/2026,10:42:16,Localiza,https://www.localiza.com/mexico/es-mx,OK,200,1.18
21/05/2026,10:42:16,Enterprise,https://enterprise.mx/,OK,200,2.16
21/05/2026,10:42:16,Europcar,https://www.europcar.com.mx/,OK,200,0.83
21/05/2026,14:03:33,Hertz,https://www.hertzmexico.com/,OK,200,0.35
21/05/2026,14:03:33,Dollar,https://dollarmexico.com.mx/,OK,200,0.29
21/05/2026,14:03:33,Thrifty,https://www.thrifty.com.mx/,OK,200,0.42
21/05/2026,14:03:33,Firefly,https://www.fireflycarrental.com.mx/,OK,200,0.48
21/05/2026,14:03:33,Avis,https://avis.mx/,OK,200,1.08
21/05/2026,14:03:33,National,https://nationalcar.com.mx/,OK,200,3.74
21/05/2026,14:03:33,Alamo,https://www.alamo.com.mx/es,OK,200,1.31
21/05/2026,14:03:33,Mex Rent A Car,https://mexrentacar.com/es/index,OK,200,1.24
21/05/2026,14:03:33,Budget,https://budget.com.mx/#/,OK,200,0.48
21/05/2026,14:03:33,Localiza,https://www.localiza.com/mexico/es-mx,OK,200,0.73
21/05/2026,14:03:33,Enterprise,https://enterprise.mx/,OK,200,2.56
21/05/2026,14:03:33,Europcar,https://www.europcar.com.mx/,OK,200,1.18
21/05/2026,17:10:06,Hertz,https://www.hertzmexico.com/,OK,200,0.37
21/05/2026,17:10:06,Dollar,https://dollarmexico.com.mx/,OK,200,0.4
21/05/2026,17:10:06,Thrifty,https://www.thrifty.com.mx/,OK,200,0.46
21/05/2026,17:10:06,Firefly,https://www.fireflycarrental.com.mx/,OK,200,0.46
21/05/2026,17:10:06,Avis,https://avis.mx/,OK,200,0.94
21/05/2026,17:10:06,National,https://nationalcar.com.mx/,OK,200,3.14
21/05/2026,17:10:06,Alamo,https://www.alamo.com.mx/es,OK,200,1.44
21/05/2026,17:10:06,Mex Rent A Car,https://mexrentacar.com/es/index,OK,200,1.1
21/05/2026,17:10:06,Budget,https://budget.com.mx/#/,OK,200,0.52
21/05/2026,17:10:06,Localiza,https://www.localiza.com/mexico/es-mx,OK,200,1.27
21/05/2026,17:10:06,Enterprise,https://enterprise.mx/,OK,200,2.0
21/05/2026,17:10:06,Europcar,https://www.europcar.com.mx/,OK,200,0.79
21/05/2026,22:19:22,Hertz,https://www.hertzmexico.com/,OK,200,0.36
21/05/2026,22:19:22,Dollar,https://dollarmexico.com.mx/,OK,200,0.47
21/05/2026,22:19:22,Thrifty,https://www.thrifty.com.mx/,OK,200,0.43
21/05/2026,22:19:22,Firefly,https://www.fireflycarrental.com.mx/,OK,200,0.44
21/05/2026,22:19:22,Avis,https://avis.mx/,OK,200,1.19
21/05/2026,22:19:22,National,https://nationalcar.com.mx/,OK,200,3.81
21/05/2026,22:19:22,Alamo,https://www.alamo.com.mx/es,OK,200,1.19
21/05/2026,22:19:22,Mex Rent A Car,https://mexrentacar.com/es/index,OK,200,1.93
21/05/2026,22:19:22,Budget,https://budget.com.mx/#/,OK,200,0.44
21/05/2026,22:19:22,Localiza,https://www.localiza.com/mexico/es-mx,OK,200,0.99
21/05/2026,22:19:22,Enterprise,https://enterprise.mx/,OK,200,2.54
21/05/2026,22:19:22,Europcar,https://www.europcar.com.mx/,OK,200,0.73
22/05/2026,03:42:26,Hertz,https://www.hertzmexico.com/,OK,200,0.34
22/05/2026,03:42:26,Dollar,https://dollarmexico.com.mx/,OK,200,0.93
22/05/2026,03:42:26,Thrifty,https://www.thrifty.com.mx/,OK,200,0.44
22/05/2026,03:42:26,Firefly,https://www.fireflycarrental.com.mx/,OK,200,0.8
22/05/2026,03:42:26,Avis,https://avis.mx/,OK,200,0.79
22/05/2026,03:42:26,National,https://nationalcar.com.mx/,OK,200,2.32
22/05/2026,03:42:26,Alamo,https://www.alamo.com.mx/es,OK,200,1.7
22/05/2026,03:42:26,Mex Rent A Car,https://mexrentacar.com/es/index,OK,200,0.76
22/05/2026,03:42:26,Budget,https://budget.com.mx/#/,OK,200,0.74
22/05/2026,03:42:26,Localiza,https://www.localiza.com/mexico/es-mx,OK,200,1.07
22/05/2026,03:42:26,Enterprise,https://enterprise.mx/,OK,200,1.6
22/05/2026,03:42:26,Europcar,https://www.europcar.com.mx/,OK,200,1.17
22/05/2026,06:28:12,Hertz,https://www.hertzmexico.com/,OK,200,0.36
22/05/2026,06:28:12,Dollar,https://dollarmexico.com.mx/,OK,200,0.36
22/05/2026,06:28:12,Thrifty,https://www.thrifty.com.mx/,OK,200,0.44
22/05/2026,06:28:12,Firefly,https://www.fireflycarrental.com.mx/,OK,200,0.53
22/05/2026,06:28:12,Avis,https://avis.mx/,OK,200,0.75
22/05/2026,06:28:12,National,https://nationalcar.com.mx/,OK,200,3.34
22/05/2026,06:28:12,Alamo,https://www.alamo.com.mx/es,OK,200,1.87
22/05/2026,06:28:12,Mex Rent A Car,https://mexrentacar.com/es/index,OK,200,1.49
22/05/2026,06:28:12,Budget,https://budget.com.mx/#/,OK,200,0.53
22/05/2026,06:28:12,Localiza,https://www.localiza.com/mexico/es-mx,OK,200,1.04
22/05/2026,06:28:12,Enterprise,https://enterprise.mx/,OK,200,2.13
22/05/2026,06:28:12,Europcar,https://www.europcar.com.mx/,OK,200,4.12
22/05/2026,10:31:22,Hertz,https://www.hertzmexico.com/,OK,200,0.34
22/05/2026,10:31:22,Dollar,https://dollarmexico.com.mx/,OK,200,0.31
22/05/2026,10:31:22,Thrifty,https://www.thrifty.com.mx/,OK,200,0.44
22/05/2026,10:31:22,Firefly,https://www.fireflycarrental.com.mx/,OK,200,0.51
22/05/2026,10:31:22,Avis,https://avis.mx/,OK,200,1.5
22/05/2026,10:31:22,National,https://nationalcar.com.mx/,OK,200,3.77
22/05/2026,10:31:22,Alamo,https://www.alamo.com.mx/es,OK,200,1.02
22/05/2026,10:31:22,Mex Rent A Car,https://mexrentacar.com/es/index,OK,200,1.02
22/05/2026,10:31:22,Budget,https://budget.com.mx/#/,OK,200,0.73
22/05/2026,10:31:22,Localiza,https://www.localiza.com/mexico/es-mx,OK,200,0.76
22/05/2026,10:31:22,Enterprise,https://enterprise.mx/,OK,200,2.24
22/05/2026,10:31:22,Europcar,https://www.europcar.com.mx/,OK,200,2.09
22/05/2026,13:59:33,Hertz,https://www.hertzmexico.com/,OK,200,0.31
22/05/2026,13:59:33,Dollar,https://dollarmexico.com.mx/,OK,200,0.34
22/05/2026,13:59:33,Thrifty,https://www.thrifty.com.mx/,OK,200,0.37
22/05/2026,13:59:33,Firefly,https://www.fireflycarrental.com.mx/,OK,200,0.44
22/05/2026,13:59:33,Avis,https://avis.mx/,OK,200,0.99
22/05/2026,13:59:33,National,https://nationalcar.com.mx/,OK,200,3.34
22/05/2026,13:59:33,Alamo,https://www.alamo.com.mx/es,OK,200,1.47
22/05/2026,13:59:33,Mex Rent A Car,https://mexrentacar.com/es/index,OK,200,1.76
22/05/2026,13:59:33,Budget,https://budget.com.mx/#/,OK,200,0.64
22/05/2026,13:59:33,Localiza,https://www.localiza.com/mexico/es-mx,OK,200,1.07
22/05/2026,13:59:33,Enterprise,https://enterprise.mx/,OK,200,2.12
22/05/2026,13:59:33,Europcar,https://www.europcar.com.mx/,OK,200,0.65
22/05/2026,15:20:47,Hertz,https://www.hertzmexico.com/,OK,200,0.38
22/05/2026,15:20:47,Dollar,https://dollarmexico.com.mx/,OK,200,0.44
22/05/2026,15:20:47,Thrifty,https://www.thrifty.com.mx/,OK,200,0.54
22/05/2026,15:20:47,Firefly,https://www.fireflycarrental.com.mx/,OK,200,0.43
22/05/2026,15:20:47,Avis,https://avis.mx/,OK,200,0.86
22/05/2026,15:20:47,National,https://nationalcar.com.mx/,OK,200,3.17
22/05/2026,15:20:47,Alamo,https://www.alamo.com.mx/es,OK,200,1.55
22/05/2026,15:20:47,Mex Rent A Car,https://mexrentacar.com/es/index,OK,200,1.1
22/05/2026,15:20:47,Budget,https://budget.com.mx/#/,OK,200,0.55
22/05/2026,15:20:47,Localiza,https://www.localiza.com/mexico/es-mx,OK,200,1.15
22/05/2026,15:20:47,Enterprise,https://enterprise.mx/,OK,200,1.9
22/05/2026,15:20:47,Europcar,https://www.europcar.com.mx/,OK,200,0.68
22/05/2026,17:11:36,Hertz,https://www.hertzmexico.com/,OK,200,0.38
22/05/2026,17:11:36,Dollar,https://dollarmexico.com.mx/,OK,200,0.33
22/05/2026,17:11:36,Thrifty,https://www.thrifty.com.mx/,OK,200,0.75
22/05/2026,17:11:36,Firefly,https://www.fireflycarrental.com.mx/,OK,200,0.32
22/05/2026,17:11:36,Avis,https://avis.mx/,OK,200,0.86
22/05/2026,17:11:36,National,https://nationalcar.com.mx/,OK,200,2.67
22/05/2026,17:11:36,Alamo,https://www.alamo.com.mx/es,OK,200,1.95
22/05/2026,17:11:36,Mex Rent A Car,https://mexrentacar.com/es/index,OK,200,0.56
22/05/2026,17:11:36,Budget,https://budget.com.mx/#/,OK,200,5.49
22/05/2026,17:11:36,Localiza,https://www.localiza.com/mexico/es-mx,OK,200,1.23
22/05/2026,17:11:36,Enterprise,https://enterprise.mx/,OK,200,1.6
22/05/2026,17:11:36,Europcar,https://www.europcar.com.mx/,OK,200,0.89
22/05/2026,21:57:53,Hertz,https://www.hertzmexico.com/,OK,200,0.37
22/05/2026,21:57:53,Dollar,https://dollarmexico.com.mx/,OK,200,0.31
22/05/2026,21:57:53,Thrifty,https://www.thrifty.com.mx/,OK,200,0.32
22/05/2026,21:57:53,Firefly,https://www.fireflycarrental.com.mx/,OK,200,0.43
22/05/2026,21:57:53,Avis,https://avis.mx/,OK,200,1.15
22/05/2026,21:57:53,National,https://nationalcar.com.mx/,OK,200,3.42
22/05/2026,21:57:53,Alamo,https://www.alamo.com.mx/es,OK,200,1.26
22/05/2026,21:57:53,Mex Rent A Car,https://mexrentacar.com/es/index,OK,200,1.56
22/05/2026,21:57:53,Budget,https://budget.com.mx/#/,OK,200,0.47
22/05/2026,21:57:53,Localiza,https://www.localiza.com/mexico/es-mx,OK,200,1.54
22/05/2026,21:57:53,Enterprise,https://enterprise.mx/,OK,200,2.04
22/05/2026,21:57:53,Europcar,https://www.europcar.com.mx/,OK,200,1.46
23/05/2026,00:41:08,Hertz,https://www.hertzmexico.com/,OK,200,0.73
23/05/2026,00:41:08,Dollar,https://dollarmexico.com.mx/,OK,200,0.73
23/05/2026,00:41:08,Thrifty,https://www.thrifty.com.mx/,OK,200,0.42
23/05/2026,00:41:08,Firefly,https://www.fireflycarrental.com.mx/,OK,200,0.48
23/05/2026,00:41:08,Avis,https://avis.mx/,OK,200,0.95
23/05/2026,00:41:08,National,https://nationalcar.com.mx/,OK,200,2.26
23/05/2026,00:41:08,Alamo,https://www.alamo.com.mx/es,OK,200,1.57
23/05/2026,00:41:08,Mex Rent A Car,https://mexrentacar.com/es/index,OK,200,0.77
23/05/2026,00:41:08,Budget,https://budget.com.mx/#/,OK,200,0.72
23/05/2026,00:41:08,Localiza,https://www.localiza.com/mexico/es-mx,OK,200,1.33
23/05/2026,00:41:08,Enterprise,https://enterprise.mx/,OK,200,1.63
23/05/2026,00:41:08,Europcar,https://www.europcar.com.mx/,OK,200,0.68
23/05/2026,04:01:12,Hertz,https://www.hertzmexico.com/,OK,200,0.3
23/05/2026,04:01:12,Dollar,https://dollarmexico.com.mx/,OK,200,0.38
23/05/2026,04:01:12,Thrifty,https://www.thrifty.com.mx/,OK,200,0.37
23/05/2026,04:01:12,Firefly,https://www.fireflycarrental.com.mx/,OK,200,0.31
23/05/2026,04:01:12,Avis,https://avis.mx/,OK,200,0.99
23/05/2026,04:01:12,National,https://nationalcar.com.mx/,OK,200,3.81
23/05/2026,04:01:12,Alamo,https://www.alamo.com.mx/es,OK,200,1.23
23/05/2026,04:01:12,Mex Rent A Car,https://mexrentacar.com/es/index,OK,200,1.95
23/05/2026,04:01:12,Budget,https://budget.com.mx/#/,OK,200,0.74
23/05/2026,04:01:12,Localiza,https://www.localiza.com/mexico/es-mx,OK,200,0.9
23/05/2026,04:01:12,Enterprise,https://enterprise.mx/,OK,200,3.16
23/05/2026,04:01:12,Europcar,https://www.europcar.com.mx/,OK,200,3.17
23/05/2026,07:53:51,Hertz,https://www.hertzmexico.com/,OK,200,0.36
23/05/2026,07:53:51,Dollar,https://dollarmexico.com.mx/,OK,200,0.32
23/05/2026,07:53:51,Thrifty,https://www.thrifty.com.mx/,OK,200,0.47
23/05/2026,07:53:51,Firefly,https://www.fireflycarrental.com.mx/,OK,200,0.41
23/05/2026,07:53:51,Avis,https://avis.mx/,OK,200,1.0
23/05/2026,07:53:51,National,https://nationalcar.com.mx/,OK,200,3.33
23/05/2026,07:53:51,Alamo,https://www.alamo.com.mx/es,OK,200,1.12
23/05/2026,07:53:51,Mex Rent A Car,https://mexrentacar.com/es/index,OK,200,1.58
23/05/2026,07:53:51,Budget,https://budget.com.mx/#/,OK,200,0.65
23/05/2026,07:53:51,Localiza,https://www.localiza.com/mexico/es-mx,OK,200,0.92
23/05/2026,07:53:51,Enterprise,https://enterprise.mx/,OK,200,2.2
23/05/2026,07:53:51,Europcar,https://www.europcar.com.mx/,OK,200,0.6
23/05/2026,09:09:05,Hertz,https://www.hertzmexico.com/,OK,200,0.47
23/05/2026,09:09:05,Dollar,https://dollarmexico.com.mx/,OK,200,0.37
23/05/2026,09:09:05,Thrifty,https://www.thrifty.com.mx/,OK,200,0.52
23/05/2026,09:09:05,Firefly,https://www.fireflycarrental.com.mx/,OK,200,0.71
23/05/2026,09:09:05,Avis,https://avis.mx/,OK,200,0.91
23/05/2026,09:09:05,National,https://nationalcar.com.mx/,OK,200,3.04
23/05/2026,09:09:05,Alamo,https://www.alamo.com.mx/es,OK,200,1.58
23/05/2026,09:09:05,Mex Rent A Car,https://mexrentacar.com/es/index,OK,200,1.28
23/05/2026,09:09:05,Budget,https://budget.com.mx/#/,OK,200,0.46
23/05/2026,09:09:05,Localiza,https://www.localiza.com/mexico/es-mx,OK,200,2.1
23/05/2026,09:09:05,Enterprise,https://enterprise.mx/,OK,200,1.91
23/05/2026,09:09:05,Europcar,https://www.europcar.com.mx/,OK,200,0.64
23/05/2026,11:12:02,Hertz,https://www.hertzmexico.com/,OK,200,0.36
23/05/2026,11:12:02,Dollar,https://dollarmexico.com.mx/,OK,200,0.34
23/05/2026,11:12:02,Thrifty,https://www.thrifty.com.mx/,OK,200,0.4
23/05/2026,11:12:02,Firefly,https://www.fireflycarrental.com.mx/,OK,200,0.37
23/05/2026,11:12:02,Avis,https://avis.mx/,OK,200,0.97
23/05/2026,11:12:02,National,https://nationalcar.com.mx/,OK,200,3.27
23/05/2026,11:12:02,Alamo,https://www.alamo.com.mx/es,OK,200,1.33
23/05/2026,11:12:02,Mex Rent A Car,https://mexrentacar.com/es/index,OK,200,1.71
23/05/2026,11:12:02,Budget,https://budget.com.mx/#/,OK,200,0.64
23/05/2026,11:12:02,Localiza,https://www.localiza.com/mexico/es-mx,OK,200,1.01
23/05/2026,11:12:02,Enterprise,https://enterprise.mx/,OK,200,2.1
23/05/2026,11:12:02,Europcar,https://www.europcar.com.mx/,OK,200,0.69
23/05/2026,13:22:17,Hertz,https://www.hertzmexico.com/,OK,200,0.37
23/05/2026,13:22:17,Dollar,https://dollarmexico.com.mx/,OK,200,0.35
23/05/2026,13:22:17,Thrifty,https://www.thrifty.com.mx/,OK,200,0.36
23/05/2026,13:22:17,Firefly,https://www.fireflycarrental.com.mx/,OK,200,0.37
23/05/2026,13:22:17,Avis,https://avis.mx/,OK,200,1.1
23/05/2026,13:22:17,National,https://nationalcar.com.mx/,OK,200,3.79
23/05/2026,13:22:17,Alamo,https://www.alamo.com.mx/es,OK,200,1.05
23/05/2026,13:22:17,Mex Rent A Car,https://mexrentacar.com/es/index,OK,200,1.88
23/05/2026,13:22:17,Budget,https://budget.com.mx/#/,OK,200,0.69
23/05/2026,13:22:17,Localiza,https://www.localiza.com/mexico/es-mx,OK,200,1.35
23/05/2026,13:22:17,Enterprise,https://enterprise.mx/,OK,200,2.21
23/05/2026,13:22:17,Europcar,https://www.europcar.com.mx/,OK,200,2.49
23/05/2026,15:02:15,Hertz,https://www.hertzmexico.com/,OK,200,0.33
23/05/2026,15:02:15,Dollar,https://dollarmexico.com.mx/,OK,200,0.44
23/05/2026,15:02:15,Thrifty,https://www.thrifty.com.mx/,OK,200,0.41
23/05/2026,15:02:15,Firefly,https://www.fireflycarrental.com.mx/,OK,200,0.44
23/05/2026,15:02:15,Avis,https://avis.mx/,OK,200,0.83
23/05/2026,15:02:15,National,https://nationalcar.com.mx/,OK,200,3.46
23/05/2026,15:02:15,Alamo,https://www.alamo.com.mx/es,OK,200,1.24
23/05/2026,15:02:15,Mex Rent A Car,https://mexrentacar.com/es/index,OK,200,0.72
23/05/2026,15:02:15,Budget,https://budget.com.mx/#/,OK,200,0.53
23/05/2026,15:02:15,Localiza,https://www.localiza.com/mexico/es-mx,OK,200,1.32
23/05/2026,15:02:15,Enterprise,https://enterprise.mx/,OK,200,1.98
23/05/2026,15:02:15,Europcar,https://www.europcar.com.mx/,OK,200,0.85
23/05/2026,16:59:24,Hertz,https://www.hertzmexico.com/,OK,200,0.34
23/05/2026,16:59:24,Dollar,https://dollarmexico.com.mx/,OK,200,0.37
23/05/2026,16:59:24,Thrifty,https://www.thrifty.com.mx/,OK,200,0.33
23/05/2026,16:59:24,Firefly,https://www.fireflycarrental.com.mx/,OK,200,0.39
23/05/2026,16:59:24,Avis,https://avis.mx/,OK,200,0.99
23/05/2026,16:59:24,National,https://nationalcar.com.mx/,OK,200,3.35
23/05/2026,16:59:24,Alamo,https://www.alamo.com.mx/es,OK,200,1.07
23/05/2026,16:59:24,Mex Rent A Car,https://mexrentacar.com/es/index,OK,200,1.62
23/05/2026,16:59:24,Budget,https://budget.com.mx/#/,OK,200,0.51
23/05/2026,16:59:24,Localiza,https://www.localiza.com/mexico/es-mx,OK,200,0.86
23/05/2026,16:59:24,Enterprise,https://enterprise.mx/,OK,200,2.02
23/05/2026,16:59:24,Europcar,https://www.europcar.com.mx/,OK,200,0.71
23/05/2026,22:18:32,Hertz,https://www.hertzmexico.com/,OK,200,0.41
23/05/2026,22:18:32,Dollar,https://dollarmexico.com.mx/,OK,200,0.34
23/05/2026,22:18:32,Thrifty,https://www.thrifty.com.mx/,OK,200,0.31
23/05/2026,22:18:32,Firefly,https://www.fireflycarrental.com.mx/,OK,200,0.46
23/05/2026,22:18:32,Avis,https://avis.mx/,OK,200,1.04
23/05/2026,22:18:32,National,https://nationalcar.com.mx/,OK,200,3.31
23/05/2026,22:18:32,Alamo,https://www.alamo.com.mx/es,OK,200,1.23
23/05/2026,22:18:32,Mex Rent A Car,https://mexrentacar.com/es/index,OK,200,0.81
23/05/2026,22:18:32,Budget,https://budget.com.mx/#/,OK,200,0.63
23/05/2026,22:18:32,Localiza,https://www.localiza.com/mexico/es-mx,OK,200,1.17
23/05/2026,22:18:32,Enterprise,https://enterprise.mx/,OK,200,2.43
23/05/2026,22:18:32,Europcar,https://www.europcar.com.mx/,OK,200,0.62
24/05/2026,02:40:58,Hertz,https://www.hertzmexico.com/,OK,200,0.33
24/05/2026,02:40:58,Dollar,https://dollarmexico.com.mx/,OK,200,0.31
24/05/2026,02:40:58,Thrifty,https://www.thrifty.com.mx/,OK,200,0.35
24/05/2026,02:40:58,Firefly,https://www.fireflycarrental.com.mx/,OK,200,18.15
24/05/2026,02:40:58,Avis,https://avis.mx/,OK,200,1.08
24/05/2026,02:40:58,National,https://nationalcar.com.mx/,OK,200,3.4
24/05/2026,02:40:58,Alamo,https://www.alamo.com.mx/es,OK,200,1.34
24/05/2026,02:40:58,Mex Rent A Car,https://mexrentacar.com/es/index,OK,200,1.53
24/05/2026,02:40:58,Budget,https://budget.com.mx/#/,OK,200,0.66
24/05/2026,02:40:58,Localiza,https://www.localiza.com/mexico/es-mx,OK,200,1.09
24/05/2026,02:40:58,Enterprise,https://enterprise.mx/,OK,200,2.26
24/05/2026,02:40:58,Europcar,https://www.europcar.com.mx/,OK,200,2.14
24/05/2026,05:21:22,Hertz,https://www.hertzmexico.com/,OK,200,0.34
24/05/2026,05:21:22,Dollar,https://dollarmexico.com.mx/,OK,200,0.29
24/05/2026,05:21:22,Thrifty,https://www.thrifty.com.mx/,OK,200,0.5
24/05/2026,05:21:22,Firefly,https://www.fireflycarrental.com.mx/,OK,200,0.52
24/05/2026,05:21:22,Avis,https://avis.mx/,OK,200,1.13
24/05/2026,05:21:22,National,https://nationalcar.com.mx/,OK,200,3.67
24/05/2026,05:21:22,Alamo,https://www.alamo.com.mx/es,OK,200,1.44
24/05/2026,05:21:22,Mex Rent A Car,https://mexrentacar.com/es/index,OK,200,1.82
24/05/2026,05:21:22,Budget,https://budget.com.mx/#/,OK,200,0.39
24/05/2026,05:21:22,Localiza,https://www.localiza.com/mexico/es-mx,OK,200,1.16
24/05/2026,05:21:22,Enterprise,https://enterprise.mx/,OK,200,2.54
24/05/2026,05:21:22,Europcar,https://www.europcar.com.mx/,OK,200,0.61
24/05/2026,07:51:26,Hertz,https://www.hertzmexico.com/,OK,200,0.39
24/05/2026,07:51:26,Dollar,https://dollarmexico.com.mx/,OK,200,0.27
24/05/2026,07:51:26,Thrifty,https://www.thrifty.com.mx/,OK,200,0.36
24/05/2026,07:51:26,Firefly,https://www.fireflycarrental.com.mx/,OK,200,0.47
24/05/2026,07:51:26,Avis,https://avis.mx/,OK,200,0.92
24/05/2026,07:51:26,National,https://nationalcar.com.mx/,OK,200,3.73
24/05/2026,07:51:26,Alamo,https://www.alamo.com.mx/es,OK,200,1.17
24/05/2026,07:51:26,Mex Rent A Car,https://mexrentacar.com/es/index,OK,200,1.96
24/05/2026,07:51:26,Budget,https://budget.com.mx/#/,OK,200,0.67
24/05/2026,07:51:26,Localiza,https://www.localiza.com/mexico/es-mx,OK,200,0.89
24/05/2026,07:51:26,Enterprise,https://enterprise.mx/,OK,200,2.72
24/05/2026,07:51:26,Europcar,https://www.europcar.com.mx/,OK,200,0.74
24/05/2026,09:12:18,Hertz,https://www.hertzmexico.com/,OK,200,0.43
24/05/2026,09:12:18,Dollar,https://dollarmexico.com.mx/,OK,200,0.43
24/05/2026,09:12:18,Thrifty,https://www.thrifty.com.mx/,OK,200,0.45
24/05/2026,09:12:18,Firefly,https://www.fireflycarrental.com.mx/,OK,200,0.61
24/05/2026,09:12:18,Avis,https://avis.mx/,OK,200,0.9
24/05/2026,09:12:18,National,https://nationalcar.com.mx/,OK,200,3.1
24/05/2026,09:12:18,Alamo,https://www.alamo.com.mx/es,OK,200,1.64
24/05/2026,09:12:18,Mex Rent A Car,https://mexrentacar.com/es/index,OK,200,0.65
24/05/2026,09:12:18,Budget,https://budget.com.mx/#/,OK,200,0.49
24/05/2026,09:12:18,Localiza,https://www.localiza.com/mexico/es-mx,OK,200,1.46
24/05/2026,09:12:18,Enterprise,https://enterprise.mx/,OK,200,1.89
24/05/2026,09:12:18,Europcar,https://www.europcar.com.mx/,OK,200,0.76
24/05/2026,11:12:35,Hertz,https://www.hertzmexico.com/,OK,200,0.37
24/05/2026,11:12:35,Dollar,https://dollarmexico.com.mx/,OK,200,0.33
24/05/2026,11:12:35,Thrifty,https://www.thrifty.com.mx/,OK,200,0.33
24/05/2026,11:12:35,Firefly,https://www.fireflycarrental.com.mx/,OK,200,0.47
24/05/2026,11:12:35,Avis,https://avis.mx/,OK,200,1.25
24/05/2026,11:12:35,National,https://nationalcar.com.mx/,OK,200,3.78
24/05/2026,11:12:35,Alamo,https://www.alamo.com.mx/es,OK,200,1.25
24/05/2026,11:12:35,Mex Rent A Car,https://mexrentacar.com/es/index,OK,200,1.91
24/05/2026,11:12:35,Budget,https://budget.com.mx/#/,OK,200,0.77
24/05/2026,11:12:35,Localiza,https://www.localiza.com/mexico/es-mx,OK,200,1.18
24/05/2026,11:12:35,Enterprise,https://enterprise.mx/,OK,200,2.6
24/05/2026,11:12:35,Europcar,https://www.europcar.com.mx/,OK,200,0.56
24/05/2026,13:26:09,Hertz,https://www.hertzmexico.com/,OK,200,0.27
24/05/2026,13:26:09,Dollar,https://dollarmexico.com.mx/,OK,200,0.28
24/05/2026,13:26:09,Thrifty,https://www.thrifty.com.mx/,OK,200,0.28
24/05/2026,13:26:09,Firefly,https://www.fireflycarrental.com.mx/,OK,200,0.55
24/05/2026,13:26:09,Avis,https://avis.mx/,OK,200,0.91
24/05/2026,13:26:09,National,https://nationalcar.com.mx/,OK,200,2.22
24/05/2026,13:26:09,Alamo,https://www.alamo.com.mx/es,OK,200,1.74
24/05/2026,13:26:09,Mex Rent A Car,https://mexrentacar.com/es/index,OK,200,0.87
24/05/2026,13:26:09,Budget,https://budget.com.mx/#/,OK,200,0.71
24/05/2026,13:26:09,Localiza,https://www.localiza.com/mexico/es-mx,OK,200,1.04
24/05/2026,13:26:09,Enterprise,https://enterprise.mx/,OK,200,1.44
24/05/2026,13:26:09,Europcar,https://www.europcar.com.mx/,OK,200,0.78
24/05/2026,15:04:45,Hertz,https://www.hertzmexico.com/,OK,200,0.38
24/05/2026,15:04:45,Dollar,https://dollarmexico.com.mx/,OK,200,0.4
24/05/2026,15:04:45,Thrifty,https://www.thrifty.com.mx/,OK,200,0.45
24/05/2026,15:04:45,Firefly,https://www.fireflycarrental.com.mx/,OK,200,0.52
24/05/2026,15:04:45,Avis,https://avis.mx/,OK,200,1.28
24/05/2026,15:04:45,National,https://nationalcar.com.mx/,OK,200,3.83
24/05/2026,15:04:45,Alamo,https://www.alamo.com.mx/es,OK,200,1.27
24/05/2026,15:04:45,Mex Rent A Car,https://mexrentacar.com/es/index,OK,200,1.01
24/05/2026,15:04:45,Budget,https://budget.com.mx/#/,OK,200,0.45
24/05/2026,15:04:45,Localiza,https://www.localiza.com/mexico/es-mx,OK,200,0.97
24/05/2026,15:04:45,Enterprise,https://enterprise.mx/,OK,200,9.74
24/05/2026,15:04:45,Europcar,https://www.europcar.com.mx/,OK,200,0.62
24/05/2026,17:04:05,Hertz,https://www.hertzmexico.com/,OK,200,0.27
24/05/2026,17:04:05,Dollar,https://dollarmexico.com.mx/,OK,200,0.57
24/05/2026,17:04:05,Thrifty,https://www.thrifty.com.mx/,OK,200,4.77
24/05/2026,17:04:05,Firefly,https://www.fireflycarrental.com.mx/,OK,200,0.35
24/05/2026,17:04:05,Avis,https://avis.mx/,OK,200,0.91
24/05/2026,17:04:05,National,https://nationalcar.com.mx/,OK,200,2.29
24/05/2026,17:04:05,Alamo,https://www.alamo.com.mx/es,OK,200,1.56
24/05/2026,17:04:05,Mex Rent A Car,https://mexrentacar.com/es/index,OK,200,0.96
24/05/2026,17:04:05,Budget,https://budget.com.mx/#/,OK,200,0.47
24/05/2026,17:04:05,Localiza,https://www.localiza.com/mexico/es-mx,OK,200,1.47
24/05/2026,17:04:05,Enterprise,https://enterprise.mx/,OK,200,1.38
24/05/2026,17:04:05,Europcar,https://www.europcar.com.mx/,OK,200,1.37
24/05/2026,22:40:35,Hertz,https://www.hertzmexico.com/,OK,200,0.42
24/05/2026,22:40:35,Dollar,https://dollarmexico.com.mx/,OK,200,0.38
24/05/2026,22:40:35,Thrifty,https://www.thrifty.com.mx/,OK,200,0.57
24/05/2026,22:40:35,Firefly,https://www.fireflycarrental.com.mx/,OK,200,2.22
24/05/2026,22:40:35,Avis,https://avis.mx/,OK,200,1.39
24/05/2026,22:40:35,National,https://nationalcar.com.mx/,OK,200,3.74
24/05/2026,22:40:35,Alamo,https://www.alamo.com.mx/es,OK,200,1.29
24/05/2026,22:40:35,Mex Rent A Car,https://mexrentacar.com/es/index,OK,200,1.11
24/05/2026,22:40:35,Budget,https://budget.com.mx/#/,OK,200,0.69
24/05/2026,22:40:35,Localiza,https://www.localiza.com/mexico/es-mx,OK,200,0.88
24/05/2026,22:40:35,Enterprise,https://enterprise.mx/,OK,200,2.62
24/05/2026,22:40:35,Europcar,https://www.europcar.com.mx/,OK,200,4.91
25/05/2026,04:24:45,Hertz,https://www.hertzmexico.com/,OK,200,0.27
25/05/2026,04:24:45,Dollar,https://dollarmexico.com.mx/,OK,200,0.68
25/05/2026,04:24:45,Thrifty,https://www.thrifty.com.mx/,OK,200,0.31
25/05/2026,04:24:45,Firefly,https://www.fireflycarrental.com.mx/,OK,200,0.51
25/05/2026,04:24:45,Avis,https://avis.mx/,OK,200,1.06
25/05/2026,04:24:45,National,https://nationalcar.com.mx/,OK,200,2.28
25/05/2026,04:24:45,Alamo,https://www.alamo.com.mx/es,OK,200,1.56
25/05/2026,04:24:45,Mex Rent A Car,https://mexrentacar.com/es/index,OK,200,0.87
25/05/2026,04:24:45,Budget,https://budget.com.mx/#/,OK,200,0.75
25/05/2026,04:24:45,Localiza,https://www.localiza.com/mexico/es-mx,OK,200,0.86
25/05/2026,04:24:45,Enterprise,https://enterprise.mx/,OK,200,14.09
25/05/2026,04:24:45,Europcar,https://www.europcar.com.mx/,OK,200,0.76
25/05/2026,09:23:55,Hertz,https://www.hertzmexico.com/,OK,200,0.34
25/05/2026,09:23:55,Dollar,https://dollarmexico.com.mx/,OK,200,0.33
25/05/2026,09:23:55,Thrifty,https://www.thrifty.com.mx/,OK,200,0.34
25/05/2026,09:23:55,Firefly,https://www.fireflycarrental.com.mx/,OK,200,0.41
25/05/2026,09:23:55,Avis,https://avis.mx/,OK,200,1.05
25/05/2026,09:23:55,National,https://nationalcar.com.mx/,OK,200,3.79
25/05/2026,09:23:55,Alamo,https://www.alamo.com.mx/es,OK,200,1.11
25/05/2026,09:23:55,Mex Rent A Car,https://mexrentacar.com/es/index,OK,200,2.0
25/05/2026,09:23:55,Budget,https://budget.com.mx/#/,OK,200,0.47
25/05/2026,09:23:55,Localiza,https://www.localiza.com/mexico/es-mx,OK,200,1.1
25/05/2026,09:23:55,Enterprise,https://enterprise.mx/,OK,200,2.55
25/05/2026,09:23:55,Europcar,https://www.europcar.com.mx/,OK,200,0.9
25/05/2026,11:49:45,Hertz,https://www.hertzmexico.com/,OK,200,0.26
25/05/2026,11:49:45,Dollar,https://dollarmexico.com.mx/,OK,200,0.32
25/05/2026,11:49:45,Thrifty,https://www.thrifty.com.mx/,OK,200,0.3
25/05/2026,11:49:45,Firefly,https://www.fireflycarrental.com.mx/,OK,200,0.33
25/05/2026,11:49:45,Avis,https://avis.mx/,OK,200,0.96
25/05/2026,11:49:45,National,https://nationalcar.com.mx/,OK,200,3.34
25/05/2026,11:49:45,Alamo,https://www.alamo.com.mx/es,OK,200,1.21
25/05/2026,11:49:45,Mex Rent A Car,https://mexrentacar.com/es/index,OK,200,1.58
25/05/2026,11:49:45,Budget,https://budget.com.mx/#/,OK,200,0.64
25/05/2026,11:49:45,Localiza,https://www.localiza.com/mexico/es-mx,OK,200,0.89
25/05/2026,11:49:45,Enterprise,https://enterprise.mx/,OK,200,10.33
25/05/2026,11:49:45,Europcar,https://www.europcar.com.mx/,OK,200,0.65
25/05/2026,13:52:01,Hertz,https://www.hertzmexico.com/,OK,200,0.37
25/05/2026,13:52:01,Dollar,https://dollarmexico.com.mx/,OK,200,0.36
25/05/2026,13:52:01,Thrifty,https://www.thrifty.com.mx/,OK,200,0.44
25/05/2026,13:52:01,Firefly,https://www.fireflycarrental.com.mx/,OK,200,0.45
25/05/2026,13:52:01,Avis,https://avis.mx/,OK,200,0.89
25/05/2026,13:52:01,National,https://nationalcar.com.mx/,OK,200,3.21
25/05/2026,13:52:01,Alamo,https://www.alamo.com.mx/es,OK,200,1.56
25/05/2026,13:52:01,Mex Rent A Car,https://mexrentacar.com/es/index,OK,200,1.06
25/05/2026,13:52:01,Budget,https://budget.com.mx/#/,OK,200,0.56
25/05/2026,13:52:01,Localiza,https://www.localiza.com/mexico/es-mx,OK,200,1.24
25/05/2026,13:52:01,Enterprise,https://enterprise.mx/,OK,200,1.81
25/05/2026,13:52:01,Europcar,https://www.europcar.com.mx/,OK,200,0.69
25/05/2026,15:17:32,Hertz,https://www.hertzmexico.com/,OK,200,0.27
25/05/2026,15:17:32,Dollar,https://dollarmexico.com.mx/,OK,200,0.29
25/05/2026,15:17:32,Thrifty,https://www.thrifty.com.mx/,OK,200,0.52
25/05/2026,15:17:32,Firefly,https://www.fireflycarrental.com.mx/,OK,200,0.43
25/05/2026,15:17:32,Avis,https://avis.mx/,OK,200,0.84
25/05/2026,15:17:32,National,https://nationalcar.com.mx/,OK,200,3.72
25/05/2026,15:17:32,Alamo,https://www.alamo.com.mx/es,OK,200,1.25
25/05/2026,15:17:32,Mex Rent A Car,https://mexrentacar.com/es/index,OK,200,1.53
25/05/2026,15:17:32,Budget,https://budget.com.mx/#/,OK,200,0.71
25/05/2026,15:17:32,Localiza,https://www.localiza.com/mexico/es-mx,OK,200,0.94
25/05/2026,15:17:32,Enterprise,https://enterprise.mx/,OK,200,2.51
25/05/2026,15:17:32,Europcar,https://www.europcar.com.mx/,OK,200,4.64
25/05/2026,17:13:48,Hertz,https://www.hertzmexico.com/,OK,200,0.32
25/05/2026,17:13:48,Dollar,https://dollarmexico.com.mx/,OK,200,0.34
25/05/2026,17:13:48,Thrifty,https://www.thrifty.com.mx/,OK,200,0.43
25/05/2026,17:13:48,Firefly,https://www.fireflycarrental.com.mx/,OK,200,0.54
25/05/2026,17:13:48,Avis,https://avis.mx/,OK,200,1.06
25/05/2026,17:13:48,National,https://nationalcar.com.mx/,OK,200,3.74
25/05/2026,17:13:48,Alamo,https://www.alamo.com.mx/es,OK,200,1.22
25/05/2026,17:13:48,Mex Rent A Car,https://mexrentacar.com/es/index,OK,200,2.01
25/05/2026,17:13:48,Budget,https://budget.com.mx/#/,OK,200,0.56
25/05/2026,17:13:48,Localiza,https://www.localiza.com/mexico/es-mx,OK,200,0.83
25/05/2026,17:13:48,Enterprise,https://enterprise.mx/,OK,200,2.19
25/05/2026,17:13:48,Europcar,https://www.europcar.com.mx/,OK,200,0.54
25/05/2026,22:15:44,Hertz,https://www.hertzmexico.com/,OK,200,0.35
25/05/2026,22:15:44,Dollar,https://dollarmexico.com.mx/,OK,200,0.3
25/05/2026,22:15:44,Thrifty,https://www.thrifty.com.mx/,OK,200,0.29
25/05/2026,22:15:44,Firefly,https://www.fireflycarrental.com.mx/,OK,200,0.33
25/05/2026,22:15:44,Avis,https://avis.mx/,OK,200,0.77
25/05/2026,22:15:44,National,https://nationalcar.com.mx/,OK,200,2.34
25/05/2026,22:15:44,Alamo,https://www.alamo.com.mx/es,OK,200,1.75
25/05/2026,22:15:44,Mex Rent A Car,https://mexrentacar.com/es/index,OK,200,0.91
25/05/2026,22:15:44,Budget,https://budget.com.mx/#/,OK,200,0.49
25/05/2026,22:15:44,Localiza,https://www.localiza.com/mexico/es-mx,OK,200,1.02
25/05/2026,22:15:44,Enterprise,https://enterprise.mx/,OK,200,1.61
25/05/2026,22:15:44,Europcar,https://www.europcar.com.mx/,OK,200,0.67
26/05/2026,04:12:30,Hertz,https://www.hertzmexico.com/,OK,200,0.99
26/05/2026,04:12:30,Dollar,https://dollarmexico.com.mx/,OK,200,0.31
26/05/2026,04:12:30,Thrifty,https://www.thrifty.com.mx/,OK,200,0.46
26/05/2026,04:12:30,Firefly,https://www.fireflycarrental.com.mx/,OK,200,0.55
26/05/2026,04:12:30,Avis,https://avis.mx/,OK,200,0.93
26/05/2026,04:12:30,National,https://nationalcar.com.mx/,OK,200,3.74
26/05/2026,04:12:30,Alamo,https://www.alamo.com.mx/es,OK,200,1.2
26/05/2026,04:12:30,Mex Rent A Car,https://mexrentacar.com/es/index,OK,200,1.85
26/05/2026,04:12:30,Budget,https://budget.com.mx/#/,OK,200,0.67
26/05/2026,04:12:30,Localiza,https://www.localiza.com/mexico/es-mx,OK,200,1.06
26/05/2026,04:12:30,Enterprise,https://enterprise.mx/,OK,200,2.38
26/05/2026,04:12:30,Europcar,https://www.europcar.com.mx/,OK,200,3.56
26/05/2026,09:59:44,Hertz,https://www.hertzmexico.com/,OK,200,0.28
26/05/2026,09:59:44,Dollar,https://dollarmexico.com.mx/,OK,200,0.34
26/05/2026,09:59:44,Thrifty,https://www.thrifty.com.mx/,OK,200,0.43
26/05/2026,09:59:44,Firefly,https://www.fireflycarrental.com.mx/,OK,200,0.44
26/05/2026,09:59:44,Avis,https://avis.mx/,OK,200,0.95
26/05/2026,09:59:44,National,https://nationalcar.com.mx/,OK,200,3.76
26/05/2026,09:59:44,Alamo,https://www.alamo.com.mx/es,OK,200,1.06
26/05/2026,09:59:44,Mex Rent A Car,https://mexrentacar.com/es/index,OK,200,1.96
26/05/2026,09:59:44,Budget,https://budget.com.mx/#/,OK,200,0.5
26/05/2026,09:59:44,Localiza,https://www.localiza.com/mexico/es-mx,OK,200,0.75
26/05/2026,09:59:44,Enterprise,https://enterprise.mx/,OK,200,14.69
26/05/2026,09:59:44,Europcar,https://www.europcar.com.mx/,OK,200,0.59
26/05/2026,12:34:29,Hertz,https://www.hertzmexico.com/,OK,200,0.38
26/05/2026,12:34:29,Dollar,https://dollarmexico.com.mx/,OK,200,0.26
26/05/2026,12:34:29,Thrifty,https://www.thrifty.com.mx/,OK,200,0.32
26/05/2026,12:34:29,Firefly,https://www.fireflycarrental.com.mx/,OK,200,0.5
26/05/2026,12:34:29,Avis,https://avis.mx/,OK,200,1.12
26/05/2026,12:34:29,National,https://nationalcar.com.mx/,OK,200,3.88
26/05/2026,12:34:29,Alamo,https://www.alamo.com.mx/es,OK,200,0.95
26/05/2026,12:34:29,Mex Rent A Car,https://mexrentacar.com/es/index,OK,200,1.58
26/05/2026,12:34:29,Budget,https://budget.com.mx/#/,OK,200,0.69
26/05/2026,12:34:29,Localiza,https://www.localiza.com/mexico/es-mx,OK,200,1.17
26/05/2026,12:34:29,Enterprise,https://enterprise.mx/,OK,200,2.5
26/05/2026,12:34:29,Europcar,https://www.europcar.com.mx/,OK,200,0.58
26/05/2026,15:52:55,Hertz,https://www.hertzmexico.com/,OK,200,0.4
26/05/2026,15:52:55,Dollar,https://dollarmexico.com.mx/,OK,200,0.33
26/05/2026,15:52:55,Thrifty,https://www.thrifty.com.mx/,OK,200,0.37
26/05/2026,15:52:55,Firefly,https://www.fireflycarrental.com.mx/,OK,200,0.37
26/05/2026,15:52:55,Avis,https://avis.mx/,OK,200,1.02
26/05/2026,15:52:55,National,https://nationalcar.com.mx/,OK,200,3.84
26/05/2026,15:52:55,Alamo,https://www.alamo.com.mx/es,OK,200,1.52
26/05/2026,15:52:55,Mex Rent A Car,https://mexrentacar.com/es/index,OK,200,1.11
26/05/2026,15:52:55,Budget,https://budget.com.mx/#/,OK,200,0.72
26/05/2026,15:52:55,Localiza,https://www.localiza.com/mexico/es-mx,OK,200,1.11
26/05/2026,15:52:55,Enterprise,https://enterprise.mx/,OK,200,2.18
26/05/2026,15:52:55,Europcar,https://www.europcar.com.mx/,OK,200,0.58
26/05/2026,17:16:18,Hertz,https://www.hertzmexico.com/,OK,200,0.33
26/05/2026,17:16:18,Dollar,https://dollarmexico.com.mx/,OK,200,0.3
26/05/2026,17:16:18,Thrifty,https://www.thrifty.com.mx/,OK,200,0.33
26/05/2026,17:16:18,Firefly,https://www.fireflycarrental.com.mx/,OK,200,0.36
26/05/2026,17:16:18,Avis,https://avis.mx/,OK,200,0.95
26/05/2026,17:16:18,National,https://nationalcar.com.mx/,OK,200,3.33
26/05/2026,17:16:18,Alamo,https://www.alamo.com.mx/es,OK,200,1.28
26/05/2026,17:16:18,Mex Rent A Car,https://mexrentacar.com/es/index,OK,200,1.67
26/05/2026,17:16:18,Budget,https://budget.com.mx/#/,OK,200,0.47
26/05/2026,17:16:18,Localiza,https://www.localiza.com/mexico/es-mx,OK,200,1.04
26/05/2026,17:16:18,Enterprise,https://enterprise.mx/,OK,200,2.14
26/05/2026,17:16:18,Europcar,https://www.europcar.com.mx/,OK,200,0.57
26/05/2026,22:38:32,Hertz,https://www.hertzmexico.com/,OK,200,0.37
26/05/2026,22:38:32,Dollar,https://dollarmexico.com.mx/,OK,200,0.34
26/05/2026,22:38:32,Thrifty,https://www.thrifty.com.mx/,OK,200,0.48
26/05/2026,22:38:32,Firefly,https://www.fireflycarrental.com.mx/,OK,200,0.42
26/05/2026,22:38:32,Avis,https://avis.mx/,OK,200,0.88
26/05/2026,22:38:32,National,https://nationalcar.com.mx/,OK,200,3.37
26/05/2026,22:38:32,Alamo,https://www.alamo.com.mx/es,OK,200,1.16
26/05/2026,22:38:32,Mex Rent A Car,https://mexrentacar.com/es/index,OK,200,0.95
26/05/2026,22:38:32,Budget,https://budget.com.mx/#/,OK,200,0.63
26/05/2026,22:38:32,Localiza,https://www.localiza.com/mexico/es-mx,OK,200,0.99
26/05/2026,22:38:32,Enterprise,https://enterprise.mx/,OK,200,2.1
26/05/2026,22:38:32,Europcar,https://www.europcar.com.mx/,OK,200,0.57
27/05/2026,04:10:14,Hertz,https://www.hertzmexico.com/,OK,200,0.35
27/05/2026,04:10:14,Dollar,https://dollarmexico.com.mx/,OK,200,0.38
27/05/2026,04:10:14,Thrifty,https://www.thrifty.com.mx/,OK,200,0.46
27/05/2026,04:10:14,Firefly,https://www.fireflycarrental.com.mx/,OK,200,0.54
27/05/2026,04:10:14,Avis,https://avis.mx/,OK,200,0.86
27/05/2026,04:10:14,National,https://nationalcar.com.mx/,OK,200,3.72
27/05/2026,04:10:14,Alamo,https://www.alamo.com.mx/es,OK,200,1.32
27/05/2026,04:10:14,Mex Rent A Car,https://mexrentacar.com/es/index,OK,200,1.17
27/05/2026,04:10:14,Budget,https://budget.com.mx/#/,OK,200,0.68
27/05/2026,04:10:14,Localiza,https://www.localiza.com/mexico/es-mx,OK,200,1.09
27/05/2026,04:10:14,Enterprise,https://enterprise.mx/,OK,200,2.71
27/05/2026,04:10:14,Europcar,https://www.europcar.com.mx/,OK,200,0.73
27/05/2026,10:03:05,Hertz,https://www.hertzmexico.com/,OK,200,0.29
27/05/2026,10:03:05,Dollar,https://dollarmexico.com.mx/,OK,200,0.38
27/05/2026,10:03:05,Thrifty,https://www.thrifty.com.mx/,OK,200,0.4
27/05/2026,10:03:05,Firefly,https://www.fireflycarrental.com.mx/,OK,200,0.39
27/05/2026,10:03:05,Avis,https://avis.mx/,OK,200,0.94
27/05/2026,10:03:05,National,https://nationalcar.com.mx/,OK,200,3.84
27/05/2026,10:03:05,Alamo,https://www.alamo.com.mx/es,OK,200,1.24
27/05/2026,10:03:05,Mex Rent A Car,https://mexrentacar.com/es/index,OK,200,1.04
27/05/2026,10:03:05,Budget,https://budget.com.mx/#/,OK,200,0.57
27/05/2026,10:03:05,Localiza,https://www.localiza.com/mexico/es-mx,OK,200,1.05
27/05/2026,10:03:05,Enterprise,https://enterprise.mx/,OK,200,2.1
27/05/2026,10:03:05,Europcar,https://www.europcar.com.mx/,OK,200,0.64
27/05/2026,14:26:58,Hertz,https://www.hertzmexico.com/,OK,200,0.44
27/05/2026,14:26:58,Dollar,https://dollarmexico.com.mx/,OK,200,0.33
27/05/2026,14:26:58,Thrifty,https://www.thrifty.com.mx/,OK,200,0.43
27/05/2026,14:26:58,Firefly,https://www.fireflycarrental.com.mx/,OK,200,0.88
27/05/2026,14:26:58,Avis,https://avis.mx/,OK,200,0.81
27/05/2026,14:26:58,National,https://nationalcar.com.mx/,OK,200,3.4
27/05/2026,14:26:58,Alamo,https://www.alamo.com.mx/es,OK,200,1.25
27/05/2026,14:26:58,Mex Rent A Car,https://mexrentacar.com/es/index,OK,200,1.31
27/05/2026,14:26:58,Budget,https://budget.com.mx/#/,OK,200,0.5
27/05/2026,14:26:58,Localiza,https://www.localiza.com/mexico/es-mx,OK,200,1.59
27/05/2026,14:26:58,Enterprise,https://enterprise.mx/,OK,200,1.92
27/05/2026,14:26:58,Europcar,https://www.europcar.com.mx/,OK,200,0.63
27/05/2026,17:22:45,Hertz,https://www.hertzmexico.com/,OK,200,0.52
27/05/2026,17:22:45,Dollar,https://dollarmexico.com.mx/,OK,200,0.29
27/05/2026,17:22:45,Thrifty,https://www.thrifty.com.mx/,OK,200,0.34
27/05/2026,17:22:45,Firefly,https://www.fireflycarrental.com.mx/,OK,200,0.46
27/05/2026,17:22:45,Avis,https://avis.mx/,OK,200,0.93
27/05/2026,17:22:45,National,https://nationalcar.com.mx/,OK,200,3.91
27/05/2026,17:22:45,Alamo,https://www.alamo.com.mx/es,OK,200,1.13
27/05/2026,17:22:45,Mex Rent A Car,https://mexrentacar.com/es/index,OK,200,2.05
27/05/2026,17:22:45,Budget,https://budget.com.mx/#/,OK,200,0.47
27/05/2026,17:22:45,Localiza,https://www.localiza.com/mexico/es-mx,OK,200,0.93
27/05/2026,17:22:45,Enterprise,https://enterprise.mx/,OK,200,2.52
27/05/2026,17:22:45,Europcar,https://www.europcar.com.mx/,OK,200,0.51
27/05/2026,22:18:30,Hertz,https://www.hertzmexico.com/,OK,200,0.38
27/05/2026,22:18:30,Dollar,https://dollarmexico.com.mx/,OK,200,0.39
27/05/2026,22:18:30,Thrifty,https://www.thrifty.com.mx/,OK,200,0.41
27/05/2026,22:18:30,Firefly,https://www.fireflycarrental.com.mx/,OK,200,0.45
27/05/2026,22:18:30,Avis,https://avis.mx/,OK,200,0.8
27/05/2026,22:18:30,National,https://nationalcar.com.mx/,OK,200,3.94
27/05/2026,22:18:30,Alamo,https://www.alamo.com.mx/es,OK,200,1.11
27/05/2026,22:18:30,Mex Rent A Car,https://mexrentacar.com/es/index,OK,200,1.89
27/05/2026,22:18:30,Budget,https://budget.com.mx/#/,OK,200,0.75
27/05/2026,22:18:30,Localiza,https://www.localiza.com/mexico/es-mx,OK,200,1.22
27/05/2026,22:18:30,Enterprise,https://enterprise.mx/,OK,200,2.22
27/05/2026,22:18:30,Europcar,https://www.europcar.com.mx/,OK,200,0.56
28/05/2026,04:18:58,Hertz,https://www.hertzmexico.com/,OK,200,0.3
28/05/2026,04:18:58,Dollar,https://dollarmexico.com.mx/,OK,200,17.16
28/05/2026,04:18:58,Thrifty,https://www.thrifty.com.mx/,OK,200,0.39
28/05/2026,04:18:58,Firefly,https://www.fireflycarrental.com.mx/,OK,200,0.49
28/05/2026,04:18:58,Avis,https://avis.mx/,OK,200,0.94
28/05/2026,04:18:58,National,https://nationalcar.com.mx/,OK,200,3.85
28/05/2026,04:18:58,Alamo,https://www.alamo.com.mx/es,OK,200,1.13
28/05/2026,04:18:58,Mex Rent A Car,https://mexrentacar.com/es/index,OK,200,1.48
28/05/2026,04:18:58,Budget,https://budget.com.mx/#/,OK,200,0.42
28/05/2026,04:18:58,Localiza,https://www.localiza.com/mexico/es-mx,OK,200,1.58
28/05/2026,04:18:58,Enterprise,https://enterprise.mx/,OK,200,2.39
28/05/2026,04:18:58,Europcar,https://www.europcar.com.mx/,OK,200,0.61
28/05/2026,10:18:23,Hertz,https://www.hertzmexico.com/,OK,200,0.32
28/05/2026,10:18:23,Dollar,https://dollarmexico.com.mx/,OK,200,0.35
28/05/2026,10:18:23,Thrifty,https://www.thrifty.com.mx/,OK,200,0.42
28/05/2026,10:18:23,Firefly,https://www.fireflycarrental.com.mx/,OK,200,0.43
28/05/2026,10:18:23,Avis,https://avis.mx/,OK,200,0.98
28/05/2026,10:18:23,National,https://nationalcar.com.mx/,OK,200,3.64
28/05/2026,10:18:23,Alamo,https://www.alamo.com.mx/es,OK,200,1.04
28/05/2026,10:18:23,Mex Rent A Car,https://mexrentacar.com/es/index,OK,200,1.99
28/05/2026,10:18:23,Budget,https://budget.com.mx/#/,OK,200,0.78
28/05/2026,10:18:23,Localiza,https://www.localiza.com/mexico/es-mx,OK,200,1.59
28/05/2026,10:18:23,Enterprise,https://enterprise.mx/,OK,200,2.54
28/05/2026,10:18:23,Europcar,https://www.europcar.com.mx/,OK,200,1.24
28/05/2026,14:33:29,Hertz,https://www.hertzmexico.com/,OK,200,0.33
28/05/2026,14:33:29,Dollar,https://dollarmexico.com.mx/,OK,200,0.55
28/05/2026,14:33:29,Thrifty,https://www.thrifty.com.mx/,OK,200,0.45
28/05/2026,14:33:29,Firefly,https://www.fireflycarrental.com.mx/,OK,200,0.45
28/05/2026,14:33:29,Avis,https://avis.mx/,OK,200,0.82
28/05/2026,14:33:29,National,https://nationalcar.com.mx/,OK,200,3.16
28/05/2026,14:33:29,Alamo,https://www.alamo.com.mx/es,OK,200,1.36
28/05/2026,14:33:29,Mex Rent A Car,https://mexrentacar.com/es/index,OK,200,1.1
28/05/2026,14:33:29,Budget,https://budget.com.mx/#/,OK,200,0.61
28/05/2026,14:33:29,Localiza,https://www.localiza.com/mexico/es-mx,OK,200,1.53
28/05/2026,14:33:29,Enterprise,https://enterprise.mx/,OK,200,1.86
28/05/2026,14:33:29,Europcar,https://www.europcar.com.mx/,OK,200,1.0
28/05/2026,17:23:56,Hertz,https://www.hertzmexico.com/,OK,200,0.32
28/05/2026,17:23:56,Dollar,https://dollarmexico.com.mx/,OK,200,0.37
28/05/2026,17:23:56,Thrifty,https://www.thrifty.com.mx/,OK,200,0.47
28/05/2026,17:23:56,Firefly,https://www.fireflycarrental.com.mx/,OK,200,0.42
28/05/2026,17:23:56,Avis,https://avis.mx/,OK,200,0.79
28/05/2026,17:23:56,National,https://nationalcar.com.mx/,OK,200,3.29
28/05/2026,17:23:56,Alamo,https://www.alamo.com.mx/es,OK,200,1.39
28/05/2026,17:23:56,Mex Rent A Car,https://mexrentacar.com/es/index,OK,200,1.47
28/05/2026,17:23:56,Budget,https://budget.com.mx/#/,OK,200,0.51
28/05/2026,17:23:56,Localiza,https://www.localiza.com/mexico/es-mx,OK,200,1.82
28/05/2026,17:23:56,Enterprise,https://enterprise.mx/,OK,200,1.91
28/05/2026,17:23:56,Europcar,https://www.europcar.com.mx/,OK,200,0.65
28/05/2026,22:21:09,Hertz,https://www.hertzmexico.com/,OK,200,0.32
28/05/2026,22:21:09,Dollar,https://dollarmexico.com.mx/,OK,200,0.32
28/05/2026,22:21:09,Thrifty,https://www.thrifty.com.mx/,OK,200,0.36
28/05/2026,22:21:09,Firefly,https://www.fireflycarrental.com.mx/,OK,200,0.32
28/05/2026,22:21:09,Avis,https://avis.mx/,OK,200,0.82
28/05/2026,22:21:09,National,https://nationalcar.com.mx/,OK,200,2.34
28/05/2026,22:21:09,Alamo,https://www.alamo.com.mx/es,OK,200,1.69
28/05/2026,22:21:09,Mex Rent A Car,https://mexrentacar.com/es/index,OK,200,0.86
28/05/2026,22:21:09,Budget,https://budget.com.mx/#/,OK,200,0.5
28/05/2026,22:21:09,Localiza,https://www.localiza.com/mexico/es-mx,OK,200,1.53
28/05/2026,22:21:09,Enterprise,https://enterprise.mx/,OK,200,0.41
28/05/2026,22:21:09,Europcar,https://www.europcar.com.mx/,OK,200,0.68
29/05/2026,04:08:32,Hertz,https://www.hertzmexico.com/,OK,200,0.35
29/05/2026,04:08:32,Dollar,https://dollarmexico.com.mx/,OK,200,0.36
29/05/2026,04:08:32,Thrifty,https://www.thrifty.com.mx/,OK,200,0.31
29/05/2026,04:08:32,Firefly,https://www.fireflycarrental.com.mx/,Error de conexión,0,60.0
29/05/2026,04:08:32,Avis,https://avis.mx/,OK,200,0.76
29/05/2026,04:08:32,National,https://nationalcar.com.mx/,OK,200,3.25
29/05/2026,04:08:32,Alamo,https://www.alamo.com.mx/es,OK,200,1.27
29/05/2026,04:08:32,Mex Rent A Car,https://mexrentacar.com/es/index,OK,200,1.49
29/05/2026,04:08:32,Budget,https://budget.com.mx/#/,OK,200,0.44
29/05/2026,04:08:32,Localiza,https://www.localiza.com/mexico/es-mx,OK,200,0.95
29/05/2026,04:08:32,Enterprise,https://enterprise.mx/,OK,200,0.86
29/05/2026,04:08:32,Europcar,https://www.europcar.com.mx/,OK,200,0.58
29/05/2026,10:00:57,Hertz,https://www.hertzmexico.com/,OK,200,0.3
29/05/2026,10:00:57,Dollar,https://dollarmexico.com.mx/,OK,200,0.37
29/05/2026,10:00:57,Thrifty,https://www.thrifty.com.mx/,OK,200,0.44
29/05/2026,10:00:57,Firefly,https://www.fireflycarrental.com.mx/,OK,200,0.46
29/05/2026,10:00:57,Avis,https://avis.mx/,OK,200,0.77
29/05/2026,10:00:57,National,https://nationalcar.com.mx/,OK,200,3.31
29/05/2026,10:00:57,Alamo,https://www.alamo.com.mx/es,OK,200,1.43
29/05/2026,10:00:57,Mex Rent A Car,https://mexrentacar.com/es/index,OK,200,1.5
29/05/2026,10:00:57,Budget,https://budget.com.mx/#/,OK,200,0.69
29/05/2026,10:00:57,Localiza,https://www.localiza.com/mexico/es-mx,OK,200,1.25
29/05/2026,10:00:57,Enterprise,https://enterprise.mx/,OK,200,0.74
29/05/2026,10:00:57,Europcar,https://www.europcar.com.mx/,OK,200,0.65
29/05/2026,14:35:45,Hertz,https://www.hertzmexico.com/,OK,200,0.3
29/05/2026,14:35:45,Dollar,https://dollarmexico.com.mx/,OK,200,0.34
29/05/2026,14:35:45,Thrifty,https://www.thrifty.com.mx/,OK,200,0.74
29/05/2026,14:35:45,Firefly,https://www.fireflycarrental.com.mx/,OK,200,0.34
29/05/2026,14:35:45,Avis,https://avis.mx/,OK,200,0.84
29/05/2026,14:35:45,National,https://nationalcar.com.mx/,OK,200,2.5
29/05/2026,14:35:45,Alamo,https://www.alamo.com.mx/es,OK,200,2.04
29/05/2026,14:35:45,Mex Rent A Car,https://mexrentacar.com/es/index,OK,200,1.07
29/05/2026,14:35:45,Budget,https://budget.com.mx/#/,OK,200,0.5
29/05/2026,14:35:45,Localiza,https://www.localiza.com/mexico/es-mx,OK,200,2.29
29/05/2026,14:35:45,Enterprise,https://enterprise.mx/,OK,200,0.33
29/05/2026,14:35:45,Europcar,https://www.europcar.com.mx/,OK,200,0.66
29/05/2026,17:20:54,Hertz,https://www.hertzmexico.com/,OK,200,0.29
29/05/2026,17:20:54,Dollar,https://dollarmexico.com.mx/,OK,200,0.44
29/05/2026,17:20:54,Thrifty,https://www.thrifty.com.mx/,OK,200,0.68
29/05/2026,17:20:54,Firefly,https://www.fireflycarrental.com.mx/,OK,200,0.78
29/05/2026,17:20:54,Avis,https://avis.mx/,OK,200,0.86
29/05/2026,17:20:54,National,https://nationalcar.com.mx/,OK,200,2.27
29/05/2026,17:20:54,Alamo,https://www.alamo.com.mx/es,OK,200,1.61
29/05/2026,17:20:54,Mex Rent A Car,https://mexrentacar.com/es/index,OK,200,0.81
29/05/2026,17:20:54,Budget,https://budget.com.mx/#/,OK,200,0.44
29/05/2026,17:20:54,Localiza,https://www.localiza.com/mexico/es-mx,OK,200,2.01
29/05/2026,17:20:54,Enterprise,https://enterprise.mx/,OK,200,0.37
29/05/2026,17:20:54,Europcar,https://www.europcar.com.mx/,OK,200,0.57
29/05/2026,22:06:08,Hertz,https://www.hertzmexico.com/,OK,200,0.3
29/05/2026,22:06:08,Dollar,https://dollarmexico.com.mx/,OK,200,0.79
29/05/2026,22:06:08,Thrifty,https://www.thrifty.com.mx/,OK,200,0.31
29/05/2026,22:06:08,Firefly,https://www.fireflycarrental.com.mx/,OK,200,0.3
29/05/2026,22:06:08,Avis,https://avis.mx/,OK,200,1.0
29/05/2026,22:06:08,National,https://nationalcar.com.mx/,OK,200,2.16
29/05/2026,22:06:08,Alamo,https://www.alamo.com.mx/es,OK,200,1.79
29/05/2026,22:06:08,Mex Rent A Car,https://mexrentacar.com/es/index,OK,200,0.77
29/05/2026,22:06:08,Budget,https://budget.com.mx/#/,OK,200,0.76
29/05/2026,22:06:08,Localiza,https://www.localiza.com/mexico/es-mx,OK,200,1.34
29/05/2026,22:06:08,Enterprise,https://enterprise.mx/,OK,200,0.37
29/05/2026,22:06:08,Europcar,https://www.europcar.com.mx/,OK,200,0.55
30/05/2026,02:36:32,Hertz,https://www.hertzmexico.com/,OK,200,0.38
30/05/2026,02:36:32,Dollar,https://dollarmexico.com.mx/,OK,200,0.51
30/05/2026,02:36:32,Thrifty,https://www.thrifty.com.mx/,OK,200,0.7
30/05/2026,02:36:32,Firefly,https://www.fireflycarrental.com.mx/,OK,200,28.21
30/05/2026,02:36:32,Avis,https://avis.mx/,OK,200,0.93
30/05/2026,02:36:32,National,https://nationalcar.com.mx/,OK,200,3.08
30/05/2026,02:36:32,Alamo,https://www.alamo.com.mx/es,OK,200,1.37
30/05/2026,02:36:32,Mex Rent A Car,https://mexrentacar.com/es/index,OK,200,1.27
30/05/2026,02:36:32,Budget,https://budget.com.mx/#/,OK,200,0.46
30/05/2026,02:36:32,Localiza,https://www.localiza.com/mexico/es-mx,OK,200,2.31
30/05/2026,02:36:32,Enterprise,https://enterprise.mx/,OK,200,0.81
30/05/2026,02:36:32,Europcar,https://www.europcar.com.mx/,OK,200,0.58
30/05/2026,05:27:11,Hertz,https://www.hertzmexico.com/,OK,200,0.38
30/05/2026,05:27:11,Dollar,https://dollarmexico.com.mx/,OK,200,0.34
30/05/2026,05:27:11,Thrifty,https://www.thrifty.com.mx/,OK,200,0.42
30/05/2026,05:27:11,Firefly,https://www.fireflycarrental.com.mx/,OK,200,0.38
30/05/2026,05:27:11,Avis,https://avis.mx/,OK,200,0.98
30/05/2026,05:27:11,National,https://nationalcar.com.mx/,OK,200,3.64
30/05/2026,05:27:11,Alamo,https://www.alamo.com.mx/es,OK,200,1.32
30/05/2026,05:27:11,Mex Rent A Car,https://mexrentacar.com/es/index,OK,200,2.06
30/05/2026,05:27:11,Budget,https://budget.com.mx/#/,OK,200,0.47
30/05/2026,05:27:11,Localiza,https://www.localiza.com/mexico/es-mx,OK,200,0.94
30/05/2026,05:27:11,Enterprise,https://enterprise.mx/,OK,200,1.12
30/05/2026,05:27:11,Europcar,https://www.europcar.com.mx/,OK,200,0.51
30/05/2026,07:56:38,Hertz,https://www.hertzmexico.com/,OK,200,0.34
30/05/2026,07:56:38,Dollar,https://dollarmexico.com.mx/,OK,200,0.38
30/05/2026,07:56:38,Thrifty,https://www.thrifty.com.mx/,OK,200,0.4
30/05/2026,07:56:38,Firefly,https://www.fireflycarrental.com.mx/,OK,200,0.35
30/05/2026,07:56:38,Avis,https://avis.mx/,OK,200,0.97
30/05/2026,07:56:38,National,https://nationalcar.com.mx/,OK,200,3.67
30/05/2026,07:56:38,Alamo,https://www.alamo.com.mx/es,OK,200,1.17
30/05/2026,07:56:38,Mex Rent A Car,https://mexrentacar.com/es/index,OK,200,1.95
30/05/2026,07:56:38,Budget,https://budget.com.mx/#/,OK,200,0.68
30/05/2026,07:56:38,Localiza,https://www.localiza.com/mexico/es-mx,OK,200,1.01
30/05/2026,07:56:38,Enterprise,https://enterprise.mx/,OK,200,1.13
30/05/2026,07:56:38,Europcar,https://www.europcar.com.mx/,OK,200,0.5
30/05/2026,09:17:56,Hertz,https://www.hertzmexico.com/,OK,200,0.35
30/05/2026,09:17:56,Dollar,https://dollarmexico.com.mx/,OK,200,0.32
30/05/2026,09:17:56,Thrifty,https://www.thrifty.com.mx/,OK,200,0.47
30/05/2026,09:17:56,Firefly,https://www.fireflycarrental.com.mx/,OK,200,0.39
30/05/2026,09:17:56,Avis,https://avis.mx/,OK,200,0.83
30/05/2026,09:17:56,National,https://nationalcar.com.mx/,OK,200,3.38
30/05/2026,09:17:56,Alamo,https://www.alamo.com.mx/es,OK,200,1.26
30/05/2026,09:17:56,Mex Rent A Car,https://mexrentacar.com/es/index,OK,200,1.63
30/05/2026,09:17:56,Budget,https://budget.com.mx/#/,OK,200,0.51
30/05/2026,09:17:56,Localiza,https://www.localiza.com/mexico/es-mx,OK,200,1.76
30/05/2026,09:17:56,Enterprise,https://enterprise.mx/,OK,200,0.96
30/05/2026,09:17:56,Europcar,https://www.europcar.com.mx/,OK,200,0.55
30/05/2026,11:17:49,Hertz,https://www.hertzmexico.com/,OK,200,0.28
30/05/2026,11:17:49,Dollar,https://dollarmexico.com.mx/,OK,200,0.33
30/05/2026,11:17:49,Thrifty,https://www.thrifty.com.mx/,OK,200,0.32
30/05/2026,11:17:49,Firefly,https://www.fireflycarrental.com.mx/,OK,200,0.41
30/05/2026,11:17:49,Avis,https://avis.mx/,OK,200,0.8
30/05/2026,11:17:49,National,https://nationalcar.com.mx/,OK,200,2.64
30/05/2026,11:17:49,Alamo,https://www.alamo.com.mx/es,OK,200,1.82
30/05/2026,11:17:49,Mex Rent A Car,https://mexrentacar.com/es/index,OK,200,1.07
30/05/2026,11:17:49,Budget,https://budget.com.mx/#/,OK,200,0.81
30/05/2026,11:17:49,Localiza,https://www.localiza.com/mexico/es-mx,OK,200,1.22
30/05/2026,11:17:49,Enterprise,https://enterprise.mx/,OK,200,0.67
30/05/2026,11:17:49,Europcar,https://www.europcar.com.mx/,OK,200,0.65
30/05/2026,13:37:33,Hertz,https://www.hertzmexico.com/,OK,200,0.27
30/05/2026,13:37:33,Dollar,https://dollarmexico.com.mx/,OK,200,0.4
30/05/2026,13:37:33,Thrifty,https://www.thrifty.com.mx/,OK,200,0.36
30/05/2026,13:37:33,Firefly,https://www.fireflycarrental.com.mx/,OK,200,0.37
30/05/2026,13:37:33,Avis,https://avis.mx/,OK,200,0.86
30/05/2026,13:37:33,National,https://nationalcar.com.mx/,OK,200,3.32
30/05/2026,13:37:33,Alamo,https://www.alamo.com.mx/es,OK,200,1.16
30/05/2026,13:37:33,Mex Rent A Car,https://mexrentacar.com/es/index,OK,200,1.59
30/05/2026,13:37:33,Budget,https://budget.com.mx/#/,OK,200,0.43
30/05/2026,13:37:33,Localiza,https://www.localiza.com/mexico/es-mx,OK,200,1.39
30/05/2026,13:37:33,Enterprise,https://enterprise.mx/,OK,200,0.83
30/05/2026,13:37:33,Europcar,https://www.europcar.com.mx/,OK,200,0.57
30/05/2026,15:09:38,Hertz,https://www.hertzmexico.com/,OK,200,0.33
30/05/2026,15:09:38,Dollar,https://dollarmexico.com.mx/,OK,200,0.36
30/05/2026,15:09:38,Thrifty,https://www.thrifty.com.mx/,OK,200,0.42
30/05/2026,15:09:38,Firefly,https://www.fireflycarrental.com.mx/,OK,200,0.42
30/05/2026,15:09:38,Avis,https://avis.mx/,OK,200,0.82
30/05/2026,15:09:38,National,https://nationalcar.com.mx/,OK,200,3.68
30/05/2026,15:09:38,Alamo,https://www.alamo.com.mx/es,OK,200,1.3
30/05/2026,15:09:38,Mex Rent A Car,https://mexrentacar.com/es/index,OK,200,0.97
30/05/2026,15:09:38,Budget,https://budget.com.mx/#/,OK,200,0.73
30/05/2026,15:09:38,Localiza,https://www.localiza.com/mexico/es-mx,OK,200,1.73
30/05/2026,15:09:38,Enterprise,https://enterprise.mx/,OK,200,1.1
30/05/2026,15:09:38,Europcar,https://www.europcar.com.mx/,OK,200,0.56
30/05/2026,17:06:18,Hertz,https://www.hertzmexico.com/,OK,200,0.33
30/05/2026,17:06:18,Dollar,https://dollarmexico.com.mx/,OK,200,0.34
30/05/2026,17:06:18,Thrifty,https://www.thrifty.com.mx/,OK,200,0.49
30/05/2026,17:06:18,Firefly,https://www.fireflycarrental.com.mx/,OK,200,0.52
30/05/2026,17:06:18,Avis,https://avis.mx/,OK,200,0.87
30/05/2026,17:06:18,National,https://nationalcar.com.mx/,OK,200,3.83
30/05/2026,17:06:18,Alamo,https://www.alamo.com.mx/es,OK,200,1.21
30/05/2026,17:06:18,Mex Rent A Car,https://mexrentacar.com/es/index,OK,200,1.77
30/05/2026,17:06:18,Budget,https://budget.com.mx/#/,OK,200,0.48
30/05/2026,17:06:18,Localiza,https://www.localiza.com/mexico/es-mx,OK,200,0.87
30/05/2026,17:06:18,Enterprise,https://enterprise.mx/,OK,200,1.11
30/05/2026,17:06:18,Europcar,https://www.europcar.com.mx/,OK,200,0.56
30/05/2026,22:41:06,Hertz,https://www.hertzmexico.com/,OK,200,0.31
30/05/2026,22:41:06,Dollar,https://dollarmexico.com.mx/,OK,200,0.34
30/05/2026,22:41:06,Thrifty,https://www.thrifty.com.mx/,OK,200,0.39
30/05/2026,22:41:06,Firefly,https://www.fireflycarrental.com.mx/,OK,200,0.61
30/05/2026,22:41:06,Avis,https://avis.mx/,OK,200,0.84
30/05/2026,22:41:06,National,https://nationalcar.com.mx/,OK,200,3.81
30/05/2026,22:41:06,Alamo,https://www.alamo.com.mx/es,OK,200,1.08
30/05/2026,22:41:06,Mex Rent A Car,https://mexrentacar.com/es/index,OK,200,1.04
30/05/2026,22:41:06,Budget,https://budget.com.mx/#/,OK,200,0.72
30/05/2026,22:41:06,Localiza,https://www.localiza.com/mexico/es-mx,OK,200,1.0
30/05/2026,22:41:06,Enterprise,https://enterprise.mx/,OK,200,1.14
30/05/2026,22:41:06,Europcar,https://www.europcar.com.mx/,OK,200,0.5
31/05/2026,02:57:21,Hertz,https://www.hertzmexico.com/,OK,200,0.37
31/05/2026,02:57:21,Dollar,https://dollarmexico.com.mx/,OK,200,0.42
31/05/2026,02:57:21,Thrifty,https://www.thrifty.com.mx/,OK,200,27.5
31/05/2026,02:57:21,Firefly,https://www.fireflycarrental.com.mx/,Error de conexión,0,60.01
31/05/2026,02:57:21,Avis,https://avis.mx/,OK,200,1.12
31/05/2026,02:57:21,National,https://nationalcar.com.mx/,OK,200,3.24
31/05/2026,02:57:21,Alamo,https://www.alamo.com.mx/es,OK,200,1.37
31/05/2026,02:57:21,Mex Rent A Car,https://mexrentacar.com/es/index,OK,200,1.14
31/05/2026,02:57:21,Budget,https://budget.com.mx/#/,OK,200,0.62
31/05/2026,02:57:21,Localiza,https://www.localiza.com/mexico/es-mx,OK,200,2.18
31/05/2026,02:57:21,Enterprise,https://enterprise.mx/,OK,200,0.81
31/05/2026,02:57:21,Europcar,https://www.europcar.com.mx/,OK,200,0.59
31/05/2026,05:43:59,Hertz,https://www.hertzmexico.com/,OK,200,0.29
31/05/2026,05:43:59,Dollar,https://dollarmexico.com.mx/,OK,200,0.31
31/05/2026,05:43:59,Thrifty,https://www.thrifty.com.mx/,OK,200,0.45
31/05/2026,05:43:59,Firefly,https://www.fireflycarrental.com.mx/,OK,200,0.4
31/05/2026,05:43:59,Avis,https://avis.mx/,OK,200,0.82
31/05/2026,05:43:59,National,https://nationalcar.com.mx/,OK,200,3.79
31/05/2026,05:43:59,Alamo,https://www.alamo.com.mx/es,OK,200,1.3
31/05/2026,05:43:59,Mex Rent A Car,https://mexrentacar.com/es/index,OK,200,1.0
31/05/2026,05:43:59,Budget,https://budget.com.mx/#/,OK,200,0.71
31/05/2026,05:43:59,Localiza,https://www.localiza.com/mexico/es-mx,OK,200,1.05
31/05/2026,05:43:59,Enterprise,https://enterprise.mx/,OK,200,1.17
31/05/2026,05:43:59,Europcar,https://www.europcar.com.mx/,OK,200,0.54
31/05/2026,08:02:59,Hertz,https://www.hertzmexico.com/,OK,200,0.37
31/05/2026,08:02:59,Dollar,https://dollarmexico.com.mx/,OK,200,0.64
31/05/2026,08:02:59,Thrifty,https://www.thrifty.com.mx/,OK,200,0.57
31/05/2026,08:02:59,Firefly,https://www.fireflycarrental.com.mx/,OK,200,0.45
31/05/2026,08:02:59,Avis,https://avis.mx/,OK,200,1.04
31/05/2026,08:02:59,National,https://nationalcar.com.mx/,OK,200,3.28
31/05/2026,08:02:59,Alamo,https://www.alamo.com.mx/es,OK,200,1.45
31/05/2026,08:02:59,Mex Rent A Car,https://mexrentacar.com/es/index,OK,200,1.04
31/05/2026,08:02:59,Budget,https://budget.com.mx/#/,OK,200,0.56
31/05/2026,08:02:59,Localiza,https://www.localiza.com/mexico/es-mx,OK,200,1.32
31/05/2026,08:02:59,Enterprise,https://enterprise.mx/,OK,200,0.8
31/05/2026,08:02:59,Europcar,https://www.europcar.com.mx/,OK,200,0.61
31/05/2026,11:17:29,Hertz,https://www.hertzmexico.com/,OK,200,0.28
31/05/2026,11:17:29,Dollar,https://dollarmexico.com.mx/,OK,200,0.31
31/05/2026,11:17:29,Thrifty,https://www.thrifty.com.mx/,OK,200,0.36
31/05/2026,11:17:29,Firefly,https://www.fireflycarrental.com.mx/,OK,200,0.62
31/05/2026,11:17:29,Avis,https://avis.mx/,OK,200,0.77
31/05/2026,11:17:29,National,https://nationalcar.com.mx/,OK,200,2.3
31/05/2026,11:17:29,Alamo,https://www.alamo.com.mx/es,OK,200,1.62
31/05/2026,11:17:29,Mex Rent A Car,https://mexrentacar.com/es/index,OK,200,0.87
31/05/2026,11:17:29,Budget,https://budget.com.mx/#/,OK,200,0.44
31/05/2026,11:17:29,Localiza,https://www.localiza.com/mexico/es-mx,OK,200,0.91
31/05/2026,11:17:29,Enterprise,https://enterprise.mx/,OK,200,0.38
31/05/2026,11:17:29,Europcar,https://www.europcar.com.mx/,OK,200,0.63
31/05/2026,13:35:53,Hertz,https://www.hertzmexico.com/,OK,200,0.33
31/05/2026,13:35:53,Dollar,https://dollarmexico.com.mx/,OK,200,0.58
31/05/2026,13:35:53,Thrifty,https://www.thrifty.com.mx/,OK,200,0.57
31/05/2026,13:35:53,Firefly,https://www.fireflycarrental.com.mx/,OK,200,0.6
31/05/2026,13:35:53,Avis,https://avis.mx/,OK,200,0.88
31/05/2026,13:35:53,National,https://nationalcar.com.mx/,OK,200,3.64
31/05/2026,13:35:53,Alamo,https://www.alamo.com.mx/es,OK,200,1.25
31/05/2026,13:35:53,Mex Rent A Car,https://mexrentacar.com/es/index,OK,200,1.87
31/05/2026,13:35:53,Budget,https://budget.com.mx/#/,OK,200,0.51
31/05/2026,13:35:53,Localiza,https://www.localiza.com/mexico/es-mx,OK,200,1.3
31/05/2026,13:35:53,Enterprise,https://enterprise.mx/,OK,200,1.14
31/05/2026,13:35:53,Europcar,https://www.europcar.com.mx/,OK,200,0.62
31/05/2026,15:09:45,Hertz,https://www.hertzmexico.com/,OK,200,0.29
31/05/2026,15:09:45,Dollar,https://dollarmexico.com.mx/,OK,200,0.32
31/05/2026,15:09:45,Thrifty,https://www.thrifty.com.mx/,OK,200,0.36
31/05/2026,15:09:45,Firefly,https://www.fireflycarrental.com.mx/,OK,200,0.48
31/05/2026,15:09:45,Avis,https://avis.mx/,OK,200,0.86
31/05/2026,15:09:45,National,https://nationalcar.com.mx/,OK,200,3.7
31/05/2026,15:09:45,Alamo,https://www.alamo.com.mx/es,OK,200,1.32
31/05/2026,15:09:45,Mex Rent A Car,https://mexrentacar.com/es/index,OK,200,1.93
31/05/2026,15:09:45,Budget,https://budget.com.mx/#/,OK,200,0.4
31/05/2026,15:09:45,Localiza,https://www.localiza.com/mexico/es-mx,OK,200,1.29
31/05/2026,15:09:45,Enterprise,https://enterprise.mx/,OK,200,1.15
31/05/2026,15:09:45,Europcar,https://www.europcar.com.mx/,OK,200,0.59
31/05/2026,17:09:43,Hertz,https://www.hertzmexico.com/,OK,200,0.33
31/05/2026,17:09:43,Dollar,https://dollarmexico.com.mx/,OK,200,0.35
31/05/2026,17:09:43,Thrifty,https://www.thrifty.com.mx/,OK,200,0.41
31/05/2026,17:09:43,Firefly,https://www.fireflycarrental.com.mx/,OK,200,0.38
31/05/2026,17:09:43,Avis,https://avis.mx/,OK,200,0.93
31/05/2026,17:09:43,National,https://nationalcar.com.mx/,OK,200,3.83
31/05/2026,17:09:43,Alamo,https://www.alamo.com.mx/es,OK,200,1.25
31/05/2026,17:09:43,Mex Rent A Car,https://mexrentacar.com/es/index,OK,200,2.0
31/05/2026,17:09:43,Budget,https://budget.com.mx/#/,OK,200,0.73
31/05/2026,17:09:43,Localiza,https://www.localiza.com/mexico/es-mx,OK,200,1.79
31/05/2026,17:09:43,Enterprise,https://enterprise.mx/,OK,200,1.16
31/05/2026,17:09:43,Europcar,https://www.europcar.com.mx/,OK,200,0.55
31/05/2026,23:02:58,Hertz,https://www.hertzmexico.com/,OK,200,0.28
31/05/2026,23:02:58,Dollar,https://dollarmexico.com.mx/,OK,200,0.37
31/05/2026,23:02:58,Thrifty,https://www.thrifty.com.mx/,OK,200,0.41
31/05/2026,23:02:58,Firefly,https://www.fireflycarrental.com.mx/,OK,200,0.56
31/05/2026,23:02:58,Avis,https://avis.mx/,OK,200,0.87
31/05/2026,23:02:58,National,https://nationalcar.com.mx/,OK,200,3.64
31/05/2026,23:02:58,Alamo,https://www.alamo.com.mx/es,OK,200,1.14
31/05/2026,23:02:58,Mex Rent A Car,https://mexrentacar.com/es/index,OK,200,1.13
31/05/2026,23:02:58,Budget,https://budget.com.mx/#/,OK,200,0.69
31/05/2026,23:02:58,Localiza,https://www.localiza.com/mexico/es-mx,OK,200,0.92
31/05/2026,23:02:58,Enterprise,https://enterprise.mx/,OK,200,1.05
31/05/2026,23:02:58,Europcar,https://www.europcar.com.mx/,OK,200,1.27
1/06/2026,05:50:43,Hertz,https://www.hertzmexico.com/,OK,200,0.3
1/06/2026,05:50:43,Dollar,https://dollarmexico.com.mx/,OK,200,0.39
1/06/2026,05:50:43,Thrifty,https://www.thrifty.com.mx/,OK,200,0.36
1/06/2026,05:50:43,Firefly,https://www.fireflycarrental.com.mx/,OK,200,1.29
1/06/2026,05:50:43,Avis,https://avis.mx/,OK,200,0.97
1/06/2026,05:50:43,National,https://nationalcar.com.mx/,OK,200,3.68
1/06/2026,05:50:43,Alamo,https://www.alamo.com.mx/es,OK,200,1.1
1/06/2026,05:50:43,Mex Rent A Car,https://mexrentacar.com/es/index,OK,200,1.8
1/06/2026,05:50:43,Budget,https://budget.com.mx/#/,OK,200,0.7
1/06/2026,05:50:43,Localiza,https://www.localiza.com/mexico/es-mx,OK,200,1.13
1/06/2026,05:50:43,Enterprise,https://enterprise.mx/,OK,200,1.19
1/06/2026,05:50:43,Europcar,https://www.europcar.com.mx/,OK,200,0.61
1/06/2026,11:56:41,Hertz,https://www.hertzmexico.com/,OK,200,0.37
1/06/2026,11:56:41,Dollar,https://dollarmexico.com.mx/,OK,200,0.43
1/06/2026,11:56:41,Thrifty,https://www.thrifty.com.mx/,OK,200,0.42
1/06/2026,11:56:41,Firefly,https://www.fireflycarrental.com.mx/,OK,200,0.4
1/06/2026,11:56:41,Avis,https://avis.mx/,OK,200,0.75
1/06/2026,11:56:41,National,https://nationalcar.com.mx/,OK,200,3.13
1/06/2026,11:56:41,Alamo,https://www.alamo.com.mx/es,OK,200,1.5
1/06/2026,11:56:41,Mex Rent A Car,https://mexrentacar.com/es/index,OK,200,1.26
1/06/2026,11:56:41,Budget,https://budget.com.mx/#/,OK,200,0.7
1/06/2026,11:56:41,Localiza,https://www.localiza.com/mexico/es-mx,OK,200,1.09
1/06/2026,11:56:41,Enterprise,https://enterprise.mx/,OK,200,0.76
1/06/2026,11:56:41,Europcar,https://www.europcar.com.mx/,OK,200,0.57
1/06/2026,15:41:46,Hertz,https://www.hertzmexico.com/,OK,200,0.39
1/06/2026,15:41:46,Dollar,https://dollarmexico.com.mx/,OK,200,0.38
1/06/2026,15:41:46,Thrifty,https://www.thrifty.com.mx/,OK,200,0.44
1/06/2026,15:41:46,Firefly,https://www.fireflycarrental.com.mx/,OK,200,0.46
1/06/2026,15:41:46,Avis,https://avis.mx/,OK,200,0.93
1/06/2026,15:41:46,National,https://nationalcar.com.mx/,OK,200,3.2
1/06/2026,15:41:46,Alamo,https://www.alamo.com.mx/es,OK,200,1.37
1/06/2026,15:41:46,Mex Rent A Car,https://mexrentacar.com/es/index,OK,200,1.04
1/06/2026,15:41:46,Budget,https://budget.com.mx/#/,OK,200,0.48
1/06/2026,15:41:46,Localiza,https://www.localiza.com/mexico/es-mx,OK,200,1.59
1/06/2026,15:41:46,Enterprise,https://enterprise.mx/,OK,200,0.86
1/06/2026,15:41:46,Europcar,https://www.europcar.com.mx/,OK,200,0.57
1/06/2026,17:40:09,Hertz,https://www.hertzmexico.com/,OK,200,0.39
1/06/2026,17:40:09,Dollar,https://dollarmexico.com.mx/,OK,200,0.43
1/06/2026,17:40:09,Thrifty,https://www.thrifty.com.mx/,OK,200,0.51
1/06/2026,17:40:09,Firefly,https://www.fireflycarrental.com.mx/,OK,200,0.51
1/06/2026,17:40:09,Avis,https://avis.mx/,OK,200,1.68
1/06/2026,17:40:09,National,https://nationalcar.com.mx/,OK,200,3.73
1/06/2026,17:40:09,Alamo,https://www.alamo.com.mx/es,OK,200,1.1
1/06/2026,17:40:09,Mex Rent A Car,https://mexrentacar.com/es/index,OK,200,1.3
1/06/2026,17:40:09,Budget,https://budget.com.mx/#/,OK,200,0.69
1/06/2026,17:40:09,Localiza,https://www.localiza.com/mexico/es-mx,OK,200,0.82
1/06/2026,17:40:09,Enterprise,https://enterprise.mx/,OK,200,1.3
1/06/2026,17:40:09,Europcar,https://www.europcar.com.mx/,OK,200,0.58
1/06/2026,22:49:14,Hertz,https://www.hertzmexico.com/,OK,200,0.32
1/06/2026,22:49:14,Dollar,https://dollarmexico.com.mx/,OK,200,0.34
1/06/2026,22:49:14,Thrifty,https://www.thrifty.com.mx/,OK,200,0.36
1/06/2026,22:49:14,Firefly,https://www.fireflycarrental.com.mx/,OK,200,0.56
1/06/2026,22:49:14,Avis,https://avis.mx/,OK,200,0.94
1/06/2026,22:49:14,National,https://nationalcar.com.mx/,OK,200,2.5
1/06/2026,22:49:14,Alamo,https://www.alamo.com.mx/es,OK,200,1.69
1/06/2026,22:49:14,Mex Rent A Car,https://mexrentacar.com/es/index,OK,200,1.08
1/06/2026,22:49:14,Budget,https://budget.com.mx/#/,OK,200,0.61
1/06/2026,22:49:14,Localiza,https://www.localiza.com/mexico/es-mx,OK,200,1.05
1/06/2026,22:49:14,Enterprise,https://enterprise.mx/,OK,200,0.44
1/06/2026,22:49:14,Europcar,https://www.europcar.com.mx/,OK,200,0.63
2/06/2026,04:49:20,Hertz,https://www.hertzmexico.com/,OK,200,0.27
2/06/2026,04:49:20,Dollar,https://dollarmexico.com.mx/,OK,200,0.36
2/06/2026,04:49:20,Thrifty,https://www.thrifty.com.mx/,OK,200,0.43
2/06/2026,04:49:20,Firefly,https://www.fireflycarrental.com.mx/,OK,200,0.53
2/06/2026,04:49:20,Avis,https://avis.mx/,OK,200,0.93
2/06/2026,04:49:20,National,https://nationalcar.com.mx/,OK,200,3.67
2/06/2026,04:49:20,Alamo,https://www.alamo.com.mx/es,OK,200,1.11
2/06/2026,04:49:20,Mex Rent A Car,https://mexrentacar.com/es/index,OK,200,1.9
2/06/2026,04:49:20,Budget,https://budget.com.mx/#/,OK,200,0.7
2/06/2026,04:49:20,Localiza,https://www.localiza.com/mexico/es-mx,OK,200,1.08
2/06/2026,04:49:20,Enterprise,https://enterprise.mx/,OK,200,1.36
2/06/2026,04:49:20,Europcar,https://www.europcar.com.mx/,OK,200,0.6
2/06/2026,10:48:46,Hertz,https://www.hertzmexico.com/,OK,200,0.28
2/06/2026,10:48:46,Dollar,https://dollarmexico.com.mx/,OK,200,0.35
2/06/2026,10:48:46,Thrifty,https://www.thrifty.com.mx/,OK,200,0.37
2/06/2026,10:48:46,Firefly,https://www.fireflycarrental.com.mx/,OK,200,0.43
2/06/2026,10:48:46,Avis,https://avis.mx/,OK,200,1.03
2/06/2026,10:48:46,National,https://nationalcar.com.mx/,OK,200,3.76
2/06/2026,10:48:46,Alamo,https://www.alamo.com.mx/es,OK,200,1.13
2/06/2026,10:48:46,Mex Rent A Car,https://mexrentacar.com/es/index,OK,200,1.82
2/06/2026,10:48:46,Budget,https://budget.com.mx/#/,OK,200,0.7
2/06/2026,10:48:46,Localiza,https://www.localiza.com/mexico/es-mx,OK,200,1.28
2/06/2026,10:48:46,Enterprise,https://enterprise.mx/,OK,200,1.42
2/06/2026,10:48:46,Europcar,https://www.europcar.com.mx/,OK,200,0.57
2/06/2026,15:18:44,Hertz,https://www.hertzmexico.com/,OK,200,0.35
2/06/2026,15:18:44,Dollar,https://dollarmexico.com.mx/,OK,200,0.32
2/06/2026,15:18:44,Thrifty,https://www.thrifty.com.mx/,OK,200,0.42
2/06/2026,15:18:44,Firefly,https://www.fireflycarrental.com.mx/,OK,200,0.48
2/06/2026,15:18:44,Avis,https://avis.mx/,OK,200,0.81
2/06/2026,15:18:44,National,https://nationalcar.com.mx/,OK,200,2.4
2/06/2026,15:18:44,Alamo,https://www.alamo.com.mx/es,OK,200,1.8
2/06/2026,15:18:44,Mex Rent A Car,https://mexrentacar.com/es/index,OK,200,0.89
2/06/2026,15:18:44,Budget,https://budget.com.mx/#/,OK,200,0.45
2/06/2026,15:18:44,Localiza,https://www.localiza.com/mexico/es-mx,OK,200,0.79
2/06/2026,15:18:44,Enterprise,https://enterprise.mx/,OK,200,0.37
2/06/2026,15:18:44,Europcar,https://www.europcar.com.mx/,OK,200,0.64
2/06/2026,17:54:17,Hertz,https://www.hertzmexico.com/,OK,200,0.29
2/06/2026,17:54:17,Dollar,https://dollarmexico.com.mx/,OK,200,0.33
2/06/2026,17:54:17,Thrifty,https://www.thrifty.com.mx/,OK,200,0.43
2/06/2026,17:54:17,Firefly,https://www.fireflycarrental.com.mx/,OK,200,0.33
2/06/2026,17:54:17,Avis,https://avis.mx/,OK,200,0.79
2/06/2026,17:54:17,National,https://nationalcar.com.mx/,OK,200,3.31
2/06/2026,17:54:17,Alamo,https://www.alamo.com.mx/es,OK,200,1.17
2/06/2026,17:54:17,Mex Rent A Car,https://mexrentacar.com/es/index,OK,200,1.68
2/06/2026,17:54:17,Budget,https://budget.com.mx/#/,OK,200,0.55
2/06/2026,17:54:17,Localiza,https://www.localiza.com/mexico/es-mx,OK,200,0.95
2/06/2026,17:54:17,Enterprise,https://enterprise.mx/,OK,200,1.06
2/06/2026,17:54:17,Europcar,https://www.europcar.com.mx/,OK,200,0.58
2/06/2026,22:59:49,Hertz,https://www.hertzmexico.com/,Fallo,403,0.07
2/06/2026,22:59:49,Dollar,https://dollarmexico.com.mx/,Fallo,403,0.08
2/06/2026,22:59:49,Thrifty,https://www.thrifty.com.mx/,Fallo,403,0.05
2/06/2026,22:59:49,Firefly,https://www.fireflycarrental.com.mx/,Fallo,403,0.09
2/06/2026,22:59:49,Avis,https://avis.mx/,OK,200,0.83
2/06/2026,22:59:49,National,https://nationalcar.com.mx/,OK,200,2.31
2/06/2026,22:59:49,Alamo,https://www.alamo.com.mx/es,OK,200,1.7
2/06/2026,22:59:49,Mex Rent A Car,https://mexrentacar.com/es/index,OK,200,0.88
2/06/2026,22:59:49,Budget,https://budget.com.mx/#/,OK,200,0.75
2/06/2026,22:59:49,Localiza,https://www.localiza.com/mexico/es-mx,OK,200,0.99
2/06/2026,22:59:49,Enterprise,https://enterprise.mx/,OK,200,0.49
2/06/2026,22:59:49,Europcar,https://www.europcar.com.mx/,OK,200,1.44
3/06/2026,05:17:00,Hertz,https://www.hertzmexico.com/,Fallo,403,0.15
3/06/2026,05:17:00,Dollar,https://dollarmexico.com.mx/,Fallo,403,0.1
3/06/2026,05:17:00,Thrifty,https://www.thrifty.com.mx/,Fallo,403,0.16
3/06/2026,05:17:00,Firefly,https://www.fireflycarrental.com.mx/,Fallo,403,0.22
3/06/2026,05:17:00,Avis,https://avis.mx/,OK,200,1.35
3/06/2026,05:17:00,National,https://nationalcar.com.mx/,OK,200,3.79
3/06/2026,05:17:00,Alamo,https://www.alamo.com.mx/es,OK,200,1.04
3/06/2026,05:17:00,Mex Rent A Car,https://mexrentacar.com/es/index,OK,200,1.04
3/06/2026,05:17:00,Budget,https://budget.com.mx/#/,OK,200,0.74
3/06/2026,05:17:00,Localiza,https://www.localiza.com/mexico/es-mx,OK,200,0.8
3/06/2026,05:17:00,Enterprise,https://enterprise.mx/,OK,200,1.45
3/06/2026,05:17:00,Europcar,https://www.europcar.com.mx/,OK,200,0.65
3/06/2026,11:05:06,Hertz,https://www.hertzmexico.com/,Fallo,403,0.08
3/06/2026,11:05:06,Dollar,https://dollarmexico.com.mx/,Fallo,403,0.15
3/06/2026,11:05:06,Thrifty,https://www.thrifty.com.mx/,Fallo,403,0.22
3/06/2026,11:05:06,Firefly,https://www.fireflycarrental.com.mx/,Fallo,403,0.16
3/06/2026,11:05:06,Avis,https://avis.mx/,OK,200,1.01
3/06/2026,11:05:06,National,https://nationalcar.com.mx/,OK,200,3.71
3/06/2026,11:05:06,Alamo,https://www.alamo.com.mx/es,OK,200,1.41
3/06/2026,11:05:06,Mex Rent A Car,https://mexrentacar.com/es/index,OK,200,1.86
3/06/2026,11:05:06,Budget,https://budget.com.mx/#/,OK,200,0.46
3/06/2026,11:05:06,Localiza,https://www.localiza.com/mexico/es-mx,OK,200,0.92
3/06/2026,11:05:06,Enterprise,https://enterprise.mx/,OK,200,1.42
3/06/2026,11:05:06,Europcar,https://www.europcar.com.mx/,OK,200,0.54
3/06/2026,15:24:43,Hertz,https://www.hertzmexico.com/,Fallo,403,0.12
3/06/2026,15:24:43,Dollar,https://dollarmexico.com.mx/,Fallo,403,0.18
3/06/2026,15:24:43,Thrifty,https://www.thrifty.com.mx/,Fallo,403,0.23
3/06/2026,15:24:43,Firefly,https://www.fireflycarrental.com.mx/,Fallo,403,0.11
3/06/2026,15:24:43,Avis,https://avis.mx/,OK,200,1.05
3/06/2026,15:24:43,National,https://nationalcar.com.mx/,OK,200,3.58
3/06/2026,15:24:43,Alamo,https://www.alamo.com.mx/es,OK,200,1.06
3/06/2026,15:24:43,Mex Rent A Car,https://mexrentacar.com/es/index,OK,200,2.01
3/06/2026,15:24:43,Budget,https://budget.com.mx/#/,OK,200,0.66
3/06/2026,15:24:43,Localiza,https://www.localiza.com/mexico/es-mx,OK,200,1.29
3/06/2026,15:24:43,Enterprise,https://enterprise.mx/,OK,200,1.3
3/06/2026,15:24:43,Europcar,https://www.europcar.com.mx/,OK,200,0.51
3/06/2026,17:51:53,Hertz,https://www.hertzmexico.com/,Fallo,403,0.23
3/06/2026,17:51:53,Dollar,https://dollarmexico.com.mx/,Fallo,403,0.13
3/06/2026,17:51:53,Thrifty,https://www.thrifty.com.mx/,Fallo,403,0.17
3/06/2026,17:51:53,Firefly,https://www.fireflycarrental.com.mx/,Fallo,403,0.19
3/06/2026,17:51:53,Avis,https://avis.mx/,OK,200,1.05
3/06/2026,17:51:53,National,https://nationalcar.com.mx/,OK,200,3.77
3/06/2026,17:51:53,Alamo,https://www.alamo.com.mx/es,OK,200,1.03
3/06/2026,17:51:53,Mex Rent A Car,https://mexrentacar.com/es/index,OK,200,1.18
3/06/2026,17:51:53,Budget,https://budget.com.mx/#/,OK,200,0.71
3/06/2026,17:51:53,Localiza,https://www.localiza.com/mexico/es-mx,OK,200,1.82
3/06/2026,17:51:53,Enterprise,https://enterprise.mx/,OK,200,1.32
3/06/2026,17:51:53,Europcar,https://www.europcar.com.mx/,OK,200,0.59
3/06/2026,22:52:19,Hertz,https://www.hertzmexico.com/,Fallo,403,0.12
3/06/2026,22:52:19,Dollar,https://dollarmexico.com.mx/,Fallo,403,0.17
3/06/2026,22:52:19,Thrifty,https://www.thrifty.com.mx/,Fallo,403,0.25
3/06/2026,22:52:19,Firefly,https://www.fireflycarrental.com.mx/,Fallo,403,0.17
3/06/2026,22:52:19,Avis,https://avis.mx/,OK,200,0.71
3/06/2026,22:52:19,National,https://nationalcar.com.mx/,OK,200,3.43
3/06/2026,22:52:19,Alamo,https://www.alamo.com.mx/es,OK,200,1.23
3/06/2026,22:52:19,Mex Rent A Car,https://mexrentacar.com/es/index,OK,200,1.52
3/06/2026,22:52:19,Budget,https://budget.com.mx/#/,OK,200,0.54
3/06/2026,22:52:19,Localiza,https://www.localiza.com/mexico/es-mx,OK,200,1.65
3/06/2026,22:52:19,Enterprise,https://enterprise.mx/,OK,200,1.08
3/06/2026,22:52:19,Europcar,https://www.europcar.com.mx/,OK,200,0.6
4/06/2026,04:08:18,Hertz,https://www.hertzmexico.com/,Fallo,403,0.06
4/06/2026,04:08:18,Dollar,https://dollarmexico.com.mx/,Fallo,403,0.09
4/06/2026,04:08:18,Thrifty,https://www.thrifty.com.mx/,Fallo,403,0.05
4/06/2026,04:08:18,Firefly,https://www.fireflycarrental.com.mx/,Fallo,403,0.08
4/06/2026,04:08:18,Avis,https://avis.mx/,OK,200,0.79
4/06/2026,04:08:18,National,https://nationalcar.com.mx/,OK,200,2.33
4/06/2026,04:08:18,Alamo,https://www.alamo.com.mx/es,OK,200,1.75
4/06/2026,04:08:18,Mex Rent A Car,https://mexrentacar.com/es/index,OK,200,0.96
4/06/2026,04:08:18,Budget,https://budget.com.mx/#/,OK,200,0.49
4/06/2026,04:08:18,Localiza,https://www.localiza.com/mexico/es-mx,OK,200,0.87
4/06/2026,04:08:18,Enterprise,https://enterprise.mx/,OK,200,0.39
4/06/2026,04:08:18,Europcar,https://www.europcar.com.mx/,OK,200,0.6
4/06/2026,09:33:28,Hertz,https://www.hertzmexico.com/,Fallo,403,3.67
4/06/2026,09:33:28,Dollar,https://dollarmexico.com.mx/,Fallo,403,0.16
4/06/2026,09:33:28,Thrifty,https://www.thrifty.com.mx/,Fallo,403,0.4
4/06/2026,09:33:28,Firefly,https://www.fireflycarrental.com.mx/,Fallo,403,0.15
4/06/2026,09:33:28,Avis,https://avis.mx/,OK,200,0.97
4/06/2026,09:33:28,National,https://nationalcar.com.mx/,OK,200,3.96
4/06/2026,09:33:28,Alamo,https://www.alamo.com.mx/es,OK,200,1.03
4/06/2026,09:33:28,Mex Rent A Car,https://mexrentacar.com/es/index,OK,200,1.92
4/06/2026,09:33:28,Budget,https://budget.com.mx/#/,OK,200,0.69
4/06/2026,09:33:28,Localiza,https://www.localiza.com/mexico/es-mx,OK,200,0.88
4/06/2026,09:33:28,Enterprise,https://enterprise.mx/,OK,200,1.37
4/06/2026,09:33:28,Europcar,https://www.europcar.com.mx/,OK,200,0.39
4/06/2026,12:25:18,Hertz,https://www.hertzmexico.com/,Fallo,403,0.09
4/06/2026,12:25:18,Dollar,https://dollarmexico.com.mx/,Fallo,403,0.12
4/06/2026,12:25:18,Thrifty,https://www.thrifty.com.mx/,Fallo,403,0.13
4/06/2026,12:25:18,Firefly,https://www.fireflycarrental.com.mx/,Fallo,403,0.14
4/06/2026,12:25:18,Avis,https://avis.mx/,OK,200,0.92
4/06/2026,12:25:18,National,https://nationalcar.com.mx/,OK,200,2.49
4/06/2026,12:25:18,Alamo,https://www.alamo.com.mx/es,OK,200,1.72
4/06/2026,12:25:18,Mex Rent A Car,https://mexrentacar.com/es/index,OK,200,1.13
4/06/2026,12:25:18,Budget,https://budget.com.mx/#/,OK,200,0.91
4/06/2026,12:25:18,Localiza,https://www.localiza.com/mexico/es-mx,OK,200,1.94
4/06/2026,12:25:18,Enterprise,https://enterprise.mx/,OK,200,0.4
4/06/2026,12:25:18,Europcar,https://www.europcar.com.mx/,OK,200,0.68
4/06/2026,15:48:41,Hertz,https://www.hertzmexico.com/,Fallo,403,0.13
4/06/2026,15:48:41,Dollar,https://dollarmexico.com.mx/,Fallo,403,0.13
4/06/2026,15:48:41,Thrifty,https://www.thrifty.com.mx/,Fallo,403,0.25
4/06/2026,15:48:41,Firefly,https://www.fireflycarrental.com.mx/,Fallo,403,0.17
4/06/2026,15:48:41,Avis,https://avis.mx/,OK,200,0.87
4/06/2026,15:48:41,National,https://nationalcar.com.mx/,OK,200,3.78
4/06/2026,15:48:41,Alamo,https://www.alamo.com.mx/es,OK,200,1.23
4/06/2026,15:48:41,Mex Rent A Car,https://mexrentacar.com/es/index,OK,200,1.94
4/06/2026,15:48:41,Budget,https://budget.com.mx/#/,OK,200,0.52
4/06/2026,15:48:41,Localiza,https://www.localiza.com/mexico/es-mx,OK,200,1.03
4/06/2026,15:48:41,Enterprise,https://enterprise.mx/,OK,200,1.39
4/06/2026,15:48:41,Europcar,https://www.europcar.com.mx/,OK,200,0.61
4/06/2026,17:15:55,Hertz,https://www.hertzmexico.com/,Fallo,403,0.08
4/06/2026,17:15:55,Dollar,https://dollarmexico.com.mx/,Fallo,403,0.1
4/06/2026,17:15:55,Thrifty,https://www.thrifty.com.mx/,Fallo,403,0.09
4/06/2026,17:15:55,Firefly,https://www.fireflycarrental.com.mx/,Fallo,403,0.08
4/06/2026,17:15:55,Avis,https://avis.mx/,OK,200,0.75
4/06/2026,17:15:55,National,https://nationalcar.com.mx/,OK,200,2.23
4/06/2026,17:15:55,Alamo,https://www.alamo.com.mx/es,OK,200,1.73
4/06/2026,17:15:55,Mex Rent A Car,https://mexrentacar.com/es/index,OK,200,0.86
4/06/2026,17:15:55,Budget,https://budget.com.mx/#/,OK,200,0.49
4/06/2026,17:15:55,Localiza,https://www.localiza.com/mexico/es-mx,OK,200,2.45
4/06/2026,17:15:55,Enterprise,https://enterprise.mx/,OK,200,0.38
4/06/2026,17:15:55,Europcar,https://www.europcar.com.mx/,OK,200,0.66
4/06/2026,22:27:20,Hertz,https://www.hertzmexico.com/,Fallo,403,0.18
4/06/2026,22:27:20,Dollar,https://dollarmexico.com.mx/,Fallo,403,0.3
4/06/2026,22:27:20,Thrifty,https://www.thrifty.com.mx/,Fallo,403,0.22
4/06/2026,22:27:20,Firefly,https://www.fireflycarrental.com.mx/,Fallo,403,0.18
4/06/2026,22:27:20,Avis,https://avis.mx/,OK,200,0.99
4/06/2026,22:27:20,National,https://nationalcar.com.mx/,OK,200,3.34
4/06/2026,22:27:20,Alamo,https://www.alamo.com.mx/es,OK,200,1.44
4/06/2026,22:27:20,Mex Rent A Car,https://mexrentacar.com/es/index,OK,200,0.57
4/06/2026,22:27:20,Budget,https://budget.com.mx/#/,OK,200,0.48
4/06/2026,22:27:20,Localiza,https://www.localiza.com/mexico/es-mx,OK,200,1.43
4/06/2026,22:27:20,Enterprise,https://enterprise.mx/,OK,200,0.89
4/06/2026,22:27:20,Europcar,https://www.europcar.com.mx/,OK,200,0.75
5/06/2026,04:05:25,Hertz,https://www.hertzmexico.com/,Fallo,403,0.15
5/06/2026,04:05:25,Dollar,https://dollarmexico.com.mx/,Fallo,403,0.07
5/06/2026,04:05:25,Thrifty,https://www.thrifty.com.mx/,Fallo,403,0.23
5/06/2026,04:05:25,Firefly,https://www.fireflycarrental.com.mx/,Fallo,403,0.2
5/06/2026,04:05:25,Avis,https://avis.mx/,OK,200,0.81
5/06/2026,04:05:25,National,https://nationalcar.com.mx/,OK,200,3.7
5/06/2026,04:05:25,Alamo,https://www.alamo.com.mx/es,OK,200,1.39
5/06/2026,04:05:25,Mex Rent A Car,https://mexrentacar.com/es/index,OK,200,1.96
5/06/2026,04:05:25,Budget,https://budget.com.mx/#/,OK,200,0.66
5/06/2026,04:05:25,Localiza,https://www.localiza.com/mexico/es-mx,OK,200,0.83
5/06/2026,04:05:25,Enterprise,https://enterprise.mx/,OK,200,1.4
5/06/2026,04:05:25,Europcar,https://www.europcar.com.mx/,OK,200,0.66
5/06/2026,09:21:33,Hertz,https://www.hertzmexico.com/,Fallo,403,0.15
5/06/2026,09:21:33,Dollar,https://dollarmexico.com.mx/,Fallo,403,0.09
5/06/2026,09:21:33,Thrifty,https://www.thrifty.com.mx/,Fallo,403,0.26
5/06/2026,09:21:33,Firefly,https://www.fireflycarrental.com.mx/,Fallo,403,0.24
5/06/2026,09:21:33,Avis,https://avis.mx/,OK,200,0.84
5/06/2026,09:21:33,National,https://nationalcar.com.mx/,OK,200,3.76
5/06/2026,09:21:33,Alamo,https://www.alamo.com.mx/es,OK,200,1.1
5/06/2026,09:21:33,Mex Rent A Car,https://mexrentacar.com/es/index,OK,200,0.98
5/06/2026,09:21:33,Budget,https://budget.com.mx/#/,OK,200,0.74
5/06/2026,09:21:33,Localiza,https://www.localiza.com/mexico/es-mx,OK,200,1.48
5/06/2026,09:21:33,Enterprise,https://enterprise.mx/,OK,200,1.46
5/06/2026,09:21:33,Europcar,https://www.europcar.com.mx/,OK,200,0.86
5/06/2026,12:02:43,Hertz,https://www.hertzmexico.com/,Fallo,403,0.13
5/06/2026,12:02:43,Dollar,https://dollarmexico.com.mx/,Fallo,403,0.1
5/06/2026,12:02:43,Thrifty,https://www.thrifty.com.mx/,Fallo,403,0.14
5/06/2026,12:02:43,Firefly,https://www.fireflycarrental.com.mx/,Fallo,403,0.2
5/06/2026,12:02:43,Avis,https://avis.mx/,OK,200,0.47
5/06/2026,12:02:43,National,https://nationalcar.com.mx/,OK,200,3.33
5/06/2026,12:02:43,Alamo,https://www.alamo.com.mx/es,OK,200,1.31
5/06/2026,12:02:43,Mex Rent A Car,https://mexrentacar.com/es/index,OK,200,1.7
5/06/2026,12:02:43,Budget,https://budget.com.mx/#/,OK,200,0.41
5/06/2026,12:02:43,Localiza,https://www.localiza.com/mexico/es-mx,OK,200,1.24
5/06/2026,12:02:43,Enterprise,https://enterprise.mx/,OK,200,0.89
5/06/2026,12:02:43,Europcar,https://www.europcar.com.mx/,OK,200,0.61
5/06/2026,15:39:41,Hertz,https://www.hertzmexico.com/,Fallo,403,0.13
5/06/2026,15:39:41,Dollar,https://dollarmexico.com.mx/,Fallo,403,0.09
5/06/2026,15:39:41,Thrifty,https://www.thrifty.com.mx/,Fallo,403,0.13
5/06/2026,15:39:41,Firefly,https://www.fireflycarrental.com.mx/,Fallo,403,0.12
5/06/2026,15:39:41,Avis,https://avis.mx/,OK,200,0.94
5/06/2026,15:39:41,National,https://nationalcar.com.mx/,OK,200,3.42
5/06/2026,15:39:41,Alamo,https://www.alamo.com.mx/es,OK,200,1.1
5/06/2026,15:39:41,Mex Rent A Car,https://mexrentacar.com/es/index,OK,200,1.66
5/06/2026,15:39:41,Budget,https://budget.com.mx/#/,OK,200,0.57
5/06/2026,15:39:41,Localiza,https://www.localiza.com/mexico/es-mx,OK,200,1.52
5/06/2026,15:39:41,Enterprise,https://enterprise.mx/,OK,200,1.17
5/06/2026,15:39:41,Europcar,https://www.europcar.com.mx/,OK,200,0.5
5/06/2026,17:17:07,Hertz,https://www.hertzmexico.com/,OK,200,1.04
5/06/2026,17:17:07,Dollar,https://dollarmexico.com.mx/,OK,200,0.45
5/06/2026,17:17:07,Thrifty,https://www.thrifty.com.mx/,OK,200,0.41
5/06/2026,17:17:07,Firefly,https://www.fireflycarrental.com.mx/,OK,200,0.35
5/06/2026,17:17:07,Avis,https://avis.mx/,OK,200,0.82
5/06/2026,17:17:07,National,https://nationalcar.com.mx/,OK,200,2.08
5/06/2026,17:17:07,Alamo,https://www.alamo.com.mx/es,OK,200,1.56
5/06/2026,17:17:07,Mex Rent A Car,https://mexrentacar.com/es/index,OK,200,0.8
5/06/2026,17:17:07,Budget,https://budget.com.mx/#/,OK,200,0.71
5/06/2026,17:17:07,Localiza,https://www.localiza.com/mexico/es-mx,OK,200,1.37
5/06/2026,17:17:07,Enterprise,https://enterprise.mx/,OK,200,0.44
5/06/2026,17:17:07,Europcar,https://www.europcar.com.mx/,OK,200,0.59
5/06/2026,22:09:44,Hertz,https://www.hertzmexico.com/,Fallo,403,0.07
5/06/2026,22:09:44,Dollar,https://dollarmexico.com.mx/,Fallo,403,0.12
5/06/2026,22:09:44,Thrifty,https://www.thrifty.com.mx/,Fallo,403,0.11
5/06/2026,22:09:44,Firefly,https://www.fireflycarrental.com.mx/,Fallo,403,0.26
5/06/2026,22:09:44,Avis,https://avis.mx/,OK,200,0.93
5/06/2026,22:09:44,National,https://nationalcar.com.mx/,OK,200,3.73
5/06/2026,22:09:44,Alamo,https://www.alamo.com.mx/es,OK,200,1.26
5/06/2026,22:09:44,Mex Rent A Car,https://mexrentacar.com/es/index,OK,200,1.93
5/06/2026,22:09:44,Budget,https://budget.com.mx/#/,OK,200,0.54
5/06/2026,22:09:44,Localiza,https://www.localiza.com/mexico/es-mx,OK,200,1.14
5/06/2026,22:09:44,Enterprise,https://enterprise.mx/,OK,200,1.27
5/06/2026,22:09:44,Europcar,https://www.europcar.com.mx/,OK,200,0.49
6/06/2026,02:43:41,Hertz,https://www.hertzmexico.com/,OK,200,0.32
6/06/2026,02:43:41,Dollar,https://dollarmexico.com.mx/,OK,200,2.85
6/06/2026,02:43:41,Thrifty,https://www.thrifty.com.mx/,OK,200,10.33
6/06/2026,02:43:41,Firefly,https://www.fireflycarrental.com.mx/,OK,200,1.04
6/06/2026,02:43:41,Avis,https://avis.mx/,OK,200,0.77
6/06/2026,02:43:41,National,https://nationalcar.com.mx/,OK,200,2.44
6/06/2026,02:43:41,Alamo,https://www.alamo.com.mx/es,OK,200,1.72
6/06/2026,02:43:41,Mex Rent A Car,https://mexrentacar.com/es/index,OK,200,1.03
6/06/2026,02:43:41,Budget,https://budget.com.mx/#/,OK,200,0.56
6/06/2026,02:43:41,Localiza,https://www.localiza.com/mexico/es-mx,OK,200,1.32
6/06/2026,02:43:41,Enterprise,https://enterprise.mx/,OK,200,0.39
6/06/2026,02:43:41,Europcar,https://www.europcar.com.mx/,OK,200,0.7
6/06/2026,05:39:23,Hertz,https://www.hertzmexico.com/,OK,200,1.94
6/06/2026,05:39:23,Dollar,https://dollarmexico.com.mx/,OK,200,0.36
6/06/2026,05:39:23,Thrifty,https://www.thrifty.com.mx/,OK,200,0.51
6/06/2026,05:39:23,Firefly,https://www.fireflycarrental.com.mx/,OK,200,0.52
6/06/2026,05:39:23,Avis,https://avis.mx/,OK,200,0.96
6/06/2026,05:39:23,National,https://nationalcar.com.mx/,OK,200,3.84
6/06/2026,05:39:23,Alamo,https://www.alamo.com.mx/es,OK,200,1.09
6/06/2026,05:39:23,Mex Rent A Car,https://mexrentacar.com/es/index,OK,200,1.79
6/06/2026,05:39:23,Budget,https://budget.com.mx/#/,OK,200,0.72
6/06/2026,05:39:23,Localiza,https://www.localiza.com/mexico/es-mx,OK,200,0.92
6/06/2026,05:39:23,Enterprise,https://enterprise.mx/,OK,200,1.37
6/06/2026,05:39:23,Europcar,https://www.europcar.com.mx/,OK,200,0.78
6/06/2026,08:00:26,Hertz,https://www.hertzmexico.com/,Fallo,403,0.1
6/06/2026,08:00:26,Dollar,https://dollarmexico.com.mx/,Fallo,403,0.11
6/06/2026,08:00:26,Thrifty,https://www.thrifty.com.mx/,Fallo,403,0.08
6/06/2026,08:00:26,Firefly,https://www.fireflycarrental.com.mx/,Fallo,403,0.18
6/06/2026,08:00:26,Avis,https://avis.mx/,OK,200,0.96
6/06/2026,08:00:26,National,https://nationalcar.com.mx/,OK,200,3.8
6/06/2026,08:00:26,Alamo,https://www.alamo.com.mx/es,OK,200,1.09
6/06/2026,08:00:26,Mex Rent A Car,https://mexrentacar.com/es/index,OK,200,2.05
6/06/2026,08:00:26,Budget,https://budget.com.mx/#/,OK,200,0.65
6/06/2026,08:00:26,Localiza,https://www.localiza.com/mexico/es-mx,OK,200,0.94
6/06/2026,08:00:26,Enterprise,https://enterprise.mx/,OK,200,1.4
6/06/2026,08:00:26,Europcar,https://www.europcar.com.mx/,OK,200,0.52
6/06/2026,09:24:04,Hertz,https://www.hertzmexico.com/,Fallo,403,0.07
6/06/2026,09:24:04,Dollar,https://dollarmexico.com.mx/,Fallo,403,0.1
6/06/2026,09:24:04,Thrifty,https://www.thrifty.com.mx/,Fallo,403,0.1
6/06/2026,09:24:04,Firefly,https://www.fireflycarrental.com.mx/,Fallo,403,0.07
6/06/2026,09:24:04,Avis,https://avis.mx/,OK,200,0.81
6/06/2026,09:24:04,National,https://nationalcar.com.mx/,OK,200,2.83
6/06/2026,09:24:04,Alamo,https://www.alamo.com.mx/es,OK,200,2.08
6/06/2026,09:24:04,Mex Rent A Car,https://mexrentacar.com/es/index,OK,200,0.94
6/06/2026,09:24:04,Budget,https://budget.com.mx/#/,OK,200,0.77
6/06/2026,09:24:04,Localiza,https://www.localiza.com/mexico/es-mx,OK,200,1.25
6/06/2026,09:24:04,Enterprise,https://enterprise.mx/,OK,200,0.39
6/06/2026,09:24:04,Europcar,https://www.europcar.com.mx/,OK,200,0.62
6/06/2026,11:21:30,Hertz,https://www.hertzmexico.com/,Fallo,403,0.15
6/06/2026,11:21:30,Dollar,https://dollarmexico.com.mx/,Fallo,403,0.13
6/06/2026,11:21:30,Thrifty,https://www.thrifty.com.mx/,Fallo,403,0.29
6/06/2026,11:21:30,Firefly,https://www.fireflycarrental.com.mx/,Fallo,403,0.18
6/06/2026,11:21:30,Avis,https://avis.mx/,OK,200,1.05
6/06/2026,11:21:30,National,https://nationalcar.com.mx/,OK,200,3.58
6/06/2026,11:21:30,Alamo,https://www.alamo.com.mx/es,OK,200,1.26
6/06/2026,11:21:30,Mex Rent A Car,https://mexrentacar.com/es/index,OK,200,1.86
6/06/2026,11:21:30,Budget,https://budget.com.mx/#/,OK,200,0.69
6/06/2026,11:21:30,Localiza,https://www.localiza.com/mexico/es-mx,OK,200,1.12
6/06/2026,11:21:30,Enterprise,https://enterprise.mx/,OK,200,1.42
6/06/2026,11:21:30,Europcar,https://www.europcar.com.mx/,OK,200,0.52
6/06/2026,13:41:57,Hertz,https://www.hertzmexico.com/,Fallo,403,0.11
6/06/2026,13:41:57,Dollar,https://dollarmexico.com.mx/,Fallo,403,0.11
6/06/2026,13:41:57,Thrifty,https://www.thrifty.com.mx/,Fallo,403,0.21
6/06/2026,13:41:57,Firefly,https://www.fireflycarrental.com.mx/,Fallo,403,0.16
6/06/2026,13:41:57,Avis,https://avis.mx/,OK,200,0.93
6/06/2026,13:41:57,National,https://nationalcar.com.mx/,OK,200,3.81
6/06/2026,13:41:57,Alamo,https://www.alamo.com.mx/es,OK,200,1.14
6/06/2026,13:41:57,Mex Rent A Car,https://mexrentacar.com/es/index,OK,200,1.9
6/06/2026,13:41:57,Budget,https://budget.com.mx/#/,OK,200,0.71
6/06/2026,13:41:57,Localiza,https://www.localiza.com/mexico/es-mx,OK,200,1.0
6/06/2026,13:41:57,Enterprise,https://enterprise.mx/,OK,200,1.37
6/06/2026,13:41:57,Europcar,https://www.europcar.com.mx/,OK,200,0.55
6/06/2026,15:11:27,Hertz,https://www.hertzmexico.com/,Fallo,403,0.09
6/06/2026,15:11:27,Dollar,https://dollarmexico.com.mx/,Fallo,403,0.11
6/06/2026,15:11:27,Thrifty,https://www.thrifty.com.mx/,Fallo,403,0.19
6/06/2026,15:11:27,Firefly,https://www.fireflycarrental.com.mx/,Fallo,403,0.21
6/06/2026,15:11:27,Avis,https://avis.mx/,OK,200,0.72
6/06/2026,15:11:27,National,https://nationalcar.com.mx/,OK,200,3.32
6/06/2026,15:11:27,Alamo,https://www.alamo.com.mx/es,OK,200,1.41
6/06/2026,15:11:27,Mex Rent A Car,https://mexrentacar.com/es/index,OK,200,1.41
6/06/2026,15:11:27,Budget,https://budget.com.mx/#/,OK,200,0.55
6/06/2026,15:11:27,Localiza,https://www.localiza.com/mexico/es-mx,OK,200,2.32
6/06/2026,15:11:27,Enterprise,https://enterprise.mx/,OK,200,1.0
6/06/2026,15:11:27,Europcar,https://www.europcar.com.mx/,OK,200,0.57
6/06/2026,17:11:17,Hertz,https://www.hertzmexico.com/,Fallo,403,0.13
6/06/2026,17:11:17,Dollar,https://dollarmexico.com.mx/,Fallo,403,0.13
6/06/2026,17:11:17,Thrifty,https://www.thrifty.com.mx/,Fallo,403,0.08
6/06/2026,17:11:17,Firefly,https://www.fireflycarrental.com.mx/,Fallo,403,0.1
6/06/2026,17:11:17,Avis,https://avis.mx/,OK,200,1.04
6/06/2026,17:11:17,National,https://nationalcar.com.mx/,OK,200,3.3
6/06/2026,17:11:17,Alamo,https://www.alamo.com.mx/es,OK,200,1.08
6/06/2026,17:11:17,Mex Rent A Car,https://mexrentacar.com/es/index,OK,200,1.55
6/06/2026,17:11:17,Budget,https://budget.com.mx/#/,OK,200,0.45
6/06/2026,17:11:17,Localiza,https://www.localiza.com/mexico/es-mx,OK,200,1.54
6/06/2026,17:11:17,Enterprise,https://enterprise.mx/,OK,200,1.05
6/06/2026,17:11:17,Europcar,https://www.europcar.com.mx/,OK,200,0.47
6/06/2026,22:46:10,Hertz,https://www.hertzmexico.com/,Fallo,403,0.06
6/06/2026,22:46:10,Dollar,https://dollarmexico.com.mx/,Fallo,403,0.09
6/06/2026,22:46:10,Thrifty,https://www.thrifty.com.mx/,Fallo,403,0.11
6/06/2026,22:46:10,Firefly,https://www.fireflycarrental.com.mx/,Fallo,403,0.08
6/06/2026,22:46:10,Avis,https://avis.mx/,OK,200,0.85
6/06/2026,22:46:10,National,https://nationalcar.com.mx/,OK,200,2.36
6/06/2026,22:46:10,Alamo,https://www.alamo.com.mx/es,OK,200,1.86
6/06/2026,22:46:10,Mex Rent A Car,https://mexrentacar.com/es/index,OK,200,0.93
6/06/2026,22:46:10,Budget,https://budget.com.mx/#/,OK,200,1.2
6/06/2026,22:46:10,Localiza,https://www.localiza.com/mexico/es-mx,OK,200,0.84
6/06/2026,22:46:10,Enterprise,https://enterprise.mx/,OK,200,0.39
6/06/2026,22:46:10,Europcar,https://www.europcar.com.mx/,OK,200,0.62
7/06/2026,03:28:15,Hertz,https://www.hertzmexico.com/,Fallo,403,0.06
7/06/2026,03:28:15,Dollar,https://dollarmexico.com.mx/,Fallo,403,0.12
7/06/2026,03:28:15,Thrifty,https://www.thrifty.com.mx/,Fallo,403,0.21
7/06/2026,03:28:15,Firefly,https://www.fireflycarrental.com.mx/,Fallo,403,0.27
7/06/2026,03:28:15,Avis,https://avis.mx/,OK,200,0.98
7/06/2026,03:28:15,National,https://nationalcar.com.mx/,OK,200,3.74
7/06/2026,03:28:15,Alamo,https://www.alamo.com.mx/es,OK,200,1.18
7/06/2026,03:28:15,Mex Rent A Car,https://mexrentacar.com/es/index,OK,200,1.92
7/06/2026,03:28:15,Budget,https://budget.com.mx/#/,OK,200,0.66
7/06/2026,03:28:15,Localiza,https://www.localiza.com/mexico/es-mx,OK,200,0.76
7/06/2026,03:28:15,Enterprise,https://enterprise.mx/,OK,200,1.41
7/06/2026,03:28:15,Europcar,https://www.europcar.com.mx/,OK,200,0.51
7/06/2026,05:55:50,Hertz,https://www.hertzmexico.com/,Fallo,403,0.09
7/06/2026,05:55:50,Dollar,https://dollarmexico.com.mx/,Fallo,403,0.12
7/06/2026,05:55:50,Thrifty,https://www.thrifty.com.mx/,Fallo,403,0.11
7/06/2026,05:55:50,Firefly,https://www.fireflycarrental.com.mx/,Fallo,403,0.11
7/06/2026,05:55:50,Avis,https://avis.mx/,OK,200,0.96
7/06/2026,05:55:50,National,https://nationalcar.com.mx/,OK,200,2.55
7/06/2026,05:55:50,Alamo,https://www.alamo.com.mx/es,OK,200,1.74
7/06/2026,05:55:50,Mex Rent A Car,https://mexrentacar.com/es/index,OK,200,1.05
7/06/2026,05:55:50,Budget,https://budget.com.mx/#/,OK,200,0.82
7/06/2026,05:55:50,Localiza,https://www.localiza.com/mexico/es-mx,OK,200,0.93
7/06/2026,05:55:50,Enterprise,https://enterprise.mx/,OK,200,0.39
7/06/2026,05:55:50,Europcar,https://www.europcar.com.mx/,OK,200,0.63
7/06/2026,08:10:54,Hertz,https://www.hertzmexico.com/,OK,200,0.31
7/06/2026,08:10:54,Dollar,https://dollarmexico.com.mx/,OK,200,0.35
7/06/2026,08:10:54,Thrifty,https://www.thrifty.com.mx/,OK,200,0.42
7/06/2026,08:10:54,Firefly,https://www.fireflycarrental.com.mx/,OK,200,0.45
7/06/2026,08:10:54,Avis,https://avis.mx/,OK,200,0.88
7/06/2026,08:10:54,National,https://nationalcar.com.mx/,OK,200,3.74
7/06/2026,08:10:54,Alamo,https://www.alamo.com.mx/es,OK,200,1.08
7/06/2026,08:10:54,Mex Rent A Car,https://mexrentacar.com/es/index,OK,200,1.9
7/06/2026,08:10:54,Budget,https://budget.com.mx/#/,OK,200,0.75
7/06/2026,08:10:54,Localiza,https://www.localiza.com/mexico/es-mx,OK,200,1.73
7/06/2026,08:10:54,Enterprise,https://enterprise.mx/,OK,200,1.37
7/06/2026,08:10:54,Europcar,https://www.europcar.com.mx/,OK,200,0.53
7/06/2026,11:25:37,Hertz,https://www.hertzmexico.com/,OK,200,0.41
7/06/2026,11:25:37,Dollar,https://dollarmexico.com.mx/,OK,200,0.31
7/06/2026,11:25:37,Thrifty,https://www.thrifty.com.mx/,OK,200,0.46
7/06/2026,11:25:37,Firefly,https://www.fireflycarrental.com.mx/,OK,200,0.45
7/06/2026,11:25:37,Avis,https://avis.mx/,OK,200,0.84
7/06/2026,11:25:37,National,https://nationalcar.com.mx/,OK,200,3.63
7/06/2026,11:25:37,Alamo,https://www.alamo.com.mx/es,OK,200,1.43
7/06/2026,11:25:37,Mex Rent A Car,https://mexrentacar.com/es/index,OK,200,1.94
7/06/2026,11:25:37,Budget,https://budget.com.mx/#/,OK,200,0.49
7/06/2026,11:25:37,Localiza,https://www.localiza.com/mexico/es-mx,OK,200,1.4
7/06/2026,11:25:37,Enterprise,https://enterprise.mx/,OK,200,1.35
7/06/2026,11:25:37,Europcar,https://www.europcar.com.mx/,OK,200,0.47
7/06/2026,13:42:19,Hertz,https://www.hertzmexico.com/,Fallo,403,0.1
7/06/2026,13:42:19,Dollar,https://dollarmexico.com.mx/,Fallo,403,0.18
7/06/2026,13:42:19,Thrifty,https://www.thrifty.com.mx/,Fallo,403,0.15
7/06/2026,13:42:19,Firefly,https://www.fireflycarrental.com.mx/,Fallo,403,0.23
7/06/2026,13:42:19,Avis,https://avis.mx/,OK,200,1.02
7/06/2026,13:42:19,National,https://nationalcar.com.mx/,OK,200,3.6
7/06/2026,13:42:19,Alamo,https://www.alamo.com.mx/es,OK,200,1.16
7/06/2026,13:42:19,Mex Rent A Car,https://mexrentacar.com/es/index,OK,200,1.02
7/06/2026,13:42:19,Budget,https://budget.com.mx/#/,OK,200,0.48
7/06/2026,13:42:19,Localiza,https://www.localiza.com/mexico/es-mx,OK,200,1.39
7/06/2026,13:42:19,Enterprise,https://enterprise.mx/,OK,200,1.38
7/06/2026,13:42:19,Europcar,https://www.europcar.com.mx/,OK,200,0.53
7/06/2026,15:20:08,Hertz,https://www.hertzmexico.com/,Fallo,403,0.07
7/06/2026,15:20:08,Dollar,https://dollarmexico.com.mx/,Fallo,403,0.09
7/06/2026,15:20:08,Thrifty,https://www.thrifty.com.mx/,Fallo,403,0.1
7/06/2026,15:20:08,Firefly,https://www.fireflycarrental.com.mx/,Fallo,403,0.11
7/06/2026,15:20:08,Avis,https://avis.mx/,OK,200,0.8
7/06/2026,15:20:08,National,https://nationalcar.com.mx/,OK,200,2.29
7/06/2026,15:20:08,Alamo,https://www.alamo.com.mx/es,OK,200,1.7
7/06/2026,15:20:08,Mex Rent A Car,https://mexrentacar.com/es/index,OK,200,0.87
7/06/2026,15:20:08,Budget,https://budget.com.mx/#/,OK,200,0.52
7/06/2026,15:20:08,Localiza,https://www.localiza.com/mexico/es-mx,OK,200,1.14
7/06/2026,15:20:08,Enterprise,https://enterprise.mx/,OK,200,0.44
7/06/2026,15:20:08,Europcar,https://www.europcar.com.mx/,OK,200,0.69
7/06/2026,17:13:22,Hertz,https://www.hertzmexico.com/,Fallo,403,0.11
7/06/2026,17:13:22,Dollar,https://dollarmexico.com.mx/,Fallo,403,0.1
7/06/2026,17:13:22,Thrifty,https://www.thrifty.com.mx/,Fallo,403,0.11
7/06/2026,17:13:22,Firefly,https://www.fireflycarrental.com.mx/,Fallo,403,0.16
7/06/2026,17:13:22,Avis,https://avis.mx/,OK,200,0.86
7/06/2026,17:13:22,National,https://nationalcar.com.mx/,OK,200,3.82
7/06/2026,17:13:22,Alamo,https://www.alamo.com.mx/es,OK,200,1.17
7/06/2026,17:13:22,Mex Rent A Car,https://mexrentacar.com/es/index,OK,200,1.82
7/06/2026,17:13:22,Budget,https://budget.com.mx/#/,OK,200,0.51
7/06/2026,17:13:22,Localiza,https://www.localiza.com/mexico/es-mx,OK,200,0.95
7/06/2026,17:13:22,Enterprise,https://enterprise.mx/,OK,200,1.35
7/06/2026,17:13:22,Europcar,https://www.europcar.com.mx/,OK,200,0.57
7/06/2026,22:50:55,Hertz,https://www.hertzmexico.com/,Fallo,403,0.18
7/06/2026,22:50:55,Dollar,https://dollarmexico.com.mx/,Fallo,403,0.1
7/06/2026,22:50:55,Thrifty,https://www.thrifty.com.mx/,Fallo,403,0.15
7/06/2026,22:50:55,Firefly,https://www.fireflycarrental.com.mx/,Fallo,403,0.14
7/06/2026,22:50:55,Avis,https://avis.mx/,OK,200,0.88
7/06/2026,22:50:55,National,https://nationalcar.com.mx/,OK,200,2.55
7/06/2026,22:50:55,Alamo,https://www.alamo.com.mx/es,OK,200,1.82
7/06/2026,22:50:55,Mex Rent A Car,https://mexrentacar.com/es/index,OK,200,1.03
7/06/2026,22:50:55,Budget,https://budget.com.mx/#/,OK,200,0.58
7/06/2026,22:50:55,Localiza,https://www.localiza.com/mexico/es-mx,OK,200,1.56
7/06/2026,22:50:55,Enterprise,https://enterprise.mx/,OK,200,0.4
7/06/2026,22:50:55,Europcar,https://www.europcar.com.mx/,OK,200,0.56
8/06/2026,05:12:01,Hertz,https://www.hertzmexico.com/,Fallo,403,0.09
8/06/2026,05:12:01,Dollar,https://dollarmexico.com.mx/,Fallo,403,0.08
8/06/2026,05:12:01,Thrifty,https://www.thrifty.com.mx/,Fallo,403,0.13
8/06/2026,05:12:01,Firefly,https://www.fireflycarrental.com.mx/,Fallo,403,0.11
8/06/2026,05:12:01,Avis,https://avis.mx/,OK,200,0.83
8/06/2026,05:12:01,National,https://nationalcar.com.mx/,OK,200,2.36
8/06/2026,05:12:01,Alamo,https://www.alamo.com.mx/es,OK,200,1.72
8/06/2026,05:12:01,Mex Rent A Car,https://mexrentacar.com/es/index,OK,200,0.94
8/06/2026,05:12:01,Budget,https://budget.com.mx/#/,OK,200,0.61
8/06/2026,05:12:01,Localiza,https://www.localiza.com/mexico/es-mx,OK,200,0.67
8/06/2026,05:12:01,Enterprise,https://enterprise.mx/,OK,200,0.44
8/06/2026,05:12:01,Europcar,https://www.europcar.com.mx/,OK,200,0.35
8/06/2026,10:09:52,Hertz,https://www.hertzmexico.com/,Fallo,403,0.11
8/06/2026,10:09:52,Dollar,https://dollarmexico.com.mx/,Fallo,403,0.07
8/06/2026,10:09:52,Thrifty,https://www.thrifty.com.mx/,Fallo,403,0.13
8/06/2026,10:09:52,Firefly,https://www.fireflycarrental.com.mx/,Fallo,403,3.88
8/06/2026,10:09:52,Avis,https://avis.mx/,OK,200,0.71
8/06/2026,10:09:52,National,https://nationalcar.com.mx/,OK,200,4.6
8/06/2026,10:09:52,Alamo,https://www.alamo.com.mx/es,OK,200,1.78
8/06/2026,10:09:52,Mex Rent A Car,https://mexrentacar.com/es/index,OK,200,1.0
8/06/2026,10:09:52,Budget,https://budget.com.mx/#/,OK,200,0.89
8/06/2026,10:09:52,Localiza,https://www.localiza.com/mexico/es-mx,OK,200,1.37
8/06/2026,10:09:52,Enterprise,https://enterprise.mx/,OK,200,0.49
8/06/2026,10:09:52,Europcar,https://www.europcar.com.mx/,OK,200,0.67
8/06/2026,14:27:40,Hertz,https://www.hertzmexico.com/,Fallo,403,0.08
8/06/2026,14:27:40,Dollar,https://dollarmexico.com.mx/,Fallo,403,0.5
8/06/2026,14:27:40,Thrifty,https://www.thrifty.com.mx/,Fallo,403,0.75
8/06/2026,14:27:40,Firefly,https://www.fireflycarrental.com.mx/,Fallo,403,0.47
8/06/2026,14:27:40,Avis,https://avis.mx/,OK,200,1.33
8/06/2026,14:27:40,National,https://nationalcar.com.mx/,OK,200,3.98
8/06/2026,14:27:40,Alamo,https://www.alamo.com.mx/es,OK,200,1.07
8/06/2026,14:27:40,Mex Rent A Car,https://mexrentacar.com/es/index,OK,200,1.78
8/06/2026,14:27:40,Budget,https://budget.com.mx/#/,OK,200,0.71
8/06/2026,14:27:40,Localiza,https://www.localiza.com/mexico/es-mx,OK,200,1.37
8/06/2026,14:27:40,Enterprise,https://enterprise.mx/,OK,200,1.59
8/06/2026,14:27:40,Europcar,https://www.europcar.com.mx/,OK,200,0.9
8/06/2026,17:17:43,Hertz,https://www.hertzmexico.com/,Fallo,403,0.2
8/06/2026,17:17:43,Dollar,https://dollarmexico.com.mx/,Fallo,403,0.07
8/06/2026,17:17:43,Thrifty,https://www.thrifty.com.mx/,Fallo,403,0.2
8/06/2026,17:17:43,Firefly,https://www.fireflycarrental.com.mx/,Fallo,403,0.17
8/06/2026,17:17:43,Avis,https://avis.mx/,OK,200,0.98
8/06/2026,17:17:43,National,https://nationalcar.com.mx/,OK,200,3.78
8/06/2026,17:17:43,Alamo,https://www.alamo.com.mx/es,OK,200,1.27
8/06/2026,17:17:43,Mex Rent A Car,https://mexrentacar.com/es/index,OK,200,1.78
8/06/2026,17:17:43,Budget,https://budget.com.mx/#/,OK,200,0.49
8/06/2026,17:17:43,Localiza,https://www.localiza.com/mexico/es-mx,OK,200,1.16
8/06/2026,17:17:43,Enterprise,https://enterprise.mx/,OK,200,1.34
8/06/2026,17:17:43,Europcar,https://www.europcar.com.mx/,OK,200,0.55
8/06/2026,22:13:27,Hertz,https://www.hertzmexico.com/,Fallo,403,0.09
8/06/2026,22:13:27,Dollar,https://dollarmexico.com.mx/,Fallo,403,0.17
8/06/2026,22:13:27,Thrifty,https://www.thrifty.com.mx/,Fallo,403,0.08
8/06/2026,22:13:27,Firefly,https://www.fireflycarrental.com.mx/,Fallo,403,0.17
8/06/2026,22:13:27,Avis,https://avis.mx/,OK,200,0.95
8/06/2026,22:13:27,National,https://nationalcar.com.mx/,OK,200,3.67
8/06/2026,22:13:27,Alamo,https://www.alamo.com.mx/es,OK,200,1.21
8/06/2026,22:13:27,Mex Rent A Car,https://mexrentacar.com/es/index,OK,200,1.97
8/06/2026,22:13:27,Budget,https://budget.com.mx/#/,OK,200,1.12
8/06/2026,22:13:27,Localiza,https://www.localiza.com/mexico/es-mx,OK,200,1.11
8/06/2026,22:13:27,Enterprise,https://enterprise.mx/,OK,200,1.46
8/06/2026,22:13:27,Europcar,https://www.europcar.com.mx/,OK,200,0.53
9/06/2026,03:58:40,Hertz,https://www.hertzmexico.com/,Fallo,403,0.07
9/06/2026,03:58:40,Dollar,https://dollarmexico.com.mx/,Fallo,403,0.09
9/06/2026,03:58:40,Thrifty,https://www.thrifty.com.mx/,Fallo,403,0.09
9/06/2026,03:58:40,Firefly,https://www.fireflycarrental.com.mx/,Fallo,403,0.1
9/06/2026,03:58:40,Avis,https://avis.mx/,OK,200,0.83
9/06/2026,03:58:40,National,https://nationalcar.com.mx/,OK,200,2.29
9/06/2026,03:58:40,Alamo,https://www.alamo.com.mx/es,OK,200,1.74
9/06/2026,03:58:40,Mex Rent A Car,https://mexrentacar.com/es/index,OK,200,0.9
9/06/2026,03:58:40,Budget,https://budget.com.mx/#/,OK,200,19.07
9/06/2026,03:58:40,Localiza,https://www.localiza.com/mexico/es-mx,OK,200,0.87
9/06/2026,03:58:40,Enterprise,https://enterprise.mx/,OK,200,0.41
9/06/2026,03:58:40,Europcar,https://www.europcar.com.mx/,OK,200,0.85
9/06/2026,06:47:23,Hertz,https://www.hertzmexico.com/,Fallo,403,0.07
9/06/2026,06:47:23,Dollar,https://dollarmexico.com.mx/,Fallo,403,0.09
9/06/2026,06:47:23,Thrifty,https://www.thrifty.com.mx/,Fallo,403,0.15
9/06/2026,06:47:23,Firefly,https://www.fireflycarrental.com.mx/,Fallo,403,0.06
9/06/2026,06:47:23,Avis,https://avis.mx/,OK,200,0.8
9/06/2026,06:47:23,National,https://nationalcar.com.mx/,OK,200,2.31
9/06/2026,06:47:23,Alamo,https://www.alamo.com.mx/es,OK,200,1.8
9/06/2026,06:47:23,Mex Rent A Car,https://mexrentacar.com/es/index,OK,200,0.83
9/06/2026,06:47:23,Budget,https://budget.com.mx/#/,OK,200,1.17
9/06/2026,06:47:23,Localiza,https://www.localiza.com/mexico/es-mx,OK,200,1.05
9/06/2026,06:47:23,Enterprise,https://enterprise.mx/,OK,200,0.41
9/06/2026,06:47:23,Europcar,https://www.europcar.com.mx/,OK,200,1.2
9/06/2026,10:34:25,Hertz,https://www.hertzmexico.com/,Fallo,403,0.16
9/06/2026,10:34:25,Dollar,https://dollarmexico.com.mx/,Fallo,403,0.19
9/06/2026,10:34:25,Thrifty,https://www.thrifty.com.mx/,Fallo,403,0.16
9/06/2026,10:34:25,Firefly,https://www.fireflycarrental.com.mx/,Fallo,403,0.22
9/06/2026,10:34:25,Avis,https://avis.mx/,OK,200,0.9
9/06/2026,10:34:25,National,https://nationalcar.com.mx/,OK,200,3.83
9/06/2026,10:34:25,Alamo,https://www.alamo.com.mx/es,OK,200,1.22
9/06/2026,10:34:25,Mex Rent A Car,https://mexrentacar.com/es/index,OK,200,1.83
9/06/2026,10:34:25,Budget,https://budget.com.mx/#/,OK,200,0.72
9/06/2026,10:34:25,Localiza,https://www.localiza.com/mexico/es-mx,OK,200,1.14
9/06/2026,10:34:25,Enterprise,https://enterprise.mx/,OK,200,1.33
9/06/2026,10:34:25,Europcar,https://www.europcar.com.mx/,OK,200,2.41
9/06/2026,14:15:44,Hertz,https://www.hertzmexico.com/,Fallo,403,0.05
9/06/2026,14:15:44,Dollar,https://dollarmexico.com.mx/,Fallo,403,0.15
9/06/2026,14:15:44,Thrifty,https://www.thrifty.com.mx/,Fallo,403,0.08
9/06/2026,14:15:44,Firefly,https://www.fireflycarrental.com.mx/,Fallo,403,0.13
9/06/2026,14:15:44,Avis,https://avis.mx/,OK,200,1.19
9/06/2026,14:15:44,National,https://nationalcar.com.mx/,OK,200,3.79
9/06/2026,14:15:44,Alamo,https://www.alamo.com.mx/es,OK,200,1.07
9/06/2026,14:15:44,Mex Rent A Car,https://mexrentacar.com/es/index,OK,200,1.92
9/06/2026,14:15:44,Budget,https://budget.com.mx/#/,OK,200,0.48
9/06/2026,14:15:44,Localiza,https://www.localiza.com/mexico/es-mx,OK,200,0.98
9/06/2026,14:15:44,Enterprise,https://enterprise.mx/,OK,200,1.5
9/06/2026,14:15:44,Europcar,https://www.europcar.com.mx/,OK,200,0.56
9/06/2026,17:23:01,Hertz,https://www.hertzmexico.com/,Fallo,403,0.06
9/06/2026,17:23:01,Dollar,https://dollarmexico.com.mx/,Fallo,403,0.09
9/06/2026,17:23:01,Thrifty,https://www.thrifty.com.mx/,Fallo,403,0.1
9/06/2026,17:23:01,Firefly,https://www.fireflycarrental.com.mx/,Fallo,403,0.12
9/06/2026,17:23:01,Avis,https://avis.mx/,OK,200,0.84
9/06/2026,17:23:01,National,https://nationalcar.com.mx/,OK,200,2.23
9/06/2026,17:23:01,Alamo,https://www.alamo.com.mx/es,OK,200,1.91
9/06/2026,17:23:01,Mex Rent A Car,https://mexrentacar.com/es/index,OK,200,0.86
9/06/2026,17:23:01,Budget,https://budget.com.mx/#/,OK,200,1.17
9/06/2026,17:23:01,Localiza,https://www.localiza.com/mexico/es-mx,OK,200,1.61
9/06/2026,17:23:01,Enterprise,https://enterprise.mx/,OK,200,0.41
9/06/2026,17:23:01,Europcar,https://www.europcar.com.mx/,OK,200,0.66
9/06/2026,22:24:40,Hertz,https://www.hertzmexico.com/,Fallo,403,0.08
9/06/2026,22:24:40,Dollar,https://dollarmexico.com.mx/,Fallo,403,0.11
9/06/2026,22:24:40,Thrifty,https://www.thrifty.com.mx/,Fallo,403,0.1
9/06/2026,22:24:40,Firefly,https://www.fireflycarrental.com.mx/,Fallo,403,0.19
9/06/2026,22:24:40,Avis,https://avis.mx/,OK,200,1.06
9/06/2026,22:24:40,National,https://nationalcar.com.mx/,OK,200,3.85
9/06/2026,22:24:40,Alamo,https://www.alamo.com.mx/es,OK,200,1.12
9/06/2026,22:24:40,Mex Rent A Car,https://mexrentacar.com/es/index,OK,200,2.08
9/06/2026,22:24:40,Budget,https://budget.com.mx/#/,OK,200,0.7
9/06/2026,22:24:40,Localiza,https://www.localiza.com/mexico/es-mx,OK,200,1.09
9/06/2026,22:24:40,Enterprise,https://enterprise.mx/,OK,200,1.46
9/06/2026,22:24:40,Europcar,https://www.europcar.com.mx/,OK,200,0.55
10/06/2026,04:16:17,Hertz,https://www.hertzmexico.com/,OK,200,0.31
10/06/2026,04:16:17,Dollar,https://dollarmexico.com.mx/,OK,200,0.54
10/06/2026,04:16:17,Thrifty,https://www.thrifty.com.mx/,OK,200,0.42
10/06/2026,04:16:17,Firefly,https://www.fireflycarrental.com.mx/,OK,200,0.96
10/06/2026,04:16:17,Avis,https://avis.mx/,OK,200,0.92
10/06/2026,04:16:17,National,https://nationalcar.com.mx/,OK,200,3.27
10/06/2026,04:16:17,Alamo,https://www.alamo.com.mx/es,OK,200,1.18
10/06/2026,04:16:17,Mex Rent A Car,https://mexrentacar.com/es/index,OK,200,1.68
10/06/2026,04:16:17,Budget,https://budget.com.mx/#/,OK,200,0.6
10/06/2026,04:16:17,Localiza,https://www.localiza.com/mexico/es-mx,OK,200,0.95
10/06/2026,04:16:17,Enterprise,https://enterprise.mx/,OK,200,1.16
10/06/2026,04:16:17,Europcar,https://www.europcar.com.mx/,OK,200,0.75
10/06/2026,09:56:08,Hertz,https://www.hertzmexico.com/,OK,200,0.29
10/06/2026,09:56:08,Dollar,https://dollarmexico.com.mx/,OK,200,2.57
10/06/2026,09:56:08,Thrifty,https://www.thrifty.com.mx/,OK,200,0.49
10/06/2026,09:56:08,Firefly,https://www.fireflycarrental.com.mx/,OK,200,0.61
10/06/2026,09:56:08,Avis,https://avis.mx/,OK,200,0.99
10/06/2026,09:56:08,National,https://nationalcar.com.mx/,OK,200,2.5
10/06/2026,09:56:08,Alamo,https://www.alamo.com.mx/es,OK,200,1.69
10/06/2026,09:56:08,Mex Rent A Car,https://mexrentacar.com/es/index,OK,200,0.82
10/06/2026,09:56:08,Budget,https://budget.com.mx/#/,OK,200,0.88
10/06/2026,09:56:08,Localiza,https://www.localiza.com/mexico/es-mx,OK,200,1.64
10/06/2026,09:56:08,Enterprise,https://enterprise.mx/,OK,200,0.71
10/06/2026,09:56:08,Europcar,https://www.europcar.com.mx/,OK,200,0.62
10/06/2026,12:35:51,Hertz,https://www.hertzmexico.com/,Fallo,403,0.13
10/06/2026,12:35:51,Dollar,https://dollarmexico.com.mx/,Fallo,403,0.07
10/06/2026,12:35:51,Thrifty,https://www.thrifty.com.mx/,Fallo,403,0.19
10/06/2026,12:35:51,Firefly,https://www.fireflycarrental.com.mx/,Fallo,403,0.15
10/06/2026,12:35:51,Avis,https://avis.mx/,OK,200,0.9
10/06/2026,12:35:51,National,https://nationalcar.com.mx/,OK,200,3.69
10/06/2026,12:35:51,Alamo,https://www.alamo.com.mx/es,OK,200,1.18
10/06/2026,12:35:51,Mex Rent A Car,https://mexrentacar.com/es/index,OK,200,1.92
10/06/2026,12:35:51,Budget,https://budget.com.mx/#/,OK,200,0.54
10/06/2026,12:35:51,Localiza,https://www.localiza.com/mexico/es-mx,OK,200,0.93
10/06/2026,12:35:51,Enterprise,https://enterprise.mx/,OK,200,1.46
10/06/2026,12:35:51,Europcar,https://www.europcar.com.mx/,OK,200,0.53
10/06/2026,16:11:32,Hertz,https://www.hertzmexico.com/,Fallo,403,0.1
10/06/2026,16:11:32,Dollar,https://dollarmexico.com.mx/,Fallo,403,0.09
10/06/2026,16:11:32,Thrifty,https://www.thrifty.com.mx/,Fallo,403,0.18
10/06/2026,16:11:32,Firefly,https://www.fireflycarrental.com.mx/,Fallo,403,0.34
10/06/2026,16:11:32,Avis,https://avis.mx/,OK,200,1.06
10/06/2026,16:11:32,National,https://nationalcar.com.mx/,OK,200,4.54
10/06/2026,16:11:32,Alamo,https://www.alamo.com.mx/es,OK,200,1.16
10/06/2026,16:11:32,Mex Rent A Car,https://mexrentacar.com/es/index,OK,200,1.87
10/06/2026,16:11:32,Budget,https://budget.com.mx/#/,OK,200,0.53
10/06/2026,16:11:32,Localiza,https://www.localiza.com/mexico/es-mx,OK,200,1.32
10/06/2026,16:11:32,Enterprise,https://enterprise.mx/,OK,200,1.31
10/06/2026,16:11:32,Europcar,https://www.europcar.com.mx/,OK,200,0.62
10/06/2026,22:46:53,Hertz,https://www.hertzmexico.com/,Fallo,403,0.21
10/06/2026,22:46:53,Dollar,https://dollarmexico.com.mx/,Fallo,403,0.1
10/06/2026,22:46:53,Thrifty,https://www.thrifty.com.mx/,Fallo,403,0.17
10/06/2026,22:46:53,Firefly,https://www.fireflycarrental.com.mx/,Fallo,403,0.19
10/06/2026,22:46:53,Avis,https://avis.mx/,OK,200,0.72
10/06/2026,22:46:53,National,https://nationalcar.com.mx/,OK,200,3.67
10/06/2026,22:46:53,Alamo,https://www.alamo.com.mx/es,OK,200,1.27
10/06/2026,22:46:53,Mex Rent A Car,https://mexrentacar.com/es/index,OK,200,1.37
10/06/2026,22:46:53,Budget,https://budget.com.mx/#/,OK,200,0.48
10/06/2026,22:46:53,Localiza,https://www.localiza.com/mexico/es-mx,OK,200,1.78
10/06/2026,22:46:53,Enterprise,https://enterprise.mx/,OK,200,1.21
10/06/2026,22:46:53,Europcar,https://www.europcar.com.mx/,OK,200,0.62
11/06/2026,04:51:07,Hertz,https://www.hertzmexico.com/,OK,200,0.36
11/06/2026,04:51:07,Dollar,https://dollarmexico.com.mx/,OK,200,0.66
11/06/2026,04:51:07,Thrifty,https://www.thrifty.com.mx/,OK,200,0.39
11/06/2026,04:51:07,Firefly,https://www.fireflycarrental.com.mx/,OK,200,6.48
11/06/2026,04:51:07,Avis,https://avis.mx/,OK,200,0.87
11/06/2026,04:51:07,National,https://nationalcar.com.mx/,OK,200,3.37
11/06/2026,04:51:07,Alamo,https://www.alamo.com.mx/es,OK,200,1.22
11/06/2026,04:51:07,Mex Rent A Car,https://mexrentacar.com/es/index,OK,200,1.71
11/06/2026,04:51:07,Budget,https://budget.com.mx/#/,OK,200,0.63
11/06/2026,04:51:07,Localiza,https://www.localiza.com/mexico/es-mx,OK,200,1.19
11/06/2026,04:51:07,Enterprise,https://enterprise.mx/,OK,200,1.15
11/06/2026,04:51:07,Europcar,https://www.europcar.com.mx/,OK,200,0.67
11/06/2026,10:19:29,Hertz,https://www.hertzmexico.com/,OK,200,0.28
11/06/2026,10:19:29,Dollar,https://dollarmexico.com.mx/,OK,200,0.4
11/06/2026,10:19:29,Thrifty,https://www.thrifty.com.mx/,OK,200,0.39
11/06/2026,10:19:29,Firefly,https://www.fireflycarrental.com.mx/,OK,200,0.95
11/06/2026,10:19:29,Avis,https://avis.mx/,OK,200,0.96
11/06/2026,10:19:29,National,https://nationalcar.com.mx/,OK,200,3.77
11/06/2026,10:19:29,Alamo,https://www.alamo.com.mx/es,OK,200,1.19
11/06/2026,10:19:29,Mex Rent A Car,https://mexrentacar.com/es/index,OK,200,1.89
11/06/2026,10:19:29,Budget,https://budget.com.mx/#/,OK,200,0.54
11/06/2026,10:19:29,Localiza,https://www.localiza.com/mexico/es-mx,OK,200,0.98
11/06/2026,10:19:29,Enterprise,https://enterprise.mx/,OK,200,1.52
11/06/2026,10:19:29,Europcar,https://www.europcar.com.mx/,OK,200,0.64
11/06/2026,14:31:02,Hertz,https://www.hertzmexico.com/,OK,200,0.29
11/06/2026,14:31:02,Dollar,https://dollarmexico.com.mx/,OK,200,0.41
11/06/2026,14:31:02,Thrifty,https://www.thrifty.com.mx/,OK,200,0.49
11/06/2026,14:31:02,Firefly,https://www.fireflycarrental.com.mx/,OK,200,0.5
11/06/2026,14:31:02,Avis,https://avis.mx/,OK,200,0.85
11/06/2026,14:31:02,National,https://nationalcar.com.mx/,OK,200,3.82
11/06/2026,14:31:02,Alamo,https://www.alamo.com.mx/es,OK,200,1.08
11/06/2026,14:31:02,Mex Rent A Car,https://mexrentacar.com/es/index,OK,200,1.86
11/06/2026,14:31:02,Budget,https://budget.com.mx/#/,OK,200,0.52
11/06/2026,14:31:02,Localiza,https://www.localiza.com/mexico/es-mx,OK,200,1.02
11/06/2026,14:31:02,Enterprise,https://enterprise.mx/,OK,200,1.32
11/06/2026,14:31:02,Europcar,https://www.europcar.com.mx/,OK,200,0.54
11/06/2026,17:44:12,Hertz,https://www.hertzmexico.com/,Fallo,403,0.11
11/06/2026,17:44:12,Dollar,https://dollarmexico.com.mx/,Fallo,403,0.11
11/06/2026,17:44:12,Thrifty,https://www.thrifty.com.mx/,Fallo,403,0.15
11/06/2026,17:44:12,Firefly,https://www.fireflycarrental.com.mx/,Fallo,403,0.13
11/06/2026,17:44:12,Avis,https://avis.mx/,OK,200,1.07
11/06/2026,17:44:12,National,https://nationalcar.com.mx/,OK,200,3.78
11/06/2026,17:44:12,Alamo,https://www.alamo.com.mx/es,OK,200,1.31
11/06/2026,17:44:12,Mex Rent A Car,https://mexrentacar.com/es/index,OK,200,1.18
11/06/2026,17:44:12,Budget,https://budget.com.mx/#/,OK,200,0.73
11/06/2026,17:44:12,Localiza,https://www.localiza.com/mexico/es-mx,OK,200,1.46
11/06/2026,17:44:12,Enterprise,https://enterprise.mx/,OK,200,1.36
11/06/2026,17:44:12,Europcar,https://www.europcar.com.mx/,OK,200,0.51
11/06/2026,22:49:47,Hertz,https://www.hertzmexico.com/,Fallo,403,0.17
11/06/2026,22:49:47,Dollar,https://dollarmexico.com.mx/,OK,200,0.34
11/06/2026,22:49:47,Thrifty,https://www.thrifty.com.mx/,Fallo,403,0.18
11/06/2026,22:49:47,Firefly,https://www.fireflycarrental.com.mx/,Fallo,403,0.2
11/06/2026,22:49:47,Avis,https://avis.mx/,OK,200,0.9
11/06/2026,22:49:47,National,https://nationalcar.com.mx/,OK,200,3.76
11/06/2026,22:49:47,Alamo,https://www.alamo.com.mx/es,OK,200,1.15
11/06/2026,22:49:47,Mex Rent A Car,https://mexrentacar.com/es/index,OK,200,1.91
11/06/2026,22:49:47,Budget,https://budget.com.mx/#/,OK,200,0.48
11/06/2026,22:49:47,Localiza,https://www.localiza.com/mexico/es-mx,OK,200,1.04
11/06/2026,22:49:47,Enterprise,https://enterprise.mx/,OK,200,1.4
11/06/2026,22:49:47,Europcar,https://www.europcar.com.mx/,OK,200,0.56
12/06/2026,04:25:45,Hertz,https://www.hertzmexico.com/,Fallo,403,0.21
12/06/2026,04:25:45,Dollar,https://dollarmexico.com.mx/,OK,200,0.49
12/06/2026,04:25:45,Thrifty,https://www.thrifty.com.mx/,Fallo,403,0.16
12/06/2026,04:25:45,Firefly,https://www.fireflycarrental.com.mx/,Fallo,403,0.18
12/06/2026,04:25:45,Avis,https://avis.mx/,OK,200,0.72
12/06/2026,04:25:45,National,https://nationalcar.com.mx/,OK,200,3.34
12/06/2026,04:25:45,Alamo,https://www.alamo.com.mx/es,OK,200,1.4
12/06/2026,04:25:45,Mex Rent A Car,https://mexrentacar.com/es/index,OK,200,1.58
12/06/2026,04:25:45,Budget,https://budget.com.mx/#/,OK,200,0.58
12/06/2026,04:25:45,Localiza,https://www.localiza.com/mexico/es-mx,OK,200,1.38
12/06/2026,04:25:45,Enterprise,https://enterprise.mx/,OK,200,1.01
12/06/2026,04:25:45,Europcar,https://www.europcar.com.mx/,OK,200,0.64
12/06/2026,09:32:26,Hertz,https://www.hertzmexico.com/,Fallo,403,0.06
12/06/2026,09:32:26,Dollar,https://dollarmexico.com.mx/,OK,200,0.28
12/06/2026,09:32:26,Thrifty,https://www.thrifty.com.mx/,Fallo,403,0.2
12/06/2026,09:32:26,Firefly,https://www.fireflycarrental.com.mx/,Fallo,403,0.25
12/06/2026,09:32:26,Avis,https://avis.mx/,OK,200,0.93
12/06/2026,09:32:26,National,https://nationalcar.com.mx/,OK,200,3.81
12/06/2026,09:32:26,Alamo,https://www.alamo.com.mx/es,OK,200,1.2
12/06/2026,09:32:26,Mex Rent A Car,https://mexrentacar.com/es/index,OK,200,1.96
12/06/2026,09:32:26,Budget,https://budget.com.mx/#/,OK,200,0.76
12/06/2026,09:32:26,Localiza,https://www.localiza.com/mexico/es-mx,OK,200,1.22
12/06/2026,09:32:26,Enterprise,https://enterprise.mx/,OK,200,1.45
12/06/2026,09:32:26,Europcar,https://www.europcar.com.mx/,OK,200,0.51
12/06/2026,12:13:41,Hertz,https://www.hertzmexico.com/,OK,200,0.71
12/06/2026,12:13:41,Dollar,https://dollarmexico.com.mx/,OK,200,0.94
12/06/2026,12:13:41,Thrifty,https://www.thrifty.com.mx/,Fallo,403,0.1
12/06/2026,12:13:41,Firefly,https://www.fireflycarrental.com.mx/,Fallo,403,0.05
12/06/2026,12:13:41,Avis,https://avis.mx/,OK,200,0.8
12/06/2026,12:13:41,National,https://nationalcar.com.mx/,OK,200,2.3
12/06/2026,12:13:41,Alamo,https://www.alamo.com.mx/es,OK,200,1.65
12/06/2026,12:13:41,Mex Rent A Car,https://mexrentacar.com/es/index,OK,200,0.8
12/06/2026,12:13:41,Budget,https://budget.com.mx/#/,OK,200,0.76
12/06/2026,12:13:41,Localiza,https://www.localiza.com/mexico/es-mx,OK,200,0.96
12/06/2026,12:13:41,Enterprise,https://enterprise.mx/,OK,200,0.41
12/06/2026,12:13:41,Europcar,https://www.europcar.com.mx/,OK,200,0.62
12/06/2026,15:56:29,Hertz,https://www.hertzmexico.com/,OK,200,0.36
12/06/2026,15:56:29,Dollar,https://dollarmexico.com.mx/,OK,200,0.33
12/06/2026,15:56:29,Thrifty,https://www.thrifty.com.mx/,Fallo,403,0.27
12/06/2026,15:56:29,Firefly,https://www.fireflycarrental.com.mx/,Fallo,403,0.13
12/06/2026,15:56:29,Avis,https://avis.mx/,OK,200,0.83
12/06/2026,15:56:29,National,https://nationalcar.com.mx/,OK,200,3.86
12/06/2026,15:56:29,Alamo,https://www.alamo.com.mx/es,OK,200,1.27
12/06/2026,15:56:29,Mex Rent A Car,https://mexrentacar.com/es/index,OK,200,1.87
12/06/2026,15:56:29,Budget,https://budget.com.mx/#/,OK,200,0.52
12/06/2026,15:56:29,Localiza,https://www.localiza.com/mexico/es-mx,OK,200,0.87
12/06/2026,15:56:29,Enterprise,https://enterprise.mx/,OK,200,1.33
12/06/2026,15:56:29,Europcar,https://www.europcar.com.mx/,OK,200,0.52
12/06/2026,17:26:19,Hertz,https://www.hertzmexico.com/,OK,200,0.32
12/06/2026,17:26:19,Dollar,https://dollarmexico.com.mx/,OK,200,0.33
12/06/2026,17:26:19,Thrifty,https://www.thrifty.com.mx/,Fallo,403,0.2
12/06/2026,17:26:19,Firefly,https://www.fireflycarrental.com.mx/,Fallo,403,0.21
12/06/2026,17:26:19,Avis,https://avis.mx/,OK,200,1.08
12/06/2026,17:26:19,National,https://nationalcar.com.mx/,OK,200,3.7
12/06/2026,17:26:19,Alamo,https://www.alamo.com.mx/es,OK,200,1.19
12/06/2026,17:26:19,Mex Rent A Car,https://mexrentacar.com/es/index,OK,200,1.85
12/06/2026,17:26:19,Budget,https://budget.com.mx/#/,OK,200,0.73
12/06/2026,17:26:19,Localiza,https://www.localiza.com/mexico/es-mx,OK,200,1.08
12/06/2026,17:26:19,Enterprise,https://enterprise.mx/,OK,200,1.41
12/06/2026,17:26:19,Europcar,https://www.europcar.com.mx/,OK,200,0.58
12/06/2026,22:37:56,Hertz,https://www.hertzmexico.com/,OK,200,0.46
12/06/2026,22:37:56,Dollar,https://dollarmexico.com.mx/,OK,200,0.28
12/06/2026,22:37:56,Thrifty,https://www.thrifty.com.mx/,Fallo,403,0.1
12/06/2026,22:37:56,Firefly,https://www.fireflycarrental.com.mx/,Fallo,403,0.09
12/06/2026,22:37:56,Avis,https://avis.mx/,OK,200,0.82
12/06/2026,22:37:56,National,https://nationalcar.com.mx/,OK,200,2.35
12/06/2026,22:37:56,Alamo,https://www.alamo.com.mx/es,OK,200,1.65
12/06/2026,22:37:56,Mex Rent A Car,https://mexrentacar.com/es/index,OK,200,0.87
12/06/2026,22:37:56,Budget,https://budget.com.mx/#/,OK,200,0.45
12/06/2026,22:37:56,Localiza,https://www.localiza.com/mexico/es-mx,OK,200,4.62
12/06/2026,22:37:56,Enterprise,https://enterprise.mx/,OK,200,0.4
12/06/2026,22:37:56,Europcar,https://www.europcar.com.mx/,OK,200,1.79
13/06/2026,03:27:50,Hertz,https://www.hertzmexico.com/,OK,200,0.4
13/06/2026,03:27:50,Dollar,https://dollarmexico.com.mx/,OK,200,0.31
13/06/2026,03:27:50,Thrifty,https://www.thrifty.com.mx/,Fallo,403,0.36
13/06/2026,03:27:50,Firefly,https://www.fireflycarrental.com.mx/,Fallo,403,0.14
13/06/2026,03:27:50,Avis,https://avis.mx/,OK,200,0.89
13/06/2026,03:27:50,National,https://nationalcar.com.mx/,OK,200,3.75
13/06/2026,03:27:50,Alamo,https://www.alamo.com.mx/es,OK,200,1.12
13/06/2026,03:27:50,Mex Rent A Car,https://mexrentacar.com/es/index,OK,200,1.87
13/06/2026,03:27:50,Budget,https://budget.com.mx/#/,OK,200,0.67
13/06/2026,03:27:50,Localiza,https://www.localiza.com/mexico/es-mx,OK,200,1.31
13/06/2026,03:27:50,Enterprise,https://enterprise.mx/,OK,200,1.44
13/06/2026,03:27:50,Europcar,https://www.europcar.com.mx/,OK,200,0.48
13/06/2026,05:58:22,Hertz,https://www.hertzmexico.com/,OK,200,1.2
13/06/2026,05:58:22,Dollar,https://dollarmexico.com.mx/,OK,200,0.44
13/06/2026,05:58:22,Thrifty,https://www.thrifty.com.mx/,OK,200,0.48
13/06/2026,05:58:22,Firefly,https://www.fireflycarrental.com.mx/,OK,200,0.57
13/06/2026,05:58:22,Avis,https://avis.mx/,OK,200,1.14
13/06/2026,05:58:22,National,https://nationalcar.com.mx/,OK,200,3.37
13/06/2026,05:58:22,Alamo,https://www.alamo.com.mx/es,OK,200,1.12
13/06/2026,05:58:22,Mex Rent A Car,https://mexrentacar.com/es/index,OK,200,0.91
13/06/2026,05:58:22,Budget,https://budget.com.mx/#/,OK,200,0.57
13/06/2026,05:58:22,Localiza,https://www.localiza.com/mexico/es-mx,OK,200,0.86
13/06/2026,05:58:22,Enterprise,https://enterprise.mx/,OK,200,1.08
13/06/2026,05:58:22,Europcar,https://www.europcar.com.mx/,OK,200,0.64
13/06/2026,08:20:42,Hertz,https://www.hertzmexico.com/,OK,200,0.36
13/06/2026,08:20:42,Dollar,https://dollarmexico.com.mx/,OK,200,0.37
13/06/2026,08:20:42,Thrifty,https://www.thrifty.com.mx/,OK,200,0.3
13/06/2026,08:20:42,Firefly,https://www.fireflycarrental.com.mx/,OK,200,0.49
13/06/2026,08:20:42,Avis,https://avis.mx/,OK,200,1.24
13/06/2026,08:20:42,National,https://nationalcar.com.mx/,OK,200,3.45
13/06/2026,08:20:42,Alamo,https://www.alamo.com.mx/es,OK,200,1.47
13/06/2026,08:20:42,Mex Rent A Car,https://mexrentacar.com/es/index,OK,200,1.62
13/06/2026,08:20:42,Budget,https://budget.com.mx/#/,OK,200,0.67
13/06/2026,08:20:42,Localiza,https://www.localiza.com/mexico/es-mx,OK,200,1.12
13/06/2026,08:20:42,Enterprise,https://enterprise.mx/,OK,200,1.19
13/06/2026,08:20:42,Europcar,https://www.europcar.com.mx/,OK,200,0.58
13/06/2026,11:39:30,Hertz,https://www.hertzmexico.com/,OK,200,0.89
13/06/2026,11:39:30,Dollar,https://dollarmexico.com.mx/,OK,200,0.87
13/06/2026,11:39:30,Thrifty,https://www.thrifty.com.mx/,Fallo,403,0.14
13/06/2026,11:39:30,Firefly,https://www.fireflycarrental.com.mx/,Fallo,403,0.13
13/06/2026,11:39:30,Avis,https://avis.mx/,OK,200,0.84
13/06/2026,11:39:30,National,https://nationalcar.com.mx/,OK,200,2.57
13/06/2026,11:39:30,Alamo,https://www.alamo.com.mx/es,OK,200,1.93
13/06/2026,11:39:30,Mex Rent A Car,https://mexrentacar.com/es/index,OK,200,1.13
13/06/2026,11:39:30,Budget,https://budget.com.mx/#/,OK,200,1.12
13/06/2026,11:39:30,Localiza,https://www.localiza.com/mexico/es-mx,OK,200,1.18
13/06/2026,11:39:30,Enterprise,https://enterprise.mx/,OK,200,0.42
13/06/2026,11:39:30,Europcar,https://www.europcar.com.mx/,OK,200,0.63
13/06/2026,13:46:43,Hertz,https://www.hertzmexico.com/,OK,200,0.35
13/06/2026,13:46:43,Dollar,https://dollarmexico.com.mx/,OK,200,0.3
13/06/2026,13:46:43,Thrifty,https://www.thrifty.com.mx/,OK,200,0.35
13/06/2026,13:46:43,Firefly,https://www.fireflycarrental.com.mx/,OK,200,0.38
13/06/2026,13:46:43,Avis,https://avis.mx/,OK,200,0.87
13/06/2026,13:46:43,National,https://nationalcar.com.mx/,OK,200,3.29
13/06/2026,13:46:43,Alamo,https://www.alamo.com.mx/es,OK,200,1.25
13/06/2026,13:46:43,Mex Rent A Car,https://mexrentacar.com/es/index,OK,200,1.85
13/06/2026,13:46:43,Budget,https://budget.com.mx/#/,OK,200,0.65
13/06/2026,13:46:43,Localiza,https://www.localiza.com/mexico/es-mx,OK,200,1.09
13/06/2026,13:46:43,Enterprise,https://enterprise.mx/,OK,200,1.18
13/06/2026,13:46:43,Europcar,https://www.europcar.com.mx/,OK,200,0.6
13/06/2026,15:22:39,Hertz,https://www.hertzmexico.com/,OK,200,0.53
13/06/2026,15:22:39,Dollar,https://dollarmexico.com.mx/,Fallo,403,2.16
13/06/2026,15:22:39,Thrifty,https://www.thrifty.com.mx/,Fallo,403,0.35
13/06/2026,15:22:39,Firefly,https://www.fireflycarrental.com.mx/,Fallo,403,0.25
13/06/2026,15:22:39,Avis,https://avis.mx/,OK,200,1.29
13/06/2026,15:22:39,National,https://nationalcar.com.mx/,OK,200,3.99
13/06/2026,15:22:39,Alamo,https://www.alamo.com.mx/es,OK,200,1.49
13/06/2026,15:22:39,Mex Rent A Car,https://mexrentacar.com/es/index,OK,200,1.73
13/06/2026,15:22:39,Budget,https://budget.com.mx/#/,OK,200,0.67
13/06/2026,15:22:39,Localiza,https://www.localiza.com/mexico/es-mx,OK,200,1.2
13/06/2026,15:22:39,Enterprise,https://enterprise.mx/,OK,200,1.52
13/06/2026,15:22:39,Europcar,https://www.europcar.com.mx/,OK,200,0.58
13/06/2026,17:14:11,Hertz,https://www.hertzmexico.com/,OK,200,0.3
13/06/2026,17:14:11,Dollar,https://dollarmexico.com.mx/,OK,200,0.33
13/06/2026,17:14:11,Thrifty,https://www.thrifty.com.mx/,Fallo,403,0.1
13/06/2026,17:14:11,Firefly,https://www.fireflycarrental.com.mx/,Fallo,403,0.18
13/06/2026,17:14:11,Avis,https://avis.mx/,OK,200,1.0
13/06/2026,17:14:11,National,https://nationalcar.com.mx/,OK,200,3.81
13/06/2026,17:14:11,Alamo,https://www.alamo.com.mx/es,OK,200,1.05
13/06/2026,17:14:11,Mex Rent A Car,https://mexrentacar.com/es/index,OK,200,1.89
13/06/2026,17:14:11,Budget,https://budget.com.mx/#/,OK,200,0.75
13/06/2026,17:14:11,Localiza,https://www.localiza.com/mexico/es-mx,OK,200,1.35
13/06/2026,17:14:11,Enterprise,https://enterprise.mx/,OK,200,1.36
13/06/2026,17:14:11,Europcar,https://www.europcar.com.mx/,OK,200,0.59
13/06/2026,22:55:55,Hertz,https://www.hertzmexico.com/,OK,200,0.39
13/06/2026,22:55:55,Dollar,https://dollarmexico.com.mx/,OK,200,0.34
13/06/2026,22:55:55,Thrifty,https://www.thrifty.com.mx/,Fallo,403,0.17
13/06/2026,22:55:55,Firefly,https://www.fireflycarrental.com.mx/,Fallo,403,0.24
13/06/2026,22:55:55,Avis,https://avis.mx/,OK,200,0.96
13/06/2026,22:55:55,National,https://nationalcar.com.mx/,OK,200,3.76
13/06/2026,22:55:55,Alamo,https://www.alamo.com.mx/es,OK,200,1.19
13/06/2026,22:55:55,Mex Rent A Car,https://mexrentacar.com/es/index,OK,200,1.77
13/06/2026,22:55:55,Budget,https://budget.com.mx/#/,OK,200,0.68
13/06/2026,22:55:55,Localiza,https://www.localiza.com/mexico/es-mx,OK,200,1.2
13/06/2026,22:55:55,Enterprise,https://enterprise.mx/,OK,200,1.36
13/06/2026,22:55:55,Europcar,https://www.europcar.com.mx/,OK,200,0.51
14/06/2026,03:49:10,Hertz,https://www.hertzmexico.com/,OK,200,0.42
14/06/2026,03:49:10,Dollar,https://dollarmexico.com.mx/,OK,200,0.6
14/06/2026,03:49:10,Thrifty,https://www.thrifty.com.mx/,Fallo,403,0.19
14/06/2026,03:49:10,Firefly,https://www.fireflycarrental.com.mx/,Fallo,403,0.2
14/06/2026,03:49:10,Avis,https://avis.mx/,OK,200,0.9
14/06/2026,03:49:10,National,https://nationalcar.com.mx/,OK,200,3.29
14/06/2026,03:49:10,Alamo,https://www.alamo.com.mx/es,OK,200,1.39
14/06/2026,03:49:10,Mex Rent A Car,https://mexrentacar.com/es/index,OK,200,1.55
14/06/2026,03:49:10,Budget,https://budget.com.mx/#/,OK,200,0.67
14/06/2026,03:49:10,Localiza,https://www.localiza.com/mexico/es-mx,OK,200,0.96
14/06/2026,03:49:10,Enterprise,https://enterprise.mx/,OK,200,1.18
14/06/2026,03:49:10,Europcar,https://www.europcar.com.mx/,OK,200,0.57
14/06/2026,06:04:54,Hertz,https://www.hertzmexico.com/,OK,200,0.57
14/06/2026,06:04:54,Dollar,https://dollarmexico.com.mx/,OK,200,0.36
14/06/2026,06:04:54,Thrifty,https://www.thrifty.com.mx/,Fallo,403,0.17
14/06/2026,06:04:54,Firefly,https://www.fireflycarrental.com.mx/,Fallo,403,0.25
14/06/2026,06:04:54,Avis,https://avis.mx/,OK,200,0.89
14/06/2026,06:04:54,National,https://nationalcar.com.mx/,OK,200,3.69
14/06/2026,06:04:54,Alamo,https://www.alamo.com.mx/es,OK,200,1.02
14/06/2026,06:04:54,Mex Rent A Car,https://mexrentacar.com/es/index,OK,200,1.87
14/06/2026,06:04:54,Budget,https://budget.com.mx/#/,OK,200,0.72
14/06/2026,06:04:54,Localiza,https://www.localiza.com/mexico/es-mx,OK,200,0.85
14/06/2026,06:04:54,Enterprise,https://enterprise.mx/,OK,200,1.36
14/06/2026,06:04:54,Europcar,https://www.europcar.com.mx/,OK,200,0.54
14/06/2026,09:52:03,Hertz,https://www.hertzmexico.com/,OK,200,0.28
14/06/2026,09:52:03,Dollar,https://dollarmexico.com.mx/,OK,200,0.41
14/06/2026,09:52:03,Thrifty,https://www.thrifty.com.mx/,Fallo,403,0.18
14/06/2026,09:52:03,Firefly,https://www.fireflycarrental.com.mx/,Fallo,403,0.26
14/06/2026,09:52:03,Avis,https://avis.mx/,OK,200,0.89
14/06/2026,09:52:03,National,https://nationalcar.com.mx/,OK,200,3.69
14/06/2026,09:52:03,Alamo,https://www.alamo.com.mx/es,OK,200,1.25
14/06/2026,09:52:03,Mex Rent A Car,https://mexrentacar.com/es/index,OK,200,1.35
14/06/2026,09:52:03,Budget,https://budget.com.mx/#/,OK,200,0.44
14/06/2026,09:52:03,Localiza,https://www.localiza.com/mexico/es-mx,OK,200,1.18
14/06/2026,09:52:03,Enterprise,https://enterprise.mx/,OK,200,1.22
14/06/2026,09:52:03,Europcar,https://www.europcar.com.mx/,OK,200,0.56
14/06/2026,11:26:53,Hertz,https://www.hertzmexico.com/,OK,200,0.26
14/06/2026,11:26:53,Dollar,https://dollarmexico.com.mx/,OK,200,0.3
14/06/2026,11:26:53,Thrifty,https://www.thrifty.com.mx/,OK,200,0.43
14/06/2026,11:26:53,Firefly,https://www.fireflycarrental.com.mx/,OK,200,0.46
14/06/2026,11:26:53,Avis,https://avis.mx/,OK,200,0.9
14/06/2026,11:26:53,National,https://nationalcar.com.mx/,OK,200,3.62
14/06/2026,11:26:53,Alamo,https://www.alamo.com.mx/es,OK,200,1.32
14/06/2026,11:26:53,Mex Rent A Car,https://mexrentacar.com/es/index,OK,200,1.98
14/06/2026,11:26:53,Budget,https://budget.com.mx/#/,OK,200,0.7
14/06/2026,11:26:53,Localiza,https://www.localiza.com/mexico/es-mx,OK,200,1.98
14/06/2026,11:26:53,Enterprise,https://enterprise.mx/,OK,200,1.43
14/06/2026,11:26:53,Europcar,https://www.europcar.com.mx/,OK,200,0.56
14/06/2026,13:48:02,Hertz,https://www.hertzmexico.com/,Fallo,403,0.08
14/06/2026,13:48:02,Dollar,https://dollarmexico.com.mx/,Fallo,403,0.11
14/06/2026,13:48:02,Thrifty,https://www.thrifty.com.mx/,Fallo,403,0.12
14/06/2026,13:48:02,Firefly,https://www.fireflycarrental.com.mx/,Fallo,403,0.17
14/06/2026,13:48:02,Avis,https://avis.mx/,OK,200,0.8
14/06/2026,13:48:02,National,https://nationalcar.com.mx/,OK,200,2.52
14/06/2026,13:48:02,Alamo,https://www.alamo.com.mx/es,OK,200,1.7
14/06/2026,13:48:02,Mex Rent A Car,https://mexrentacar.com/es/index,OK,200,1.03
14/06/2026,13:48:02,Budget,https://budget.com.mx/#/,OK,200,1.11
14/06/2026,13:48:02,Localiza,https://www.localiza.com/mexico/es-mx,OK,200,0.93
14/06/2026,13:48:02,Enterprise,https://enterprise.mx/,OK,200,0.36
14/06/2026,13:48:02,Europcar,https://www.europcar.com.mx/,OK,200,0.66
14/06/2026,15:21:48,Hertz,https://www.hertzmexico.com/,OK,200,0.35
14/06/2026,15:21:48,Dollar,https://dollarmexico.com.mx/,OK,200,0.34
14/06/2026,15:21:48,Thrifty,https://www.thrifty.com.mx/,Fallo,403,0.1
14/06/2026,15:21:48,Firefly,https://www.fireflycarrental.com.mx/,Fallo,403,0.2
14/06/2026,15:21:48,Avis,https://avis.mx/,OK,200,0.88
14/06/2026,15:21:48,National,https://nationalcar.com.mx/,OK,200,3.33
14/06/2026,15:21:48,Alamo,https://www.alamo.com.mx/es,OK,200,1.29
14/06/2026,15:21:48,Mex Rent A Car,https://mexrentacar.com/es/index,OK,200,1.73
14/06/2026,15:21:48,Budget,https://budget.com.mx/#/,OK,200,0.54
14/06/2026,15:21:48,Localiza,https://www.localiza.com/mexico/es-mx,OK,200,1.88
14/06/2026,15:21:48,Enterprise,https://enterprise.mx/,OK,200,1.04
14/06/2026,15:21:48,Europcar,https://www.europcar.com.mx/,OK,200,0.74
14/06/2026,17:17:18,Hertz,https://www.hertzmexico.com/,OK,200,0.25
14/06/2026,17:17:18,Dollar,https://dollarmexico.com.mx/,OK,200,0.36
14/06/2026,17:17:18,Thrifty,https://www.thrifty.com.mx/,Fallo,403,0.13
14/06/2026,17:17:18,Firefly,https://www.fireflycarrental.com.mx/,Fallo,403,0.15
14/06/2026,17:17:18,Avis,https://avis.mx/,OK,200,0.94
14/06/2026,17:17:18,National,https://nationalcar.com.mx/,OK,200,3.16
14/06/2026,17:17:18,Alamo,https://www.alamo.com.mx/es,OK,200,1.14
14/06/2026,17:17:18,Mex Rent A Car,https://mexrentacar.com/es/index,OK,200,1.64
14/06/2026,17:17:18,Budget,https://budget.com.mx/#/,OK,200,0.42
14/06/2026,17:17:18,Localiza,https://www.localiza.com/mexico/es-mx,OK,200,0.73
14/06/2026,17:17:18,Enterprise,https://enterprise.mx/,OK,200,1.15
14/06/2026,17:17:18,Europcar,https://www.europcar.com.mx/,OK,200,0.57
14/06/2026,23:12:36,Hertz,https://www.hertzmexico.com/,Fallo,403,0.07
14/06/2026,23:12:36,Dollar,https://dollarmexico.com.mx/,Fallo,403,0.09
14/06/2026,23:12:36,Thrifty,https://www.thrifty.com.mx/,Fallo,403,0.05
14/06/2026,23:12:36,Firefly,https://www.fireflycarrental.com.mx/,Fallo,403,0.1
14/06/2026,23:12:36,Avis,https://avis.mx/,OK,200,0.88
14/06/2026,23:12:36,National,https://nationalcar.com.mx/,OK,200,2.71
14/06/2026,23:12:36,Alamo,https://www.alamo.com.mx/es,OK,200,1.81
14/06/2026,23:12:36,Mex Rent A Car,https://mexrentacar.com/es/index,OK,200,0.9
14/06/2026,23:12:36,Budget,https://budget.com.mx/#/,OK,200,0.49
14/06/2026,23:12:36,Localiza,https://www.localiza.com/mexico/es-mx,OK,200,0.81
14/06/2026,23:12:36,Enterprise,https://enterprise.mx/,OK,200,0.42
14/06/2026,23:12:36,Europcar,https://www.europcar.com.mx/,OK,200,1.55
15/06/2026,06:34:29,Hertz,https://www.hertzmexico.com/,OK,200,0.44
15/06/2026,06:34:29,Dollar,https://dollarmexico.com.mx/,OK,200,0.3
15/06/2026,06:34:29,Thrifty,https://www.thrifty.com.mx/,Fallo,403,0.16
15/06/2026,06:34:29,Firefly,https://www.fireflycarrental.com.mx/,Fallo,403,0.12
15/06/2026,06:34:29,Avis,https://avis.mx/,OK,200,0.9
15/06/2026,06:34:29,National,https://nationalcar.com.mx/,OK,200,3.17
15/06/2026,06:34:29,Alamo,https://www.alamo.com.mx/es,OK,200,1.13
15/06/2026,06:34:29,Mex Rent A Car,https://mexrentacar.com/es/index,OK,200,1.57
15/06/2026,06:34:29,Budget,https://budget.com.mx/#/,OK,200,0.64
15/06/2026,06:34:29,Localiza,https://www.localiza.com/mexico/es-mx,OK,200,1.0
15/06/2026,06:34:29,Enterprise,https://enterprise.mx/,OK,200,1.11
15/06/2026,06:34:29,Europcar,https://www.europcar.com.mx/,OK,200,0.54
15/06/2026,12:44:18,Hertz,https://www.hertzmexico.com/,OK,200,0.3
15/06/2026,12:44:18,Dollar,https://dollarmexico.com.mx/,OK,200,0.32
15/06/2026,12:44:18,Thrifty,https://www.thrifty.com.mx/,Fallo,403,0.18
15/06/2026,12:44:18,Firefly,https://www.fireflycarrental.com.mx/,Fallo,403,0.21
15/06/2026,12:44:18,Avis,https://avis.mx/,OK,200,0.81
15/06/2026,12:44:18,National,https://nationalcar.com.mx/,OK,200,3.68
15/06/2026,12:44:18,Alamo,https://www.alamo.com.mx/es,OK,200,1.11
15/06/2026,12:44:18,Mex Rent A Car,https://mexrentacar.com/es/index,OK,200,1.24
15/06/2026,12:44:18,Budget,https://budget.com.mx/#/,OK,200,2.44
15/06/2026,12:44:18,Localiza,https://www.localiza.com/mexico/es-mx,OK,200,1.89
15/06/2026,12:44:18,Enterprise,https://enterprise.mx/,OK,200,1.38
15/06/2026,12:44:18,Europcar,https://www.europcar.com.mx/,OK,200,0.56
15/06/2026,16:24:22,Hertz,https://www.hertzmexico.com/,OK,200,0.23
15/06/2026,16:24:22,Dollar,https://dollarmexico.com.mx/,OK,200,0.54
15/06/2026,16:24:22,Thrifty,https://www.thrifty.com.mx/,Fallo,403,0.06
15/06/2026,16:24:22,Firefly,https://www.fireflycarrental.com.mx/,Fallo,403,0.18
15/06/2026,16:24:22,Avis,https://avis.mx/,OK,200,0.95
15/06/2026,16:24:22,National,https://nationalcar.com.mx/,OK,200,2.29
15/06/2026,16:24:22,Alamo,https://www.alamo.com.mx/es,OK,200,1.61
15/06/2026,16:24:22,Mex Rent A Car,https://mexrentacar.com/es/index,OK,200,0.83
15/06/2026,16:24:22,Budget,https://budget.com.mx/#/,OK,200,0.47
15/06/2026,16:24:22,Localiza,https://www.localiza.com/mexico/es-mx,OK,200,0.76
15/06/2026,16:24:22,Enterprise,https://enterprise.mx/,OK,200,0.39
15/06/2026,16:24:22,Europcar,https://www.europcar.com.mx/,OK,200,0.6
15/06/2026,23:18:55,Hertz,https://www.hertzmexico.com/,Fallo,403,0.07
15/06/2026,23:18:55,Dollar,https://dollarmexico.com.mx/,Fallo,403,0.15
15/06/2026,23:18:55,Thrifty,https://www.thrifty.com.mx/,Fallo,403,0.15
15/06/2026,23:18:55,Firefly,https://www.fireflycarrental.com.mx/,Fallo,403,0.22
15/06/2026,23:18:55,Avis,https://avis.mx/,OK,200,0.87
15/06/2026,23:18:55,National,https://nationalcar.com.mx/,OK,200,3.56
15/06/2026,23:18:55,Alamo,https://www.alamo.com.mx/es,OK,200,1.1
15/06/2026,23:18:55,Mex Rent A Car,https://mexrentacar.com/es/index,OK,200,2.1
15/06/2026,23:18:55,Budget,https://budget.com.mx/#/,OK,200,0.9
15/06/2026,23:18:55,Localiza,https://www.localiza.com/mexico/es-mx,OK,200,1.24
15/06/2026,23:18:55,Enterprise,https://enterprise.mx/,OK,200,1.36
15/06/2026,23:18:55,Europcar,https://www.europcar.com.mx/,OK,200,0.61
16/06/2026,05:27:13,Hertz,https://www.hertzmexico.com/,OK,200,0.34
16/06/2026,05:27:13,Dollar,https://dollarmexico.com.mx/,OK,200,0.62
16/06/2026,05:27:13,Thrifty,https://www.thrifty.com.mx/,Fallo,403,0.24
16/06/2026,05:27:13,Firefly,https://www.fireflycarrental.com.mx/,Fallo,403,0.18
16/06/2026,05:27:13,Avis,https://avis.mx/,OK,200,0.93
16/06/2026,05:27:13,National,https://nationalcar.com.mx/,OK,200,3.0
16/06/2026,05:27:13,Alamo,https://www.alamo.com.mx/es,OK,200,1.37
16/06/2026,05:27:13,Mex Rent A Car,https://mexrentacar.com/es/index,OK,200,1.15
16/06/2026,05:27:13,Budget,https://budget.com.mx/#/,OK,200,0.5
16/06/2026,05:27:13,Localiza,https://www.localiza.com/mexico/es-mx,OK,200,1.02
16/06/2026,05:27:13,Enterprise,https://enterprise.mx/,OK,200,0.97
16/06/2026,05:27:13,Europcar,https://www.europcar.com.mx/,OK,200,0.56
16/06/2026,11:11:52,Hertz,https://www.hertzmexico.com/,OK,200,0.28
16/06/2026,11:11:52,Dollar,https://dollarmexico.com.mx/,OK,200,0.41
16/06/2026,11:11:52,Thrifty,https://www.thrifty.com.mx/,Fallo,403,0.08
16/06/2026,11:11:52,Firefly,https://www.fireflycarrental.com.mx/,Fallo,403,0.1
16/06/2026,11:11:52,Avis,https://avis.mx/,OK,200,1.06
16/06/2026,11:11:52,National,https://nationalcar.com.mx/,OK,200,2.26
16/06/2026,11:11:52,Alamo,https://www.alamo.com.mx/es,OK,200,1.61
16/06/2026,11:11:52,Mex Rent A Car,https://mexrentacar.com/es/index,OK,200,0.78
16/06/2026,11:11:52,Budget,https://budget.com.mx/#/,OK,200,0.85
16/06/2026,11:11:52,Localiza,https://www.localiza.com/mexico/es-mx,OK,200,1.62
16/06/2026,11:11:52,Enterprise,https://enterprise.mx/,OK,200,0.43
16/06/2026,11:11:52,Europcar,https://www.europcar.com.mx/,OK,200,0.8
16/06/2026,15:13:11,Hertz,https://www.hertzmexico.com/,Fallo,403,0.13
16/06/2026,15:13:11,Dollar,https://dollarmexico.com.mx/,Fallo,403,0.14
16/06/2026,15:13:11,Thrifty,https://www.thrifty.com.mx/,Fallo,403,0.18
16/06/2026,15:13:11,Firefly,https://www.fireflycarrental.com.mx/,Fallo,403,0.18
16/06/2026,15:13:11,Avis,https://avis.mx/,OK,200,0.86
16/06/2026,15:13:11,National,https://nationalcar.com.mx/,OK,200,3.22
16/06/2026,15:13:11,Alamo,https://www.alamo.com.mx/es,OK,200,1.43
16/06/2026,15:13:11,Mex Rent A Car,https://mexrentacar.com/es/index,OK,200,1.13
16/06/2026,15:13:11,Budget,https://budget.com.mx/#/,OK,200,0.59
16/06/2026,15:13:11,Localiza,https://www.localiza.com/mexico/es-mx,OK,200,2.21
16/06/2026,15:13:11,Enterprise,https://enterprise.mx/,OK,200,0.88
16/06/2026,15:13:11,Europcar,https://www.europcar.com.mx/,OK,200,0.6
16/06/2026,17:40:59,Hertz,https://www.hertzmexico.com/,OK,200,0.28
16/06/2026,17:40:59,Dollar,https://dollarmexico.com.mx/,OK,200,0.4
16/06/2026,17:40:59,Thrifty,https://www.thrifty.com.mx/,Fallo,403,0.17
16/06/2026,17:40:59,Firefly,https://www.fireflycarrental.com.mx/,Fallo,403,0.22
16/06/2026,17:40:59,Avis,https://avis.mx/,OK,200,0.87
16/06/2026,17:40:59,National,https://nationalcar.com.mx/,OK,200,3.66
16/06/2026,17:40:59,Alamo,https://www.alamo.com.mx/es,OK,200,1.16
16/06/2026,17:40:59,Mex Rent A Car,https://mexrentacar.com/es/index,OK,200,1.95
16/06/2026,17:40:59,Budget,https://budget.com.mx/#/,OK,200,2.68
16/06/2026,17:40:59,Localiza,https://www.localiza.com/mexico/es-mx,OK,200,1.25
16/06/2026,17:40:59,Enterprise,https://enterprise.mx/,OK,200,1.39
16/06/2026,17:40:59,Europcar,https://www.europcar.com.mx/,OK,200,0.52
16/06/2026,22:58:18,Hertz,https://www.hertzmexico.com/,OK,200,0.3
16/06/2026,22:58:18,Dollar,https://dollarmexico.com.mx/,OK,200,0.59
16/06/2026,22:58:18,Thrifty,https://www.thrifty.com.mx/,Fallo,403,0.1
16/06/2026,22:58:18,Firefly,https://www.fireflycarrental.com.mx/,Fallo,403,0.16
16/06/2026,22:58:18,Avis,https://avis.mx/,OK,200,0.88
16/06/2026,22:58:18,National,https://nationalcar.com.mx/,OK,200,2.5
16/06/2026,22:58:18,Alamo,https://www.alamo.com.mx/es,OK,200,1.63
16/06/2026,22:58:18,Mex Rent A Car,https://mexrentacar.com/es/index,OK,200,1.08
16/06/2026,22:58:18,Budget,https://budget.com.mx/#/,OK,200,0.72
16/06/2026,22:58:18,Localiza,https://www.localiza.com/mexico/es-mx,OK,200,1.04
16/06/2026,22:58:18,Enterprise,https://enterprise.mx/,OK,200,0.37
16/06/2026,22:58:18,Europcar,https://www.europcar.com.mx/,OK,200,0.67
17/06/2026,05:10:37,Hertz,https://www.hertzmexico.com/,OK,200,0.35
17/06/2026,05:10:37,Dollar,https://dollarmexico.com.mx/,OK,200,0.29
17/06/2026,05:10:37,Thrifty,https://www.thrifty.com.mx/,Fallo,403,0.15
17/06/2026,05:10:37,Firefly,https://www.fireflycarrental.com.mx/,Fallo,403,0.2
17/06/2026,05:10:37,Avis,https://avis.mx/,Fallo,500,0.36
17/06/2026,05:10:37,National,https://nationalcar.com.mx/,OK,200,3.67
17/06/2026,05:10:37,Alamo,https://www.alamo.com.mx/es,OK,200,1.16
17/06/2026,05:10:37,Mex Rent A Car,https://mexrentacar.com/es/index,OK,200,1.86
17/06/2026,05:10:37,Budget,https://budget.com.mx/#/,OK,200,0.89
17/06/2026,05:10:37,Localiza,https://www.localiza.com/mexico/es-mx,OK,200,0.9
17/06/2026,05:10:37,Enterprise,https://enterprise.mx/,OK,200,1.36
17/06/2026,05:10:37,Europcar,https://www.europcar.com.mx/,OK,200,0.54
17/06/2026,09:54:46,Hertz,https://www.hertzmexico.com/,OK,200,0.29
17/06/2026,09:54:46,Dollar,https://dollarmexico.com.mx/,OK,200,0.35
17/06/2026,09:54:46,Thrifty,https://www.thrifty.com.mx/,Fallo,403,0.19
17/06/2026,09:54:46,Firefly,https://www.fireflycarrental.com.mx/,Fallo,403,0.12
17/06/2026,09:54:46,Avis,https://avis.mx/,OK,200,1.02
17/06/2026,09:54:46,National,https://nationalcar.com.mx/,OK,200,4.28
17/06/2026,09:54:46,Alamo,https://www.alamo.com.mx/es,OK,200,1.28
17/06/2026,09:54:46,Mex Rent A Car,https://mexrentacar.com/es/index,OK,200,1.89
17/06/2026,09:54:46,Budget,https://budget.com.mx/#/,OK,200,0.76
17/06/2026,09:54:46,Localiza,https://www.localiza.com/mexico/es-mx,OK,200,0.92
17/06/2026,09:54:46,Enterprise,https://enterprise.mx/,OK,200,1.3
17/06/2026,09:54:46,Europcar,https://www.europcar.com.mx/,OK,200,0.56
17/06/2026,12:27:06,Hertz,https://www.hertzmexico.com/,OK,200,0.32
17/06/2026,12:27:06,Dollar,https://dollarmexico.com.mx/,OK,200,0.31
17/06/2026,12:27:06,Thrifty,https://www.thrifty.com.mx/,OK,200,0.65
17/06/2026,12:27:06,Firefly,https://www.fireflycarrental.com.mx/,OK,200,1.25
17/06/2026,12:27:06,Avis,https://avis.mx/,OK,200,1.04
17/06/2026,12:27:06,National,https://nationalcar.com.mx/,OK,200,2.53
17/06/2026,12:27:06,Alamo,https://www.alamo.com.mx/es,OK,200,1.73
17/06/2026,12:27:06,Mex Rent A Car,https://mexrentacar.com/es/index,OK,200,1.16
17/06/2026,12:27:06,Budget,https://budget.com.mx/#/,OK,200,0.98
17/06/2026,12:27:06,Localiza,https://www.localiza.com/mexico/es-mx,OK,200,1.14
17/06/2026,12:27:06,Enterprise,https://enterprise.mx/,OK,200,0.38
17/06/2026,12:27:06,Europcar,https://www.europcar.com.mx/,OK,200,0.42
17/06/2026,16:07:34,Hertz,https://www.hertzmexico.com/,OK,200,0.26
17/06/2026,16:07:34,Dollar,https://dollarmexico.com.mx/,OK,200,0.58
17/06/2026,16:07:34,Thrifty,https://www.thrifty.com.mx/,OK,200,0.34
17/06/2026,16:07:34,Firefly,https://www.fireflycarrental.com.mx/,OK,200,0.99
17/06/2026,16:07:34,Avis,https://avis.mx/,OK,200,0.81
17/06/2026,16:07:34,National,https://nationalcar.com.mx/,OK,200,2.37
17/06/2026,16:07:34,Alamo,https://www.alamo.com.mx/es,OK,200,1.7
17/06/2026,16:07:34,Mex Rent A Car,https://mexrentacar.com/es/index,OK,200,0.99
17/06/2026,16:07:34,Budget,https://budget.com.mx/#/,OK,200,0.68
17/06/2026,16:07:34,Localiza,https://www.localiza.com/mexico/es-mx,OK,200,4.84
17/06/2026,16:07:34,Enterprise,https://enterprise.mx/,OK,200,0.36
17/06/2026,16:07:34,Europcar,https://www.europcar.com.mx/,OK,200,0.54
17/06/2026,22:48:38,Hertz,https://www.hertzmexico.com/,OK,200,0.29
17/06/2026,22:48:38,Dollar,https://dollarmexico.com.mx/,OK,200,0.47
17/06/2026,22:48:38,Thrifty,https://www.thrifty.com.mx/,Fallo,403,0.08
17/06/2026,22:48:38,Firefly,https://www.fireflycarrental.com.mx/,Fallo,403,0.05
17/06/2026,22:48:38,Avis,https://avis.mx/,OK,200,0.83
17/06/2026,22:48:38,National,https://nationalcar.com.mx/,OK,200,2.29
17/06/2026,22:48:38,Alamo,https://www.alamo.com.mx/es,OK,200,1.8
17/06/2026,22:48:38,Mex Rent A Car,https://mexrentacar.com/es/index,OK,200,0.96
17/06/2026,22:48:38,Budget,https://budget.com.mx/#/,OK,200,0.43
17/06/2026,22:48:38,Localiza,https://www.localiza.com/mexico/es-mx,OK,200,1.16
17/06/2026,22:48:38,Enterprise,https://enterprise.mx/,OK,200,0.55
17/06/2026,22:48:38,Europcar,https://www.europcar.com.mx/,OK,200,0.72
18/06/2026,04:42:04,Hertz,https://www.hertzmexico.com/,OK,200,0.43
18/06/2026,04:42:04,Dollar,https://dollarmexico.com.mx/,OK,200,0.82
18/06/2026,04:42:04,Thrifty,https://www.thrifty.com.mx/,Fallo,403,0.16
18/06/2026,04:42:04,Firefly,https://www.fireflycarrental.com.mx/,Fallo,403,0.08
18/06/2026,04:42:04,Avis,https://avis.mx/,OK,200,0.83
18/06/2026,04:42:04,National,https://nationalcar.com.mx/,OK,200,3.37
18/06/2026,04:42:04,Alamo,https://www.alamo.com.mx/es,OK,200,1.21
18/06/2026,04:42:04,Mex Rent A Car,https://mexrentacar.com/es/index,OK,200,1.62
18/06/2026,04:42:04,Budget,https://budget.com.mx/#/,OK,200,0.65
18/06/2026,04:42:04,Localiza,https://www.localiza.com/mexico/es-mx,OK,200,1.51
18/06/2026,04:42:04,Enterprise,https://enterprise.mx/,OK,200,1.11
18/06/2026,04:42:04,Europcar,https://www.europcar.com.mx/,OK,200,0.58
18/06/2026,09:46:38,Hertz,https://www.hertzmexico.com/,OK,200,1.08
18/06/2026,09:46:38,Dollar,https://dollarmexico.com.mx/,OK,200,0.55
18/06/2026,09:46:38,Thrifty,https://www.thrifty.com.mx/,Fallo,403,0.1
18/06/2026,09:46:38,Firefly,https://www.fireflycarrental.com.mx/,Fallo,403,0.1
18/06/2026,09:46:38,Avis,https://avis.mx/,OK,200,0.81
18/06/2026,09:46:38,National,https://nationalcar.com.mx/,OK,200,2.14
18/06/2026,09:46:38,Alamo,https://www.alamo.com.mx/es,OK,200,1.66
18/06/2026,09:46:38,Mex Rent A Car,https://mexrentacar.com/es/index,OK,200,0.77
18/06/2026,09:46:38,Budget,https://budget.com.mx/#/,OK,200,0.47
18/06/2026,09:46:38,Localiza,https://www.localiza.com/mexico/es-mx,OK,200,0.96
18/06/2026,09:46:38,Enterprise,https://enterprise.mx/,OK,200,0.38
18/06/2026,09:46:38,Europcar,https://www.europcar.com.mx/,OK,200,0.56
18/06/2026,12:38:14,Hertz,https://www.hertzmexico.com/,OK,200,0.32
18/06/2026,12:38:14,Dollar,https://dollarmexico.com.mx/,OK,200,0.69
18/06/2026,12:38:14,Thrifty,https://www.thrifty.com.mx/,Fallo,403,0.1
18/06/2026,12:38:14,Firefly,https://www.fireflycarrental.com.mx/,Fallo,403,0.05
18/06/2026,12:38:14,Avis,https://avis.mx/,OK,200,0.81
18/06/2026,12:38:14,National,https://nationalcar.com.mx/,OK,200,2.36
18/06/2026,12:38:14,Alamo,https://www.alamo.com.mx/es,OK,200,1.63
18/06/2026,12:38:14,Mex Rent A Car,https://mexrentacar.com/es/index,OK,200,0.87
18/06/2026,12:38:14,Budget,https://budget.com.mx/#/,OK,200,0.4
18/06/2026,12:38:14,Localiza,https://www.localiza.com/mexico/es-mx,OK,200,1.14
18/06/2026,12:38:14,Enterprise,https://enterprise.mx/,OK,200,0.46
18/06/2026,12:38:14,Europcar,https://www.europcar.com.mx/,OK,200,0.63
18/06/2026,16:21:21,Hertz,https://www.hertzmexico.com/,OK,200,0.37
18/06/2026,16:21:21,Dollar,https://dollarmexico.com.mx/,OK,200,0.36
18/06/2026,16:21:21,Thrifty,https://www.thrifty.com.mx/,Fallo,403,0.18
18/06/2026,16:21:21,Firefly,https://www.fireflycarrental.com.mx/,Fallo,403,0.12
18/06/2026,16:21:21,Avis,https://avis.mx/,OK,200,0.91
18/06/2026,16:21:21,National,https://nationalcar.com.mx/,OK,200,3.76
18/06/2026,16:21:21,Alamo,https://www.alamo.com.mx/es,OK,200,1.06
18/06/2026,16:21:21,Mex Rent A Car,https://mexrentacar.com/es/index,OK,200,1.97
18/06/2026,16:21:21,Budget,https://budget.com.mx/#/,OK,200,0.38
18/06/2026,16:21:21,Localiza,https://www.localiza.com/mexico/es-mx,OK,200,1.24
18/06/2026,16:21:21,Enterprise,https://enterprise.mx/,OK,200,1.34
18/06/2026,16:21:21,Europcar,https://www.europcar.com.mx/,OK,200,0.46
18/06/2026,23:08:52,Hertz,https://www.hertzmexico.com/,OK,200,0.48
18/06/2026,23:08:52,Dollar,https://dollarmexico.com.mx/,OK,200,0.42
18/06/2026,23:08:52,Thrifty,https://www.thrifty.com.mx/,Fallo,403,0.21
18/06/2026,23:08:52,Firefly,https://www.fireflycarrental.com.mx/,Fallo,403,0.19
18/06/2026,23:08:52,Avis,https://avis.mx/,OK,200,1.02
18/06/2026,23:08:52,National,https://nationalcar.com.mx/,OK,200,3.33
18/06/2026,23:08:52,Alamo,https://www.alamo.com.mx/es,OK,200,1.73
18/06/2026,23:08:52,Mex Rent A Car,https://mexrentacar.com/es/index,OK,200,1.13
18/06/2026,23:08:52,Budget,https://budget.com.mx/#/,OK,200,0.58
18/06/2026,23:08:52,Localiza,https://www.localiza.com/mexico/es-mx,OK,200,1.89
18/06/2026,23:08:52,Enterprise,https://enterprise.mx/,OK,200,0.91
18/06/2026,23:08:52,Europcar,https://www.europcar.com.mx/,OK,200,0.55
19/06/2026,04:51:11,Hertz,https://www.hertzmexico.com/,OK,200,0.3
19/06/2026,04:51:11,Dollar,https://dollarmexico.com.mx/,OK,200,0.36
19/06/2026,04:51:11,Thrifty,https://www.thrifty.com.mx/,Fallo,403,0.22
19/06/2026,04:51:11,Firefly,https://www.fireflycarrental.com.mx/,Fallo,403,0.08
19/06/2026,04:51:11,Avis,https://avis.mx/,OK,200,0.91
19/06/2026,04:51:11,National,https://nationalcar.com.mx/,OK,200,3.73
19/06/2026,04:51:11,Alamo,https://www.alamo.com.mx/es,OK,200,1.24
19/06/2026,04:51:11,Mex Rent A Car,https://mexrentacar.com/es/index,OK,200,1.89
19/06/2026,04:51:11,Budget,https://budget.com.mx/#/,OK,200,0.66
19/06/2026,04:51:11,Localiza,https://www.localiza.com/mexico/es-mx,OK,200,1.25
19/06/2026,04:51:11,Enterprise,https://enterprise.mx/,OK,200,1.49
19/06/2026,04:51:11,Europcar,https://www.europcar.com.mx/,OK,200,0.54
19/06/2026,09:35:47,Hertz,https://www.hertzmexico.com/,OK,200,0.35
19/06/2026,09:35:47,Dollar,https://dollarmexico.com.mx/,OK,200,0.29
19/06/2026,09:35:47,Thrifty,https://www.thrifty.com.mx/,Fallo,403,0.18
19/06/2026,09:35:47,Firefly,https://www.fireflycarrental.com.mx/,Fallo,403,0.19
19/06/2026,09:35:47,Avis,https://avis.mx/,OK,200,1.0
19/06/2026,09:35:47,National,https://nationalcar.com.mx/,OK,200,3.73
19/06/2026,09:35:47,Alamo,https://www.alamo.com.mx/es,OK,200,1.25
19/06/2026,09:35:47,Mex Rent A Car,https://mexrentacar.com/es/index,OK,200,1.81
19/06/2026,09:35:47,Budget,https://budget.com.mx/#/,OK,200,1.01
19/06/2026,09:35:47,Localiza,https://www.localiza.com/mexico/es-mx,OK,200,1.28
19/06/2026,09:35:47,Enterprise,https://enterprise.mx/,OK,200,1.4
19/06/2026,09:35:47,Europcar,https://www.europcar.com.mx/,OK,200,0.58
19/06/2026,12:04:31,Hertz,https://www.hertzmexico.com/,OK,200,0.26
19/06/2026,12:04:31,Dollar,https://dollarmexico.com.mx/,OK,200,0.35
19/06/2026,12:04:31,Thrifty,https://www.thrifty.com.mx/,Fallo,403,0.23
19/06/2026,12:04:31,Firefly,https://www.fireflycarrental.com.mx/,Fallo,403,0.17
19/06/2026,12:04:31,Avis,https://avis.mx/,OK,200,0.93
19/06/2026,12:04:31,National,https://nationalcar.com.mx/,OK,200,3.66
19/06/2026,12:04:31,Alamo,https://www.alamo.com.mx/es,OK,200,1.07
19/06/2026,12:04:31,Mex Rent A Car,https://mexrentacar.com/es/index,OK,200,1.78
19/06/2026,12:04:31,Budget,https://budget.com.mx/#/,OK,200,0.93
19/06/2026,12:04:31,Localiza,https://www.localiza.com/mexico/es-mx,OK,200,1.55
19/06/2026,12:04:31,Enterprise,https://enterprise.mx/,OK,200,1.48
19/06/2026,12:04:31,Europcar,https://www.europcar.com.mx/,OK,200,0.53
19/06/2026,15:14:37,Hertz,https://www.hertzmexico.com/,OK,200,0.28
19/06/2026,15:14:37,Dollar,https://dollarmexico.com.mx/,OK,200,0.35
19/06/2026,15:14:37,Thrifty,https://www.thrifty.com.mx/,Fallo,403,0.1
19/06/2026,15:14:37,Firefly,https://www.fireflycarrental.com.mx/,Fallo,403,0.29
19/06/2026,15:14:37,Avis,https://avis.mx/,Error de conexión,0,60.01
19/06/2026,15:14:37,National,https://nationalcar.com.mx/,OK,200,3.75
19/06/2026,15:14:37,Alamo,https://www.alamo.com.mx/es,OK,200,1.25
19/06/2026,15:14:37,Mex Rent A Car,https://mexrentacar.com/es/index,OK,200,1.84
19/06/2026,15:14:37,Budget,https://budget.com.mx/#/,OK,200,1.0
19/06/2026,15:14:37,Localiza,https://www.localiza.com/mexico/es-mx,OK,200,1.35
19/06/2026,15:14:37,Enterprise,https://enterprise.mx/,OK,200,1.54
19/06/2026,15:14:37,Europcar,https://www.europcar.com.mx/,OK,200,0.6
19/06/2026,17:06:26,Hertz,https://www.hertzmexico.com/,OK,200,0.33
19/06/2026,17:06:26,Dollar,https://dollarmexico.com.mx/,OK,200,0.31
19/06/2026,17:06:26,Thrifty,https://www.thrifty.com.mx/,Fallo,403,0.21
19/06/2026,17:06:26,Firefly,https://www.fireflycarrental.com.mx/,Fallo,403,0.22
19/06/2026,17:06:26,Avis,https://avis.mx/,OK,200,0.91
19/06/2026,17:06:26,National,https://nationalcar.com.mx/,OK,200,3.37
19/06/2026,17:06:26,Alamo,https://www.alamo.com.mx/es,OK,200,1.22
19/06/2026,17:06:26,Mex Rent A Car,https://mexrentacar.com/es/index,OK,200,1.67
19/06/2026,17:06:26,Budget,https://budget.com.mx/#/,OK,200,0.4
19/06/2026,17:06:26,Localiza,https://www.localiza.com/mexico/es-mx,OK,200,1.63
19/06/2026,17:06:26,Enterprise,https://enterprise.mx/,OK,200,1.26
19/06/2026,17:06:26,Europcar,https://www.europcar.com.mx/,OK,200,0.6
19/06/2026,22:21:07,Hertz,https://www.hertzmexico.com/,OK,200,0.43
19/06/2026,22:21:07,Dollar,https://dollarmexico.com.mx/,OK,200,0.47
19/06/2026,22:21:07,Thrifty,https://www.thrifty.com.mx/,Fallo,403,0.15
19/06/2026,22:21:07,Firefly,https://www.fireflycarrental.com.mx/,Fallo,403,0.16
19/06/2026,22:21:07,Avis,https://avis.mx/,OK,200,0.91
19/06/2026,22:21:07,National,https://nationalcar.com.mx/,OK,200,3.33
19/06/2026,22:21:07,Alamo,https://www.alamo.com.mx/es,OK,200,1.08
19/06/2026,22:21:07,Mex Rent A Car,https://mexrentacar.com/es/index,OK,200,0.87
19/06/2026,22:21:07,Budget,https://budget.com.mx/#/,OK,200,0.46
19/06/2026,22:21:07,Localiza,https://www.localiza.com/mexico/es-mx,OK,200,0.96
19/06/2026,22:21:07,Enterprise,https://enterprise.mx/,OK,200,1.09
19/06/2026,22:21:07,Europcar,https://www.europcar.com.mx/,OK,200,0.54
20/06/2026,03:30:14,Hertz,https://www.hertzmexico.com/,OK,200,0.36
20/06/2026,03:30:14,Dollar,https://dollarmexico.com.mx/,OK,200,0.36
20/06/2026,03:30:14,Thrifty,https://www.thrifty.com.mx/,OK,200,0.43
20/06/2026,03:30:14,Firefly,https://www.fireflycarrental.com.mx/,OK,200,0.46
20/06/2026,03:30:14,Avis,https://avis.mx/,OK,200,0.91
20/06/2026,03:30:14,National,https://nationalcar.com.mx/,OK,200,3.39
20/06/2026,03:30:14,Alamo,https://www.alamo.com.mx/es,OK,200,1.21
20/06/2026,03:30:14,Mex Rent A Car,https://mexrentacar.com/es/index,OK,200,1.6
20/06/2026,03:30:14,Budget,https://budget.com.mx/#/,OK,200,0.68
20/06/2026,03:30:14,Localiza,https://www.localiza.com/mexico/es-mx,OK,200,1.09
20/06/2026,03:30:14,Enterprise,https://enterprise.mx/,OK,200,1.12
20/06/2026,03:30:14,Europcar,https://www.europcar.com.mx/,OK,200,0.58
20/06/2026,06:03:26,Hertz,https://www.hertzmexico.com/,OK,200,0.32
20/06/2026,06:03:26,Dollar,https://dollarmexico.com.mx/,OK,200,0.82
20/06/2026,06:03:26,Thrifty,https://www.thrifty.com.mx/,OK,200,0.34
20/06/2026,06:03:26,Firefly,https://www.fireflycarrental.com.mx/,OK,200,0.99
20/06/2026,06:03:26,Avis,https://avis.mx/,OK,200,0.79
20/06/2026,06:03:26,National,https://nationalcar.com.mx/,OK,200,2.34
20/06/2026,06:03:26,Alamo,https://www.alamo.com.mx/es,OK,200,1.85
20/06/2026,06:03:26,Mex Rent A Car,https://mexrentacar.com/es/index,OK,200,0.89
20/06/2026,06:03:26,Budget,https://budget.com.mx/#/,OK,200,0.85
20/06/2026,06:03:26,Localiza,https://www.localiza.com/mexico/es-mx,OK,200,1.14
20/06/2026,06:03:26,Enterprise,https://enterprise.mx/,OK,200,0.45
20/06/2026,06:03:26,Europcar,https://www.europcar.com.mx/,OK,200,0.61
20/06/2026,09:48:36,Hertz,https://www.hertzmexico.com/,OK,200,0.37
20/06/2026,09:48:36,Dollar,https://dollarmexico.com.mx/,OK,200,0.36
20/06/2026,09:48:36,Thrifty,https://www.thrifty.com.mx/,OK,200,0.41
20/06/2026,09:48:36,Firefly,https://www.fireflycarrental.com.mx/,OK,200,0.54
20/06/2026,09:48:36,Avis,https://avis.mx/,OK,200,0.86
20/06/2026,09:48:36,National,https://nationalcar.com.mx/,OK,200,3.67
20/06/2026,09:48:36,Alamo,https://www.alamo.com.mx/es,OK,200,1.1
20/06/2026,09:48:36,Mex Rent A Car,https://mexrentacar.com/es/index,OK,200,1.93
20/06/2026,09:48:36,Budget,https://budget.com.mx/#/,OK,200,1.02
20/06/2026,09:48:36,Localiza,https://www.localiza.com/mexico/es-mx,OK,200,1.59
20/06/2026,09:48:36,Enterprise,https://enterprise.mx/,OK,200,1.58
20/06/2026,09:48:36,Europcar,https://www.europcar.com.mx/,OK,200,0.57
20/06/2026,11:41:22,Hertz,https://www.hertzmexico.com/,OK,200,0.29
20/06/2026,11:41:22,Dollar,https://dollarmexico.com.mx/,OK,200,0.93
20/06/2026,11:41:22,Thrifty,https://www.thrifty.com.mx/,Fallo,403,0.36
20/06/2026,11:41:22,Firefly,https://www.fireflycarrental.com.mx/,Fallo,403,0.14
20/06/2026,11:41:22,Avis,https://avis.mx/,OK,200,0.75
20/06/2026,11:41:22,National,https://nationalcar.com.mx/,OK,200,2.58
20/06/2026,11:41:22,Alamo,https://www.alamo.com.mx/es,OK,200,1.77
20/06/2026,11:41:22,Mex Rent A Car,https://mexrentacar.com/es/index,OK,200,1.04
20/06/2026,11:41:22,Budget,https://budget.com.mx/#/,OK,200,0.6
20/06/2026,11:41:22,Localiza,https://www.localiza.com/mexico/es-mx,OK,200,1.44
20/06/2026,11:41:22,Enterprise,https://enterprise.mx/,OK,200,0.46
20/06/2026,11:41:22,Europcar,https://www.europcar.com.mx/,OK,200,0.6
20/06/2026,13:47:56,Hertz,https://www.hertzmexico.com/,OK,200,0.28
20/06/2026,13:47:56,Dollar,https://dollarmexico.com.mx/,OK,200,0.33
20/06/2026,13:47:56,Thrifty,https://www.thrifty.com.mx/,OK,200,0.39
20/06/2026,13:47:56,Firefly,https://www.fireflycarrental.com.mx/,OK,200,0.37
20/06/2026,13:47:56,Avis,https://avis.mx/,OK,200,1.0
20/06/2026,13:47:56,National,https://nationalcar.com.mx/,OK,200,3.77
20/06/2026,13:47:56,Alamo,https://www.alamo.com.mx/es,OK,200,1.26
20/06/2026,13:47:56,Mex Rent A Car,https://mexrentacar.com/es/index,OK,200,1.84
20/06/2026,13:47:56,Budget,https://budget.com.mx/#/,OK,200,0.49
20/06/2026,13:47:56,Localiza,https://www.localiza.com/mexico/es-mx,OK,200,5.18
20/06/2026,13:47:56,Enterprise,https://enterprise.mx/,OK,200,1.39
20/06/2026,13:47:56,Europcar,https://www.europcar.com.mx/,OK,200,0.52
20/06/2026,15:24:10,Hertz,https://www.hertzmexico.com/,OK,200,0.35
20/06/2026,15:24:10,Dollar,https://dollarmexico.com.mx/,OK,200,0.67
20/06/2026,15:24:10,Thrifty,https://www.thrifty.com.mx/,OK,200,0.87
20/06/2026,15:24:10,Firefly,https://www.fireflycarrental.com.mx/,OK,200,0.96
20/06/2026,15:24:10,Avis,https://avis.mx/,OK,200,0.94
20/06/2026,15:24:10,National,https://nationalcar.com.mx/,OK,200,2.52
20/06/2026,15:24:10,Alamo,https://www.alamo.com.mx/es,OK,200,1.77
20/06/2026,15:24:10,Mex Rent A Car,https://mexrentacar.com/es/index,OK,200,1.04
20/06/2026,15:24:10,Budget,https://budget.com.mx/#/,OK,200,0.57
20/06/2026,15:24:10,Localiza,https://www.localiza.com/mexico/es-mx,OK,200,1.21
20/06/2026,15:24:10,Enterprise,https://enterprise.mx/,OK,200,0.42
20/06/2026,15:24:10,Europcar,https://www.europcar.com.mx/,OK,200,0.66
20/06/2026,17:17:29,Hertz,https://www.hertzmexico.com/,OK,200,0.38
20/06/2026,17:17:29,Dollar,https://dollarmexico.com.mx/,OK,200,0.37
20/06/2026,17:17:29,Thrifty,https://www.thrifty.com.mx/,Fallo,403,0.25
20/06/2026,17:17:29,Firefly,https://www.fireflycarrental.com.mx/,Fallo,403,0.13
20/06/2026,17:17:29,Avis,https://avis.mx/,OK,200,0.95
20/06/2026,17:17:29,National,https://nationalcar.com.mx/,OK,200,3.77
20/06/2026,17:17:29,Alamo,https://www.alamo.com.mx/es,OK,200,1.11
20/06/2026,17:17:29,Mex Rent A Car,https://mexrentacar.com/es/index,OK,200,2.0
20/06/2026,17:17:29,Budget,https://budget.com.mx/#/,OK,200,0.48
20/06/2026,17:17:29,Localiza,https://www.localiza.com/mexico/es-mx,OK,200,1.24
20/06/2026,17:17:29,Enterprise,https://enterprise.mx/,OK,200,1.56
20/06/2026,17:17:29,Europcar,https://www.europcar.com.mx/,OK,200,0.48
20/06/2026,23:05:01,Hertz,https://www.hertzmexico.com/,OK,200,0.27
20/06/2026,23:05:01,Dollar,https://dollarmexico.com.mx/,OK,200,0.56
20/06/2026,23:05:01,Thrifty,https://www.thrifty.com.mx/,Fallo,403,0.15
20/06/2026,23:05:01,Firefly,https://www.fireflycarrental.com.mx/,Fallo,403,0.21
20/06/2026,23:05:01,Avis,https://avis.mx/,OK,200,1.2
20/06/2026,23:05:01,National,https://nationalcar.com.mx/,OK,200,3.88
20/06/2026,23:05:01,Alamo,https://www.alamo.com.mx/es,OK,200,1.08
20/06/2026,23:05:01,Mex Rent A Car,https://mexrentacar.com/es/index,OK,200,1.12
20/06/2026,23:05:01,Budget,https://budget.com.mx/#/,OK,200,0.5
20/06/2026,23:05:01,Localiza,https://www.localiza.com/mexico/es-mx,OK,200,1.32
20/06/2026,23:05:01,Enterprise,https://enterprise.mx/,OK,200,1.46
20/06/2026,23:05:01,Europcar,https://www.europcar.com.mx/,OK,200,1.21
21/06/2026,04:00:22,Hertz,https://www.hertzmexico.com/,OK,200,0.37
21/06/2026,04:00:22,Dollar,https://dollarmexico.com.mx/,OK,200,0.44
21/06/2026,04:00:22,Thrifty,https://www.thrifty.com.mx/,Fallo,403,0.18
21/06/2026,04:00:22,Firefly,https://www.fireflycarrental.com.mx/,Fallo,403,0.21
21/06/2026,04:00:22,Avis,https://avis.mx/,OK,200,0.79
21/06/2026,04:00:22,National,https://nationalcar.com.mx/,OK,200,3.28
21/06/2026,04:00:22,Alamo,https://www.alamo.com.mx/es,OK,200,1.7
21/06/2026,04:00:22,Mex Rent A Car,https://mexrentacar.com/es/index,OK,200,0.93
21/06/2026,04:00:22,Budget,https://budget.com.mx/#/,OK,200,0.55
21/06/2026,04:00:22,Localiza,https://www.localiza.com/mexico/es-mx,OK,200,1.38
21/06/2026,04:00:22,Enterprise,https://enterprise.mx/,OK,200,1.07
21/06/2026,04:00:22,Europcar,https://www.europcar.com.mx/,OK,200,0.59
21/06/2026,06:18:33,Hertz,https://www.hertzmexico.com/,OK,200,0.57
21/06/2026,06:18:33,Dollar,https://dollarmexico.com.mx/,OK,200,0.52
21/06/2026,06:18:33,Thrifty,https://www.thrifty.com.mx/,Fallo,403,0.15
21/06/2026,06:18:33,Firefly,https://www.fireflycarrental.com.mx/,Fallo,403,0.14
21/06/2026,06:18:33,Avis,https://avis.mx/,OK,200,0.78
21/06/2026,06:18:33,National,https://nationalcar.com.mx/,OK,200,2.54
21/06/2026,06:18:33,Alamo,https://www.alamo.com.mx/es,OK,200,1.88
21/06/2026,06:18:33,Mex Rent A Car,https://mexrentacar.com/es/index,OK,200,1.04
21/06/2026,06:18:33,Budget,https://budget.com.mx/#/,OK,200,1.08
21/06/2026,06:18:33,Localiza,https://www.localiza.com/mexico/es-mx,OK,200,1.07
21/06/2026,06:18:33,Enterprise,https://enterprise.mx/,OK,200,0.54
21/06/2026,06:18:33,Europcar,https://www.europcar.com.mx/,OK,200,0.6
21/06/2026,10:00:32,Hertz,https://www.hertzmexico.com/,OK,200,0.39
21/06/2026,10:00:32,Dollar,https://dollarmexico.com.mx/,OK,200,0.37
21/06/2026,10:00:32,Thrifty,https://www.thrifty.com.mx/,Fallo,403,0.18
21/06/2026,10:00:32,Firefly,https://www.fireflycarrental.com.mx/,Fallo,403,0.17
21/06/2026,10:00:32,Avis,https://avis.mx/,OK,200,0.82
21/06/2026,10:00:32,National,https://nationalcar.com.mx/,OK,200,3.09
21/06/2026,10:00:32,Alamo,https://www.alamo.com.mx/es,OK,200,1.42
21/06/2026,10:00:32,Mex Rent A Car,https://mexrentacar.com/es/index,OK,200,1.09
21/06/2026,10:00:32,Budget,https://budget.com.mx/#/,OK,200,0.49
21/06/2026,10:00:32,Localiza,https://www.localiza.com/mexico/es-mx,OK,200,1.04
21/06/2026,10:00:32,Enterprise,https://enterprise.mx/,OK,200,0.91
21/06/2026,10:00:32,Europcar,https://www.europcar.com.mx/,OK,200,0.49
21/06/2026,11:48:38,Hertz,https://www.hertzmexico.com/,OK,200,0.29
21/06/2026,11:48:38,Dollar,https://dollarmexico.com.mx/,OK,200,0.56
21/06/2026,11:48:38,Thrifty,https://www.thrifty.com.mx/,OK,200,0.37
21/06/2026,11:48:38,Firefly,https://www.fireflycarrental.com.mx/,OK,200,0.38
21/06/2026,11:48:38,Avis,https://avis.mx/,OK,200,0.96
21/06/2026,11:48:38,National,https://nationalcar.com.mx/,OK,200,2.27
21/06/2026,11:48:38,Alamo,https://www.alamo.com.mx/es,OK,200,1.73
21/06/2026,11:48:38,Mex Rent A Car,https://mexrentacar.com/es/index,OK,200,0.93
21/06/2026,11:48:38,Budget,https://budget.com.mx/#/,OK,200,0.85
21/06/2026,11:48:38,Localiza,https://www.localiza.com/mexico/es-mx,OK,200,1.11
21/06/2026,11:48:38,Enterprise,https://enterprise.mx/,OK,200,0.58
21/06/2026,11:48:38,Europcar,https://www.europcar.com.mx/,OK,200,0.69
21/06/2026,13:54:57,Hertz,https://www.hertzmexico.com/,OK,200,0.4
21/06/2026,13:54:57,Dollar,https://dollarmexico.com.mx/,OK,200,2.15
21/06/2026,13:54:57,Thrifty,https://www.thrifty.com.mx/,Fallo,403,0.09
21/06/2026,13:54:57,Firefly,https://www.fireflycarrental.com.mx/,Fallo,403,0.1
21/06/2026,13:54:57,Avis,https://avis.mx/,OK,200,0.81
21/06/2026,13:54:57,National,https://nationalcar.com.mx/,OK,200,2.4
21/06/2026,13:54:57,Alamo,https://www.alamo.com.mx/es,OK,200,1.69
21/06/2026,13:54:57,Mex Rent A Car,https://mexrentacar.com/es/index,OK,200,0.92
21/06/2026,13:54:57,Budget,https://budget.com.mx/#/,OK,200,0.82
21/06/2026,13:54:57,Localiza,https://www.localiza.com/mexico/es-mx,OK,200,1.28
21/06/2026,13:54:57,Enterprise,https://enterprise.mx/,OK,200,0.42
21/06/2026,13:54:57,Europcar,https://www.europcar.com.mx/,OK,200,0.59
21/06/2026,15:23:00,Hertz,https://www.hertzmexico.com/,OK,200,0.34
21/06/2026,15:23:00,Dollar,https://dollarmexico.com.mx/,OK,200,0.6
21/06/2026,15:23:00,Thrifty,https://www.thrifty.com.mx/,Fallo,403,0.09
21/06/2026,15:23:00,Firefly,https://www.fireflycarrental.com.mx/,Fallo,403,0.1
21/06/2026,15:23:00,Avis,https://avis.mx/,OK,200,0.82
21/06/2026,15:23:00,National,https://nationalcar.com.mx/,OK,200,2.47
21/06/2026,15:23:00,Alamo,https://www.alamo.com.mx/es,OK,200,1.74
21/06/2026,15:23:00,Mex Rent A Car,https://mexrentacar.com/es/index,OK,200,0.93
21/06/2026,15:23:00,Budget,https://budget.com.mx/#/,OK,200,0.5
21/06/2026,15:23:00,Localiza,https://www.localiza.com/mexico/es-mx,OK,200,1.44
21/06/2026,15:23:00,Enterprise,https://enterprise.mx/,OK,200,0.48
21/06/2026,15:23:00,Europcar,https://www.europcar.com.mx/,OK,200,0.62
21/06/2026,17:23:22,Hertz,https://www.hertzmexico.com/,OK,200,0.3
21/06/2026,17:23:22,Dollar,https://dollarmexico.com.mx/,OK,200,0.36
21/06/2026,17:23:22,Thrifty,https://www.thrifty.com.mx/,OK,200,0.35
21/06/2026,17:23:22,Firefly,https://www.fireflycarrental.com.mx/,OK,200,0.39
21/06/2026,17:23:22,Avis,https://avis.mx/,OK,200,0.87
21/06/2026,17:23:22,National,https://nationalcar.com.mx/,OK,200,3.65
21/06/2026,17:23:22,Alamo,https://www.alamo.com.mx/es,OK,200,1.3
21/06/2026,17:23:22,Mex Rent A Car,https://mexrentacar.com/es/index,OK,200,1.86
21/06/2026,17:23:22,Budget,https://budget.com.mx/#/,OK,200,1.01
21/06/2026,17:23:22,Localiza,https://www.localiza.com/mexico/es-mx,OK,200,1.25
21/06/2026,17:23:22,Enterprise,https://enterprise.mx/,OK,200,1.43
21/06/2026,17:23:22,Europcar,https://www.europcar.com.mx/,OK,200,0.6
21/06/2026,23:14:48,Hertz,https://www.hertzmexico.com/,OK,200,0.29
21/06/2026,23:14:48,Dollar,https://dollarmexico.com.mx/,OK,200,0.33
21/06/2026,23:14:48,Thrifty,https://www.thrifty.com.mx/,OK,200,1.7
21/06/2026,23:14:48,Firefly,https://www.fireflycarrental.com.mx/,OK,200,0.35
21/06/2026,23:14:48,Avis,https://avis.mx/,OK,200,0.82
21/06/2026,23:14:48,National,https://nationalcar.com.mx/,OK,200,2.29
21/06/2026,23:14:48,Alamo,https://www.alamo.com.mx/es,OK,200,1.72
21/06/2026,23:14:48,Mex Rent A Car,https://mexrentacar.com/es/index,OK,200,0.81
21/06/2026,23:14:48,Budget,https://budget.com.mx/#/,OK,200,0.85
21/06/2026,23:14:48,Localiza,https://www.localiza.com/mexico/es-mx,OK,200,1.13
21/06/2026,23:14:48,Enterprise,https://enterprise.mx/,OK,200,0.48
21/06/2026,23:14:48,Europcar,https://www.europcar.com.mx/,OK,200,1.58
22/06/2026,06:19:54,Hertz,https://www.hertzmexico.com/,OK,200,0.4
22/06/2026,06:19:54,Dollar,https://dollarmexico.com.mx/,OK,200,0.39
22/06/2026,06:19:54,Thrifty,https://www.thrifty.com.mx/,Fallo,403,0.17
22/06/2026,06:19:54,Firefly,https://www.fireflycarrental.com.mx/,Fallo,403,0.18
22/06/2026,06:19:54,Avis,https://avis.mx/,OK,200,0.74
22/06/2026,06:19:54,National,https://nationalcar.com.mx/,OK,200,3.35
22/06/2026,06:19:54,Alamo,https://www.alamo.com.mx/es,OK,200,1.23
22/06/2026,06:19:54,Mex Rent A Car,https://mexrentacar.com/es/index,OK,200,1.45
22/06/2026,06:19:54,Budget,https://budget.com.mx/#/,OK,200,0.72
22/06/2026,06:19:54,Localiza,https://www.localiza.com/mexico/es-mx,OK,200,1.46
22/06/2026,06:19:54,Enterprise,https://enterprise.mx/,OK,200,1.19
22/06/2026,06:19:54,Europcar,https://www.europcar.com.mx/,OK,200,0.7
22/06/2026,12:15:22,Hertz,https://www.hertzmexico.com/,OK,200,0.37
22/06/2026,12:15:22,Dollar,https://dollarmexico.com.mx/,OK,200,0.35
22/06/2026,12:15:22,Thrifty,https://www.thrifty.com.mx/,Fallo,403,0.17
22/06/2026,12:15:22,Firefly,https://www.fireflycarrental.com.mx/,Fallo,403,0.2
22/06/2026,12:15:22,Avis,https://avis.mx/,OK,200,0.79
22/06/2026,12:15:22,National,https://nationalcar.com.mx/,OK,200,3.33
22/06/2026,12:15:22,Alamo,https://www.alamo.com.mx/es,OK,200,1.37
22/06/2026,12:15:22,Mex Rent A Car,https://mexrentacar.com/es/index,OK,200,1.43
22/06/2026,12:15:22,Budget,https://budget.com.mx/#/,OK,200,0.69
22/06/2026,12:15:22,Localiza,https://www.localiza.com/mexico/es-mx,OK,200,1.42
22/06/2026,12:15:22,Enterprise,https://enterprise.mx/,OK,200,1.26
22/06/2026,12:15:22,Europcar,https://www.europcar.com.mx/,OK,200,0.93
22/06/2026,16:10:00,Hertz,https://www.hertzmexico.com/,OK,200,0.56
22/06/2026,16:10:00,Dollar,https://dollarmexico.com.mx/,OK,200,0.5
22/06/2026,16:10:00,Thrifty,https://www.thrifty.com.mx/,OK,200,0.51
22/06/2026,16:10:00,Firefly,https://www.fireflycarrental.com.mx/,OK,200,0.51
22/06/2026,16:10:00,Avis,https://avis.mx/,OK,200,0.88
22/06/2026,16:10:00,National,https://nationalcar.com.mx/,OK,200,3.44
22/06/2026,16:10:00,Alamo,https://www.alamo.com.mx/es,OK,200,1.29
22/06/2026,16:10:00,Mex Rent A Car,https://mexrentacar.com/es/index,OK,200,0.88
22/06/2026,16:10:00,Budget,https://budget.com.mx/#/,OK,200,0.56
22/06/2026,16:10:00,Localiza,https://www.localiza.com/mexico/es-mx,OK,200,1.24
22/06/2026,16:10:00,Enterprise,https://enterprise.mx/,OK,200,1.15
22/06/2026,16:10:00,Europcar,https://www.europcar.com.mx/,OK,200,0.59
22/06/2026,22:10:31,Hertz,https://www.hertzmexico.com/,OK,200,0.66
22/06/2026,22:10:31,Dollar,https://dollarmexico.com.mx/,OK,200,0.56
22/06/2026,22:10:31,Thrifty,https://www.thrifty.com.mx/,OK,200,0.46
22/06/2026,22:10:31,Firefly,https://www.fireflycarrental.com.mx/,OK,200,0.46
22/06/2026,22:10:31,Avis,https://avis.mx/,OK,200,0.89
22/06/2026,22:10:31,National,https://nationalcar.com.mx/,OK,200,3.32
22/06/2026,22:10:31,Alamo,https://www.alamo.com.mx/es,OK,200,1.12
22/06/2026,22:10:31,Mex Rent A Car,https://mexrentacar.com/es/index,OK,200,1.63
22/06/2026,22:10:31,Budget,https://budget.com.mx/#/,OK,200,0.65
22/06/2026,22:10:31,Localiza,https://www.localiza.com/mexico/es-mx,OK,200,1.1
22/06/2026,22:10:31,Enterprise,https://enterprise.mx/,OK,200,1.1
22/06/2026,22:10:31,Europcar,https://www.europcar.com.mx/,OK,200,0.56
23/06/2026,03:57:47,Hertz,https://www.hertzmexico.com/,OK,200,0.78
23/06/2026,03:57:47,Dollar,https://dollarmexico.com.mx/,OK,200,0.62
23/06/2026,03:57:47,Thrifty,https://www.thrifty.com.mx/,Fallo,403,0.06
23/06/2026,03:57:47,Firefly,https://www.fireflycarrental.com.mx/,Fallo,403,0.1
23/06/2026,03:57:47,Avis,https://avis.mx/,OK,200,0.75
23/06/2026,03:57:47,National,https://nationalcar.com.mx/,OK,200,2.24
23/06/2026,03:57:47,Alamo,https://www.alamo.com.mx/es,OK,200,1.76
23/06/2026,03:57:47,Mex Rent A Car,https://mexrentacar.com/es/index,OK,200,0.88
23/06/2026,03:57:47,Budget,https://budget.com.mx/#/,OK,200,0.79
23/06/2026,03:57:47,Localiza,https://www.localiza.com/mexico/es-mx,OK,200,0.94
23/06/2026,03:57:47,Enterprise,https://enterprise.mx/,OK,200,0.43
23/06/2026,03:57:47,Europcar,https://www.europcar.com.mx/,OK,200,0.56
23/06/2026,06:42:49,Hertz,https://www.hertzmexico.com/,OK,200,0.61
23/06/2026,06:42:49,Dollar,https://dollarmexico.com.mx/,OK,200,0.48
23/06/2026,06:42:49,Thrifty,https://www.thrifty.com.mx/,OK,200,0.58
23/06/2026,06:42:49,Firefly,https://www.fireflycarrental.com.mx/,OK,200,0.51
23/06/2026,06:42:49,Avis,https://avis.mx/,OK,200,3.09
23/06/2026,06:42:49,National,https://nationalcar.com.mx/,OK,200,3.78
23/06/2026,06:42:49,Alamo,https://www.alamo.com.mx/es,OK,200,1.48
23/06/2026,06:42:49,Mex Rent A Car,https://mexrentacar.com/es/index,OK,200,1.9
23/06/2026,06:42:49,Budget,https://budget.com.mx/#/,OK,200,0.52
23/06/2026,06:42:49,Localiza,https://www.localiza.com/mexico/es-mx,OK,200,1.76
23/06/2026,06:42:49,Enterprise,https://enterprise.mx/,OK,200,1.32
23/06/2026,06:42:49,Europcar,https://www.europcar.com.mx/,OK,200,0.5
23/06/2026,10:30:06,Hertz,https://www.hertzmexico.com/,OK,200,0.71
23/06/2026,10:30:06,Dollar,https://dollarmexico.com.mx/,OK,200,0.55
23/06/2026,10:30:06,Thrifty,https://www.thrifty.com.mx/,OK,200,0.58
23/06/2026,10:30:06,Firefly,https://www.fireflycarrental.com.mx/,OK,200,0.57
23/06/2026,10:30:06,Avis,https://avis.mx/,OK,200,0.89
23/06/2026,10:30:06,National,https://nationalcar.com.mx/,OK,200,3.75
23/06/2026,10:30:06,Alamo,https://www.alamo.com.mx/es,OK,200,1.39
23/06/2026,10:30:06,Mex Rent A Car,https://mexrentacar.com/es/index,OK,200,1.8
23/06/2026,10:30:06,Budget,https://budget.com.mx/#/,OK,200,0.97
23/06/2026,10:30:06,Localiza,https://www.localiza.com/mexico/es-mx,OK,200,1.49
23/06/2026,10:30:06,Enterprise,https://enterprise.mx/,OK,200,1.36
23/06/2026,10:30:06,Europcar,https://www.europcar.com.mx/,OK,200,1.6
23/06/2026,14:15:58,Hertz,https://www.hertzmexico.com/,OK,200,0.6
23/06/2026,14:15:58,Dollar,https://dollarmexico.com.mx/,OK,200,0.52
23/06/2026,14:15:58,Thrifty,https://www.thrifty.com.mx/,Fallo,403,0.19
23/06/2026,14:15:58,Firefly,https://www.fireflycarrental.com.mx/,Fallo,403,0.19
23/06/2026,14:15:58,Avis,https://avis.mx/,OK,200,1.1
23/06/2026,14:15:58,National,https://nationalcar.com.mx/,OK,200,3.89
23/06/2026,14:15:58,Alamo,https://www.alamo.com.mx/es,OK,200,1.11
23/06/2026,14:15:58,Mex Rent A Car,https://mexrentacar.com/es/index,OK,200,1.13
23/06/2026,14:15:58,Budget,https://budget.com.mx/#/,OK,200,0.46
23/06/2026,14:15:58,Localiza,https://www.localiza.com/mexico/es-mx,OK,200,1.12
23/06/2026,14:15:58,Enterprise,https://enterprise.mx/,OK,200,1.44
23/06/2026,14:15:58,Europcar,https://www.europcar.com.mx/,OK,200,0.49
23/06/2026,17:14:17,Hertz,https://www.hertzmexico.com/,OK,200,0.54
23/06/2026,17:14:17,Dollar,https://dollarmexico.com.mx/,OK,200,0.49
23/06/2026,17:14:17,Thrifty,https://www.thrifty.com.mx/,OK,200,0.61
23/06/2026,17:14:17,Firefly,https://www.fireflycarrental.com.mx/,OK,200,0.54
23/06/2026,17:14:17,Avis,https://avis.mx/,OK,200,0.91
23/06/2026,17:14:17,National,https://nationalcar.com.mx/,OK,200,3.67
23/06/2026,17:14:17,Alamo,https://www.alamo.com.mx/es,OK,200,1.15
23/06/2026,17:14:17,Mex Rent A Car,https://mexrentacar.com/es/index,OK,200,1.91
23/06/2026,17:14:17,Budget,https://budget.com.mx/#/,OK,200,0.93
23/06/2026,17:14:17,Localiza,https://www.localiza.com/mexico/es-mx,OK,200,1.08
23/06/2026,17:14:17,Enterprise,https://enterprise.mx/,OK,200,1.45
23/06/2026,17:14:17,Europcar,https://www.europcar.com.mx/,OK,200,0.47
23/06/2026,22:13:44,Hertz,https://www.hertzmexico.com/,OK,200,0.7
23/06/2026,22:13:44,Dollar,https://dollarmexico.com.mx/,OK,200,0.53
23/06/2026,22:13:44,Thrifty,https://www.thrifty.com.mx/,OK,200,0.53
23/06/2026,22:13:44,Firefly,https://www.fireflycarrental.com.mx/,OK,200,0.67
23/06/2026,22:13:44,Avis,https://avis.mx/,OK,200,0.71
23/06/2026,22:13:44,National,https://nationalcar.com.mx/,OK,200,3.31
23/06/2026,22:13:44,Alamo,https://www.alamo.com.mx/es,OK,200,1.25
23/06/2026,22:13:44,Mex Rent A Car,https://mexrentacar.com/es/index,OK,200,1.37
23/06/2026,22:13:44,Budget,https://budget.com.mx/#/,OK,200,0.54
23/06/2026,22:13:44,Localiza,https://www.localiza.com/mexico/es-mx,OK,200,1.6
23/06/2026,22:13:44,Enterprise,https://enterprise.mx/,OK,200,1.05
23/06/2026,22:13:44,Europcar,https://www.europcar.com.mx/,OK,200,0.64
24/06/2026,03:45:04,Hertz,https://www.hertzmexico.com/,OK,200,0.65
24/06/2026,03:45:04,Dollar,https://dollarmexico.com.mx/,OK,200,0.53
24/06/2026,03:45:04,Thrifty,https://www.thrifty.com.mx/,Fallo,403,0.19
24/06/2026,03:45:04,Firefly,https://www.fireflycarrental.com.mx/,Fallo,403,0.15
24/06/2026,03:45:04,Avis,https://avis.mx/,OK,200,0.86
24/06/2026,03:45:04,National,https://nationalcar.com.mx/,OK,200,3.27
24/06/2026,03:45:04,Alamo,https://www.alamo.com.mx/es,OK,200,1.36
24/06/2026,03:45:04,Mex Rent A Car,https://mexrentacar.com/es/index,OK,200,1.5
24/06/2026,03:45:04,Budget,https://budget.com.mx/#/,OK,200,0.56
24/06/2026,03:45:04,Localiza,https://www.localiza.com/mexico/es-mx,OK,200,1.42
24/06/2026,03:45:04,Enterprise,https://enterprise.mx/,OK,200,1.15
24/06/2026,03:45:04,Europcar,https://www.europcar.com.mx/,OK,200,0.44
24/06/2026,06:23:58,Hertz,https://www.hertzmexico.com/,OK,200,0.55
24/06/2026,06:23:58,Dollar,https://dollarmexico.com.mx/,OK,200,0.52
24/06/2026,06:23:58,Thrifty,https://www.thrifty.com.mx/,Fallo,403,0.14
24/06/2026,06:23:58,Firefly,https://www.fireflycarrental.com.mx/,Fallo,403,0.16
24/06/2026,06:23:58,Avis,https://avis.mx/,OK,200,0.79
24/06/2026,06:23:58,National,https://nationalcar.com.mx/,OK,200,3.28
24/06/2026,06:23:58,Alamo,https://www.alamo.com.mx/es,OK,200,1.27
24/06/2026,06:23:58,Mex Rent A Car,https://mexrentacar.com/es/index,OK,200,0.77
24/06/2026,06:23:58,Budget,https://budget.com.mx/#/,OK,200,0.7
24/06/2026,06:23:58,Localiza,https://www.localiza.com/mexico/es-mx,OK,200,1.56
24/06/2026,06:23:58,Enterprise,https://enterprise.mx/,OK,200,1.07
24/06/2026,06:23:58,Europcar,https://www.europcar.com.mx/,OK,200,1.46
24/06/2026,10:27:08,Hertz,https://www.hertzmexico.com/,OK,200,0.53
24/06/2026,10:27:08,Dollar,https://dollarmexico.com.mx/,OK,200,0.52
24/06/2026,10:27:08,Thrifty,https://www.thrifty.com.mx/,Fallo,403,0.12
24/06/2026,10:27:08,Firefly,https://www.fireflycarrental.com.mx/,Fallo,403,0.21
24/06/2026,10:27:08,Avis,https://avis.mx/,OK,200,0.99
24/06/2026,10:27:08,National,https://nationalcar.com.mx/,OK,200,3.7
24/06/2026,10:27:08,Alamo,https://www.alamo.com.mx/es,OK,200,1.13
24/06/2026,10:27:08,Mex Rent A Car,https://mexrentacar.com/es/index,OK,200,1.56
24/06/2026,10:27:08,Budget,https://budget.com.mx/#/,OK,200,1.03
24/06/2026,10:27:08,Localiza,https://www.localiza.com/mexico/es-mx,OK,200,1.23
24/06/2026,10:27:08,Enterprise,https://enterprise.mx/,OK,200,1.53
24/06/2026,10:27:08,Europcar,https://www.europcar.com.mx/,OK,200,0.81
24/06/2026,13:57:36,Hertz,https://www.hertzmexico.com/,OK,200,0.69
24/06/2026,13:57:36,Dollar,https://dollarmexico.com.mx/,OK,200,0.73
24/06/2026,13:57:36,Thrifty,https://www.thrifty.com.mx/,Fallo,403,0.09
24/06/2026,13:57:36,Firefly,https://www.fireflycarrental.com.mx/,Fallo,403,0.05
24/06/2026,13:57:36,Avis,https://avis.mx/,OK,200,0.74
24/06/2026,13:57:36,National,https://nationalcar.com.mx/,OK,200,2.17
24/06/2026,13:57:36,Alamo,https://www.alamo.com.mx/es,OK,200,1.69
24/06/2026,13:57:36,Mex Rent A Car,https://mexrentacar.com/es/index,OK,200,0.79
24/06/2026,13:57:36,Budget,https://budget.com.mx/#/,OK,200,0.81
24/06/2026,13:57:36,Localiza,https://www.localiza.com/mexico/es-mx,OK,200,1.01
24/06/2026,13:57:36,Enterprise,https://enterprise.mx/,OK,200,0.35
24/06/2026,13:57:36,Europcar,https://www.europcar.com.mx/,OK,200,0.55
24/06/2026,15:39:50,Hertz,https://www.hertzmexico.com/,OK,200,0.79
24/06/2026,15:39:50,Dollar,https://dollarmexico.com.mx/,OK,200,0.66
24/06/2026,15:39:50,Thrifty,https://www.thrifty.com.mx/,OK,200,0.64
24/06/2026,15:39:50,Firefly,https://www.fireflycarrental.com.mx/,OK,200,0.77
24/06/2026,15:39:50,Avis,https://avis.mx/,OK,200,0.8
24/06/2026,15:39:50,National,https://nationalcar.com.mx/,OK,200,2.74
24/06/2026,15:39:50,Alamo,https://www.alamo.com.mx/es,OK,200,1.71
24/06/2026,15:39:50,Mex Rent A Car,https://mexrentacar.com/es/index,OK,200,1.04
24/06/2026,15:39:50,Budget,https://budget.com.mx/#/,OK,200,0.95
24/06/2026,15:39:50,Localiza,https://www.localiza.com/mexico/es-mx,OK,200,1.69
24/06/2026,15:39:50,Enterprise,https://enterprise.mx/,OK,200,0.39
24/06/2026,15:39:50,Europcar,https://www.europcar.com.mx/,OK,200,0.62
24/06/2026,17:13:48,Hertz,https://www.hertzmexico.com/,OK,200,0.74
24/06/2026,17:13:48,Dollar,https://dollarmexico.com.mx/,OK,200,0.63
24/06/2026,17:13:48,Thrifty,https://www.thrifty.com.mx/,OK,200,0.65
24/06/2026,17:13:48,Firefly,https://www.fireflycarrental.com.mx/,OK,200,0.7
24/06/2026,17:13:48,Avis,https://avis.mx/,OK,200,0.77
24/06/2026,17:13:48,National,https://nationalcar.com.mx/,OK,200,2.62
24/06/2026,17:13:48,Alamo,https://www.alamo.com.mx/es,OK,200,1.78
24/06/2026,17:13:48,Mex Rent A Car,https://mexrentacar.com/es/index,OK,200,1.03
24/06/2026,17:13:48,Budget,https://budget.com.mx/#/,OK,200,0.56
24/06/2026,17:13:48,Localiza,https://www.localiza.com/mexico/es-mx,OK,200,1.94
24/06/2026,17:13:48,Enterprise,https://enterprise.mx/,OK,200,0.49
24/06/2026,17:13:48,Europcar,https://www.europcar.com.mx/,OK,200,0.63
24/06/2026,22:14:01,Hertz,https://www.hertzmexico.com/,OK,200,0.72
24/06/2026,22:14:01,Dollar,https://dollarmexico.com.mx/,OK,200,0.59
24/06/2026,22:14:01,Thrifty,https://www.thrifty.com.mx/,OK,200,0.62
24/06/2026,22:14:01,Firefly,https://www.fireflycarrental.com.mx/,OK,200,0.61
24/06/2026,22:14:01,Avis,https://avis.mx/,OK,200,1.04
24/06/2026,22:14:01,National,https://nationalcar.com.mx/,OK,200,2.31
24/06/2026,22:14:01,Alamo,https://www.alamo.com.mx/es,OK,200,1.7
24/06/2026,22:14:01,Mex Rent A Car,https://mexrentacar.com/es/index,OK,200,0.83
24/06/2026,22:14:01,Budget,https://budget.com.mx/#/,OK,200,0.86
24/06/2026,22:14:01,Localiza,https://www.localiza.com/mexico/es-mx,OK,200,1.07
24/06/2026,22:14:01,Enterprise,https://enterprise.mx/,OK,200,0.4
24/06/2026,22:14:01,Europcar,https://www.europcar.com.mx/,OK,200,0.71
25/06/2026,03:35:58,Hertz,https://www.hertzmexico.com/,OK,200,0.6
25/06/2026,03:35:58,Dollar,https://dollarmexico.com.mx/,OK,200,0.46
25/06/2026,03:35:58,Thrifty,https://www.thrifty.com.mx/,OK,200,0.53
25/06/2026,03:35:58,Firefly,https://www.fireflycarrental.com.mx/,OK,200,0.61
25/06/2026,03:35:58,Avis,https://avis.mx/,OK,200,0.89
25/06/2026,03:35:58,National,https://nationalcar.com.mx/,OK,200,3.66
25/06/2026,03:35:58,Alamo,https://www.alamo.com.mx/es,OK,200,1.1
25/06/2026,03:35:58,Mex Rent A Car,https://mexrentacar.com/es/index,OK,200,2.09
25/06/2026,03:35:58,Budget,https://budget.com.mx/#/,OK,200,0.99
25/06/2026,03:35:58,Localiza,https://www.localiza.com/mexico/es-mx,OK,200,2.24
25/06/2026,03:35:58,Enterprise,https://enterprise.mx/,OK,200,1.35
25/06/2026,03:35:58,Europcar,https://www.europcar.com.mx/,OK,200,0.48
25/06/2026,06:28:13,Hertz,https://www.hertzmexico.com/,OK,200,0.59
25/06/2026,06:28:13,Dollar,https://dollarmexico.com.mx/,OK,200,0.51
25/06/2026,06:28:13,Thrifty,https://www.thrifty.com.mx/,OK,200,0.71
25/06/2026,06:28:13,Firefly,https://www.fireflycarrental.com.mx/,OK,200,0.52
25/06/2026,06:28:13,Avis,https://avis.mx/,OK,200,0.89
25/06/2026,06:28:13,National,https://nationalcar.com.mx/,OK,200,3.36
25/06/2026,06:28:13,Alamo,https://www.alamo.com.mx/es,OK,200,1.24
25/06/2026,06:28:13,Mex Rent A Car,https://mexrentacar.com/es/index,OK,200,1.63
25/06/2026,06:28:13,Budget,https://budget.com.mx/#/,OK,200,0.47
25/06/2026,06:28:13,Localiza,https://www.localiza.com/mexico/es-mx,OK,200,1.18
25/06/2026,06:28:13,Enterprise,https://enterprise.mx/,OK,200,1.17
25/06/2026,06:28:13,Europcar,https://www.europcar.com.mx/,OK,200,0.6
25/06/2026,10:30:33,Hertz,https://www.hertzmexico.com/,OK,200,1.46
25/06/2026,10:30:33,Dollar,https://dollarmexico.com.mx/,OK,200,0.45
25/06/2026,10:30:33,Thrifty,https://www.thrifty.com.mx/,Fallo,403,0.11
25/06/2026,10:30:33,Firefly,https://www.fireflycarrental.com.mx/,Fallo,403,0.31
25/06/2026,10:30:33,Avis,https://avis.mx/,OK,200,0.85
25/06/2026,10:30:33,National,https://nationalcar.com.mx/,OK,200,3.69
25/06/2026,10:30:33,Alamo,https://www.alamo.com.mx/es,OK,200,1.32
25/06/2026,10:30:33,Mex Rent A Car,https://mexrentacar.com/es/index,OK,200,1.16
25/06/2026,10:30:33,Budget,https://budget.com.mx/#/,OK,200,1.02
25/06/2026,10:30:33,Localiza,https://www.localiza.com/mexico/es-mx,OK,200,1.46
25/06/2026,10:30:33,Enterprise,https://enterprise.mx/,OK,200,1.39
25/06/2026,10:30:33,Europcar,https://www.europcar.com.mx/,OK,200,0.53
25/06/2026,14:13:01,Hertz,https://www.hertzmexico.com/,OK,200,0.59
25/06/2026,14:13:01,Dollar,https://dollarmexico.com.mx/,OK,200,0.57
25/06/2026,14:13:01,Thrifty,https://www.thrifty.com.mx/,Fallo,403,0.26
25/06/2026,14:13:01,Firefly,https://www.fireflycarrental.com.mx/,Fallo,403,0.22
25/06/2026,14:13:01,Avis,https://avis.mx/,OK,200,0.89
25/06/2026,14:13:01,National,https://nationalcar.com.mx/,OK,200,3.79
25/06/2026,14:13:01,Alamo,https://www.alamo.com.mx/es,OK,200,1.12
25/06/2026,14:13:01,Mex Rent A Car,https://mexrentacar.com/es/index,OK,200,1.84
25/06/2026,14:13:01,Budget,https://budget.com.mx/#/,OK,200,0.53
25/06/2026,14:13:01,Localiza,https://www.localiza.com/mexico/es-mx,OK,200,1.01
25/06/2026,14:13:01,Enterprise,https://enterprise.mx/,OK,200,1.54
25/06/2026,14:13:01,Europcar,https://www.europcar.com.mx/,OK,200,0.45
25/06/2026,17:24:24,Hertz,https://www.hertzmexico.com/,OK,200,0.56
25/06/2026,17:24:24,Dollar,https://dollarmexico.com.mx/,OK,200,0.53
25/06/2026,17:24:24,Thrifty,https://www.thrifty.com.mx/,Fallo,403,0.15
25/06/2026,17:24:24,Firefly,https://www.fireflycarrental.com.mx/,Fallo,403,0.18
25/06/2026,17:24:24,Avis,https://avis.mx/,OK,200,0.79
25/06/2026,17:24:24,National,https://nationalcar.com.mx/,OK,200,3.71
25/06/2026,17:24:24,Alamo,https://www.alamo.com.mx/es,OK,200,1.25
25/06/2026,17:24:24,Mex Rent A Car,https://mexrentacar.com/es/index,OK,200,1.94
25/06/2026,17:24:24,Budget,https://budget.com.mx/#/,OK,200,0.53
25/06/2026,17:24:24,Localiza,https://www.localiza.com/mexico/es-mx,OK,200,1.42
25/06/2026,17:24:24,Enterprise,https://enterprise.mx/,OK,200,1.35
25/06/2026,17:24:24,Europcar,https://www.europcar.com.mx/,OK,200,0.47
25/06/2026,22:20:20,Hertz,https://www.hertzmexico.com/,OK,200,2.15
25/06/2026,22:20:20,Dollar,https://dollarmexico.com.mx/,OK,200,0.58
25/06/2026,22:20:20,Thrifty,https://www.thrifty.com.mx/,Fallo,403,0.1
25/06/2026,22:20:20,Firefly,https://www.fireflycarrental.com.mx/,Fallo,403,0.12
25/06/2026,22:20:20,Avis,https://avis.mx/,OK,200,0.75
25/06/2026,22:20:20,National,https://nationalcar.com.mx/,OK,200,2.37
25/06/2026,22:20:20,Alamo,https://www.alamo.com.mx/es,OK,200,1.75
25/06/2026,22:20:20,Mex Rent A Car,https://mexrentacar.com/es/index,OK,200,0.88
25/06/2026,22:20:20,Budget,https://budget.com.mx/#/,OK,200,0.57
25/06/2026,22:20:20,Localiza,https://www.localiza.com/mexico/es-mx,OK,200,1.03
25/06/2026,22:20:20,Enterprise,https://enterprise.mx/,OK,200,0.4
25/06/2026,22:20:20,Europcar,https://www.europcar.com.mx/,OK,200,0.65
26/06/2026,03:42:06,Hertz,https://www.hertzmexico.com/,OK,200,7.28
26/06/2026,03:42:06,Dollar,https://dollarmexico.com.mx/,OK,200,16.16
26/06/2026,03:42:06,Thrifty,https://www.thrifty.com.mx/,Fallo,403,0.14
26/06/2026,03:42:06,Firefly,https://www.fireflycarrental.com.mx/,Fallo,403,0.16
26/06/2026,03:42:06,Avis,https://avis.mx/,OK,200,1.11
26/06/2026,03:42:06,National,https://nationalcar.com.mx/,OK,200,2.58
26/06/2026,03:42:06,Alamo,https://www.alamo.com.mx/es,OK,200,1.66
26/06/2026,03:42:06,Mex Rent A Car,https://mexrentacar.com/es/index,OK,200,0.85
26/06/2026,03:42:06,Budget,https://budget.com.mx/#/,OK,200,1.13
26/06/2026,03:42:06,Localiza,https://www.localiza.com/mexico/es-mx,OK,200,1.34
26/06/2026,03:42:06,Enterprise,https://enterprise.mx/,OK,200,1.0
26/06/2026,03:42:06,Europcar,https://www.europcar.com.mx/,OK,200,1.83
26/06/2026,06:18:43,Hertz,https://www.hertzmexico.com/,OK,200,0.76
26/06/2026,06:18:43,Dollar,https://dollarmexico.com.mx/,OK,200,0.59
26/06/2026,06:18:43,Thrifty,https://www.thrifty.com.mx/,Fallo,403,0.05
26/06/2026,06:18:43,Firefly,https://www.fireflycarrental.com.mx/,Fallo,403,0.08
26/06/2026,06:18:43,Avis,https://avis.mx/,OK,200,0.75
26/06/2026,06:18:43,National,https://nationalcar.com.mx/,OK,200,2.31
26/06/2026,06:18:43,Alamo,https://www.alamo.com.mx/es,OK,200,1.68
26/06/2026,06:18:43,Mex Rent A Car,https://mexrentacar.com/es/index,OK,200,0.78
26/06/2026,06:18:43,Budget,https://budget.com.mx/#/,OK,200,0.99
26/06/2026,06:18:43,Localiza,https://www.localiza.com/mexico/es-mx,OK,200,1.38
26/06/2026,06:18:43,Enterprise,https://enterprise.mx/,OK,200,0.4
26/06/2026,06:18:43,Europcar,https://www.europcar.com.mx/,OK,200,0.64
26/06/2026,10:23:08,Hertz,https://www.hertzmexico.com/,OK,200,0.51
26/06/2026,10:23:08,Dollar,https://dollarmexico.com.mx/,OK,200,0.55
26/06/2026,10:23:08,Thrifty,https://www.thrifty.com.mx/,OK,200,1.12
26/06/2026,10:23:08,Firefly,https://www.fireflycarrental.com.mx/,OK,200,0.53
26/06/2026,10:23:08,Avis,https://avis.mx/,OK,200,0.94
26/06/2026,10:23:08,National,https://nationalcar.com.mx/,OK,200,3.74
26/06/2026,10:23:08,Alamo,https://www.alamo.com.mx/es,OK,200,1.23
26/06/2026,10:23:08,Mex Rent A Car,https://mexrentacar.com/es/index,OK,200,1.79
26/06/2026,10:23:08,Budget,https://budget.com.mx/#/,OK,200,0.96
26/06/2026,10:23:08,Localiza,https://www.localiza.com/mexico/es-mx,OK,200,1.05
26/06/2026,10:23:08,Enterprise,https://enterprise.mx/,OK,200,1.42
26/06/2026,10:23:08,Europcar,https://www.europcar.com.mx/,OK,200,0.49
26/06/2026,14:00:36,Hertz,https://www.hertzmexico.com/,OK,200,1.49
26/06/2026,14:00:36,Dollar,https://dollarmexico.com.mx/,OK,200,0.5
26/06/2026,14:00:36,Thrifty,https://www.thrifty.com.mx/,Fallo,403,0.19
26/06/2026,14:00:36,Firefly,https://www.fireflycarrental.com.mx/,Fallo,403,0.3
26/06/2026,14:00:36,Avis,https://avis.mx/,OK,200,1.01
26/06/2026,14:00:36,National,https://nationalcar.com.mx/,OK,200,3.76
26/06/2026,14:00:36,Alamo,https://www.alamo.com.mx/es,OK,200,1.19
26/06/2026,14:00:36,Mex Rent A Car,https://mexrentacar.com/es/index,OK,200,1.95
26/06/2026,14:00:36,Budget,https://budget.com.mx/#/,OK,200,1.05
26/06/2026,14:00:36,Localiza,https://www.localiza.com/mexico/es-mx,OK,200,4.84
26/06/2026,14:00:36,Enterprise,https://enterprise.mx/,OK,200,1.44
26/06/2026,14:00:36,Europcar,https://www.europcar.com.mx/,OK,200,0.48
26/06/2026,15:38:01,Hertz,https://www.hertzmexico.com/,OK,200,0.53
26/06/2026,15:38:01,Dollar,https://dollarmexico.com.mx/,OK,200,0.51
26/06/2026,15:38:01,Thrifty,https://www.thrifty.com.mx/,Fallo,403,0.24
26/06/2026,15:38:01,Firefly,https://www.fireflycarrental.com.mx/,Fallo,403,0.22
26/06/2026,15:38:01,Avis,https://avis.mx/,OK,200,0.85
26/06/2026,15:38:01,National,https://nationalcar.com.mx/,OK,200,3.85
26/06/2026,15:38:01,Alamo,https://www.alamo.com.mx/es,OK,200,1.32
26/06/2026,15:38:01,Mex Rent A Car,https://mexrentacar.com/es/index,OK,200,1.78
26/06/2026,15:38:01,Budget,https://budget.com.mx/#/,OK,200,0.48
26/06/2026,15:38:01,Localiza,https://www.localiza.com/mexico/es-mx,OK,200,1.73
26/06/2026,15:38:01,Enterprise,https://enterprise.mx/,OK,200,1.32
26/06/2026,15:38:01,Europcar,https://www.europcar.com.mx/,OK,200,0.42
26/06/2026,17:15:11,Hertz,https://www.hertzmexico.com/,OK,200,0.71
26/06/2026,17:15:11,Dollar,https://dollarmexico.com.mx/,OK,200,0.55
26/06/2026,17:15:11,Thrifty,https://www.thrifty.com.mx/,OK,200,0.82
26/06/2026,17:15:11,Firefly,https://www.fireflycarrental.com.mx/,OK,200,0.9
26/06/2026,17:15:11,Avis,https://avis.mx/,OK,200,0.8
26/06/2026,17:15:11,National,https://nationalcar.com.mx/,OK,200,2.3
26/06/2026,17:15:11,Alamo,https://www.alamo.com.mx/es,OK,200,1.73
26/06/2026,17:15:11,Mex Rent A Car,https://mexrentacar.com/es/index,OK,200,0.91
26/06/2026,17:15:11,Budget,https://budget.com.mx/#/,OK,200,1.02
26/06/2026,17:15:11,Localiza,https://www.localiza.com/mexico/es-mx,OK,200,1.01
26/06/2026,17:15:11,Enterprise,https://enterprise.mx/,OK,200,0.46
26/06/2026,17:15:11,Europcar,https://www.europcar.com.mx/,OK,200,0.62
26/06/2026,22:07:07,Hertz,https://www.hertzmexico.com/,OK,200,0.68
26/06/2026,22:07:07,Dollar,https://dollarmexico.com.mx/,OK,200,0.71
26/06/2026,22:07:07,Thrifty,https://www.thrifty.com.mx/,Fallo,403,0.1
26/06/2026,22:07:07,Firefly,https://www.fireflycarrental.com.mx/,Fallo,403,0.09
26/06/2026,22:07:07,Avis,https://avis.mx/,OK,200,0.86
26/06/2026,22:07:07,National,https://nationalcar.com.mx/,OK,200,2.21
26/06/2026,22:07:07,Alamo,https://www.alamo.com.mx/es,OK,200,1.79
26/06/2026,22:07:07,Mex Rent A Car,https://mexrentacar.com/es/index,OK,200,0.88
26/06/2026,22:07:07,Budget,https://budget.com.mx/#/,OK,200,0.58
26/06/2026,22:07:07,Localiza,https://www.localiza.com/mexico/es-mx,OK,200,1.19
26/06/2026,22:07:07,Enterprise,https://enterprise.mx/,OK,200,0.35
26/06/2026,22:07:07,Europcar,https://www.europcar.com.mx/,OK,200,0.64
27/06/2026,02:46:36,Hertz,https://www.hertzmexico.com/,OK,200,1.07
27/06/2026,02:46:36,Dollar,https://dollarmexico.com.mx/,OK,200,0.65
27/06/2026,02:46:36,Thrifty,https://www.thrifty.com.mx/,OK,200,0.99
27/06/2026,02:46:36,Firefly,https://www.fireflycarrental.com.mx/,OK,200,0.63
27/06/2026,02:46:36,Avis,https://avis.mx/,OK,200,0.85
27/06/2026,02:46:36,National,https://nationalcar.com.mx/,OK,200,2.2
27/06/2026,02:46:36,Alamo,https://www.alamo.com.mx/es,OK,200,1.7
27/06/2026,02:46:36,Mex Rent A Car,https://mexrentacar.com/es/index,OK,200,0.87
27/06/2026,02:46:36,Budget,https://budget.com.mx/#/,OK,200,0.46
27/06/2026,02:46:36,Localiza,https://www.localiza.com/mexico/es-mx,OK,200,1.6
27/06/2026,02:46:36,Enterprise,https://enterprise.mx/,OK,200,0.38
27/06/2026,02:46:36,Europcar,https://www.europcar.com.mx/,OK,200,0.69
27/06/2026,05:41:20,Hertz,https://www.hertzmexico.com/,OK,200,0.56
27/06/2026,05:41:20,Dollar,https://dollarmexico.com.mx/,OK,200,0.53
27/06/2026,05:41:20,Thrifty,https://www.thrifty.com.mx/,Fallo,403,0.19
27/06/2026,05:41:20,Firefly,https://www.fireflycarrental.com.mx/,Fallo,403,0.19
27/06/2026,05:41:20,Avis,https://avis.mx/,OK,200,0.74
27/06/2026,05:41:20,National,https://nationalcar.com.mx/,OK,200,3.33
27/06/2026,05:41:20,Alamo,https://www.alamo.com.mx/es,OK,200,1.08
27/06/2026,05:41:20,Mex Rent A Car,https://mexrentacar.com/es/index,OK,200,1.5
27/06/2026,05:41:20,Budget,https://budget.com.mx/#/,OK,200,0.71
27/06/2026,05:41:20,Localiza,https://www.localiza.com/mexico/es-mx,OK,200,1.35
27/06/2026,05:41:20,Enterprise,https://enterprise.mx/,OK,200,1.02
27/06/2026,05:41:20,Europcar,https://www.europcar.com.mx/,OK,200,0.64
27/06/2026,07:59:06,Hertz,https://www.hertzmexico.com/,OK,200,0.74
27/06/2026,07:59:06,Dollar,https://dollarmexico.com.mx/,OK,200,0.63
27/06/2026,07:59:06,Thrifty,https://www.thrifty.com.mx/,Fallo,403,0.12
27/06/2026,07:59:06,Firefly,https://www.fireflycarrental.com.mx/,Fallo,403,0.12
27/06/2026,07:59:06,Avis,https://avis.mx/,OK,200,0.77
27/06/2026,07:59:06,National,https://nationalcar.com.mx/,OK,200,2.38
27/06/2026,07:59:06,Alamo,https://www.alamo.com.mx/es,OK,200,1.61
27/06/2026,07:59:06,Mex Rent A Car,https://mexrentacar.com/es/index,OK,200,0.89
27/06/2026,07:59:06,Budget,https://budget.com.mx/#/,OK,200,1.0
27/06/2026,07:59:06,Localiza,https://www.localiza.com/mexico/es-mx,OK,200,1.75
27/06/2026,07:59:06,Enterprise,https://enterprise.mx/,OK,200,0.41
27/06/2026,07:59:06,Europcar,https://www.europcar.com.mx/,OK,200,0.59
27/06/2026,09:22:52,Hertz,https://www.hertzmexico.com/,OK,200,0.54
27/06/2026,09:22:52,Dollar,https://dollarmexico.com.mx/,OK,200,0.47
27/06/2026,09:22:52,Thrifty,https://www.thrifty.com.mx/,Fallo,403,0.12
27/06/2026,09:22:52,Firefly,https://www.fireflycarrental.com.mx/,Fallo,403,0.15
27/06/2026,09:22:52,Avis,https://avis.mx/,OK,200,0.85
27/06/2026,09:22:52,National,https://nationalcar.com.mx/,OK,200,3.59
27/06/2026,09:22:52,Alamo,https://www.alamo.com.mx/es,OK,200,1.16
27/06/2026,09:22:52,Mex Rent A Car,https://mexrentacar.com/es/index,OK,200,0.88
27/06/2026,09:22:52,Budget,https://budget.com.mx/#/,OK,200,0.78
27/06/2026,09:22:52,Localiza,https://www.localiza.com/mexico/es-mx,OK,200,1.65
27/06/2026,09:22:52,Enterprise,https://enterprise.mx/,OK,200,1.12
27/06/2026,09:22:52,Europcar,https://www.europcar.com.mx/,OK,200,0.56
27/06/2026,11:18:46,Hertz,https://www.hertzmexico.com/,OK,200,0.73
27/06/2026,11:18:46,Dollar,https://dollarmexico.com.mx/,OK,200,0.7
27/06/2026,11:18:46,Thrifty,https://www.thrifty.com.mx/,Fallo,403,0.06
27/06/2026,11:18:46,Firefly,https://www.fireflycarrental.com.mx/,Fallo,403,0.09
27/06/2026,11:18:46,Avis,https://avis.mx/,OK,200,0.75
27/06/2026,11:18:46,National,https://nationalcar.com.mx/,OK,200,2.32
27/06/2026,11:18:46,Alamo,https://www.alamo.com.mx/es,OK,200,1.71
27/06/2026,11:18:46,Mex Rent A Car,https://mexrentacar.com/es/index,OK,200,0.97
27/06/2026,11:18:46,Budget,https://budget.com.mx/#/,OK,200,1.04
27/06/2026,11:18:46,Localiza,https://www.localiza.com/mexico/es-mx,OK,200,1.36
27/06/2026,11:18:46,Enterprise,https://enterprise.mx/,OK,200,0.49
27/06/2026,11:18:46,Europcar,https://www.europcar.com.mx/,OK,200,0.67
27/06/2026,13:39:22,Hertz,https://www.hertzmexico.com/,OK,200,0.54
27/06/2026,13:39:22,Dollar,https://dollarmexico.com.mx/,OK,200,0.54
27/06/2026,13:39:22,Thrifty,https://www.thrifty.com.mx/,Fallo,403,0.14
27/06/2026,13:39:22,Firefly,https://www.fireflycarrental.com.mx/,Fallo,403,0.1
27/06/2026,13:39:22,Avis,https://avis.mx/,OK,200,0.83
27/06/2026,13:39:22,National,https://nationalcar.com.mx/,OK,200,3.32
27/06/2026,13:39:22,Alamo,https://www.alamo.com.mx/es,OK,200,1.43
27/06/2026,13:39:22,Mex Rent A Car,https://mexrentacar.com/es/index,OK,200,1.58
27/06/2026,13:39:22,Budget,https://budget.com.mx/#/,OK,200,0.56
27/06/2026,13:39:22,Localiza,https://www.localiza.com/mexico/es-mx,OK,200,1.58
27/06/2026,13:39:22,Enterprise,https://enterprise.mx/,OK,200,1.2
27/06/2026,13:39:22,Europcar,https://www.europcar.com.mx/,OK,200,0.55
27/06/2026,15:12:41,Hertz,https://www.hertzmexico.com/,OK,200,0.73
27/06/2026,15:12:41,Dollar,https://dollarmexico.com.mx/,OK,200,1.56
27/06/2026,15:12:41,Thrifty,https://www.thrifty.com.mx/,OK,200,0.62
27/06/2026,15:12:41,Firefly,https://www.fireflycarrental.com.mx/,OK,200,0.63
27/06/2026,15:12:41,Avis,https://avis.mx/,OK,200,0.75
27/06/2026,15:12:41,National,https://nationalcar.com.mx/,OK,200,2.29
27/06/2026,15:12:41,Alamo,https://www.alamo.com.mx/es,OK,200,1.73
27/06/2026,15:12:41,Mex Rent A Car,https://mexrentacar.com/es/index,OK,200,0.91
27/06/2026,15:12:41,Budget,https://budget.com.mx/#/,OK,200,0.46
27/06/2026,15:12:41,Localiza,https://www.localiza.com/mexico/es-mx,OK,200,1.12
27/06/2026,15:12:41,Enterprise,https://enterprise.mx/,OK,200,0.45
27/06/2026,15:12:41,Europcar,https://www.europcar.com.mx/,OK,200,0.64
27/06/2026,17:10:04,Hertz,https://www.hertzmexico.com/,OK,200,0.52
27/06/2026,17:10:04,Dollar,https://dollarmexico.com.mx/,OK,200,0.48
27/06/2026,17:10:04,Thrifty,https://www.thrifty.com.mx/,OK,200,0.55
27/06/2026,17:10:04,Firefly,https://www.fireflycarrental.com.mx/,OK,200,0.54
27/06/2026,17:10:04,Avis,https://avis.mx/,OK,200,0.73
27/06/2026,17:10:04,National,https://nationalcar.com.mx/,OK,200,3.36
27/06/2026,17:10:04,Alamo,https://www.alamo.com.mx/es,OK,200,1.3
27/06/2026,17:10:04,Mex Rent A Car,https://mexrentacar.com/es/index,OK,200,1.41
27/06/2026,17:10:04,Budget,https://budget.com.mx/#/,OK,200,0.64
27/06/2026,17:10:04,Localiza,https://www.localiza.com/mexico/es-mx,OK,200,1.56
27/06/2026,17:10:04,Enterprise,https://enterprise.mx/,OK,200,1.06
27/06/2026,17:10:04,Europcar,https://www.europcar.com.mx/,OK,200,0.45
27/06/2026,22:39:53,Hertz,https://www.hertzmexico.com/,OK,200,0.57
27/06/2026,22:39:53,Dollar,https://dollarmexico.com.mx/,OK,200,0.45
27/06/2026,22:39:53,Thrifty,https://www.thrifty.com.mx/,OK,200,0.54
27/06/2026,22:39:53,Firefly,https://www.fireflycarrental.com.mx/,OK,200,0.51
27/06/2026,22:39:53,Avis,https://avis.mx/,OK,200,0.86
27/06/2026,22:39:53,National,https://nationalcar.com.mx/,OK,200,3.33
27/06/2026,22:39:53,Alamo,https://www.alamo.com.mx/es,OK,200,1.28
27/06/2026,22:39:53,Mex Rent A Car,https://mexrentacar.com/es/index,OK,200,1.58
27/06/2026,22:39:53,Budget,https://budget.com.mx/#/,OK,200,0.66
27/06/2026,22:39:53,Localiza,https://www.localiza.com/mexico/es-mx,OK,200,2.16
27/06/2026,22:39:53,Enterprise,https://enterprise.mx/,OK,200,1.17
27/06/2026,22:39:53,Europcar,https://www.europcar.com.mx/,OK,200,0.52
28/06/2026,03:23:25,Hertz,https://www.hertzmexico.com/,OK,200,0.54
28/06/2026,03:23:25,Dollar,https://dollarmexico.com.mx/,OK,200,0.52
28/06/2026,03:23:25,Thrifty,https://www.thrifty.com.mx/,OK,200,0.56
28/06/2026,03:23:25,Firefly,https://www.fireflycarrental.com.mx/,OK,200,0.67
28/06/2026,03:23:25,Avis,https://avis.mx/,OK,200,0.87
28/06/2026,03:23:25,National,https://nationalcar.com.mx/,OK,200,3.67
28/06/2026,03:23:25,Alamo,https://www.alamo.com.mx/es,OK,200,1.16
28/06/2026,03:23:25,Mex Rent A Car,https://mexrentacar.com/es/index,OK,200,1.78
28/06/2026,03:23:25,Budget,https://budget.com.mx/#/,OK,200,0.96
28/06/2026,03:23:25,Localiza,https://www.localiza.com/mexico/es-mx,OK,200,1.71
28/06/2026,03:23:25,Enterprise,https://enterprise.mx/,OK,200,1.33
28/06/2026,03:23:25,Europcar,https://www.europcar.com.mx/,OK,200,0.57
28/06/2026,05:52:08,Hertz,https://www.hertzmexico.com/,OK,200,0.59
28/06/2026,05:52:08,Dollar,https://dollarmexico.com.mx/,OK,200,0.46
28/06/2026,05:52:08,Thrifty,https://www.thrifty.com.mx/,Fallo,403,0.22
28/06/2026,05:52:08,Firefly,https://www.fireflycarrental.com.mx/,Fallo,403,0.19
28/06/2026,05:52:08,Avis,https://avis.mx/,OK,200,1.0
28/06/2026,05:52:08,National,https://nationalcar.com.mx/,OK,200,3.69
28/06/2026,05:52:08,Alamo,https://www.alamo.com.mx/es,OK,200,1.21
28/06/2026,05:52:08,Mex Rent A Car,https://mexrentacar.com/es/index,OK,200,1.89
28/06/2026,05:52:08,Budget,https://budget.com.mx/#/,OK,200,0.52
28/06/2026,05:52:08,Localiza,https://www.localiza.com/mexico/es-mx,OK,200,1.24
28/06/2026,05:52:08,Enterprise,https://enterprise.mx/,OK,200,1.54
28/06/2026,05:52:08,Europcar,https://www.europcar.com.mx/,OK,200,0.4
28/06/2026,08:05:23,Hertz,https://www.hertzmexico.com/,OK,200,0.73
28/06/2026,08:05:23,Dollar,https://dollarmexico.com.mx/,OK,200,0.59
28/06/2026,08:05:23,Thrifty,https://www.thrifty.com.mx/,Fallo,403,0.1
28/06/2026,08:05:23,Firefly,https://www.fireflycarrental.com.mx/,Fallo,403,0.07
28/06/2026,08:05:23,Avis,https://avis.mx/,OK,200,0.75
28/06/2026,08:05:23,National,https://nationalcar.com.mx/,OK,200,2.28
28/06/2026,08:05:23,Alamo,https://www.alamo.com.mx/es,OK,200,1.69
28/06/2026,08:05:23,Mex Rent A Car,https://mexrentacar.com/es/index,OK,200,0.86
28/06/2026,08:05:23,Budget,https://budget.com.mx/#/,OK,200,1.03
28/06/2026,08:05:23,Localiza,https://www.localiza.com/mexico/es-mx,OK,200,1.17
28/06/2026,08:05:23,Enterprise,https://enterprise.mx/,OK,200,0.6
28/06/2026,08:05:23,Europcar,https://www.europcar.com.mx/,OK,200,0.6
28/06/2026,11:21:19,Hertz,https://www.hertzmexico.com/,OK,200,0.64
28/06/2026,11:21:19,Dollar,https://dollarmexico.com.mx/,OK,200,1.07
28/06/2026,11:21:19,Thrifty,https://www.thrifty.com.mx/,Fallo,403,0.17
28/06/2026,11:21:19,Firefly,https://www.fireflycarrental.com.mx/,Fallo,403,0.23
28/06/2026,11:21:19,Avis,https://avis.mx/,OK,200,0.88
28/06/2026,11:21:19,National,https://nationalcar.com.mx/,OK,200,3.84
28/06/2026,11:21:19,Alamo,https://www.alamo.com.mx/es,OK,200,1.28
28/06/2026,11:21:19,Mex Rent A Car,https://mexrentacar.com/es/index,OK,200,1.08
28/06/2026,11:21:19,Budget,https://budget.com.mx/#/,OK,200,0.54
28/06/2026,11:21:19,Localiza,https://www.localiza.com/mexico/es-mx,OK,200,1.21
28/06/2026,11:21:19,Enterprise,https://enterprise.mx/,OK,200,1.41
28/06/2026,11:21:19,Europcar,https://www.europcar.com.mx/,OK,200,0.52
28/06/2026,13:40:45,Hertz,https://www.hertzmexico.com/,OK,200,0.74
28/06/2026,13:40:45,Dollar,https://dollarmexico.com.mx/,OK,200,0.78
28/06/2026,13:40:45,Thrifty,https://www.thrifty.com.mx/,OK,200,0.67
28/06/2026,13:40:45,Firefly,https://www.fireflycarrental.com.mx/,OK,200,0.77
28/06/2026,13:40:45,Avis,https://avis.mx/,OK,200,0.77
28/06/2026,13:40:45,National,https://nationalcar.com.mx/,OK,200,2.51
28/06/2026,13:40:45,Alamo,https://www.alamo.com.mx/es,OK,200,1.66
28/06/2026,13:40:45,Mex Rent A Car,https://mexrentacar.com/es/index,OK,200,1.07
28/06/2026,13:40:45,Budget,https://budget.com.mx/#/,OK,200,1.1
28/06/2026,13:40:45,Localiza,https://www.localiza.com/mexico/es-mx,OK,200,1.27
28/06/2026,13:40:45,Enterprise,https://enterprise.mx/,OK,200,0.36
28/06/2026,13:40:45,Europcar,https://www.europcar.com.mx/,OK,200,0.63
28/06/2026,15:11:27,Hertz,https://www.hertzmexico.com/,OK,200,0.5
28/06/2026,15:11:27,Dollar,https://dollarmexico.com.mx/,OK,200,0.45
28/06/2026,15:11:27,Thrifty,https://www.thrifty.com.mx/,OK,200,0.55
28/06/2026,15:11:27,Firefly,https://www.fireflycarrental.com.mx/,OK,200,0.68
28/06/2026,15:11:27,Avis,https://avis.mx/,OK,200,0.85
28/06/2026,15:11:27,National,https://nationalcar.com.mx/,OK,200,3.58
28/06/2026,15:11:27,Alamo,https://www.alamo.com.mx/es,OK,200,1.1
28/06/2026,15:11:27,Mex Rent A Car,https://mexrentacar.com/es/index,OK,200,1.92
28/06/2026,15:11:27,Budget,https://budget.com.mx/#/,OK,200,1.04
28/06/2026,15:11:27,Localiza,https://www.localiza.com/mexico/es-mx,OK,200,1.6
28/06/2026,15:11:27,Enterprise,https://enterprise.mx/,OK,200,1.54
28/06/2026,15:11:27,Europcar,https://www.europcar.com.mx/,OK,200,0.47
28/06/2026,17:12:01,Hertz,https://www.hertzmexico.com/,OK,200,0.54
28/06/2026,17:12:01,Dollar,https://dollarmexico.com.mx/,OK,200,0.5
28/06/2026,17:12:01,Thrifty,https://www.thrifty.com.mx/,Fallo,403,0.31
28/06/2026,17:12:01,Firefly,https://www.fireflycarrental.com.mx/,Fallo,403,0.11
28/06/2026,17:12:01,Avis,https://avis.mx/,OK,200,1.02
28/06/2026,17:12:01,National,https://nationalcar.com.mx/,OK,200,3.94
28/06/2026,17:12:01,Alamo,https://www.alamo.com.mx/es,OK,200,1.27
28/06/2026,17:12:01,Mex Rent A Car,https://mexrentacar.com/es/index,OK,200,1.88
28/06/2026,17:12:01,Budget,https://budget.com.mx/#/,OK,200,0.99
28/06/2026,17:12:01,Localiza,https://www.localiza.com/mexico/es-mx,OK,200,1.14
28/06/2026,17:12:01,Enterprise,https://enterprise.mx/,OK,200,1.47
28/06/2026,17:12:01,Europcar,https://www.europcar.com.mx/,OK,200,0.46
28/06/2026,22:48:33,Hertz,https://www.hertzmexico.com/,OK,200,0.58
28/06/2026,22:48:33,Dollar,https://dollarmexico.com.mx/,OK,200,0.56
28/06/2026,22:48:33,Thrifty,https://www.thrifty.com.mx/,OK,200,0.59
28/06/2026,22:48:33,Firefly,https://www.fireflycarrental.com.mx/,OK,200,0.81
28/06/2026,22:48:33,Avis,https://avis.mx/,OK,200,0.88
28/06/2026,22:48:33,National,https://nationalcar.com.mx/,OK,200,3.65
28/06/2026,22:48:33,Alamo,https://www.alamo.com.mx/es,OK,200,1.04
28/06/2026,22:48:33,Mex Rent A Car,https://mexrentacar.com/es/index,OK,200,0.95
28/06/2026,22:48:33,Budget,https://budget.com.mx/#/,OK,200,0.5
28/06/2026,22:48:33,Localiza,https://www.localiza.com/mexico/es-mx,OK,200,1.2
28/06/2026,22:48:33,Enterprise,https://enterprise.mx/,OK,200,1.39
28/06/2026,22:48:33,Europcar,https://www.europcar.com.mx/,OK,200,0.5
29/06/2026,05:17:03,Hertz,https://www.hertzmexico.com/,OK,200,0.59
29/06/2026,05:17:03,Dollar,https://dollarmexico.com.mx/,OK,200,0.42
29/06/2026,05:17:03,Thrifty,https://www.thrifty.com.mx/,Fallo,403,0.22
29/06/2026,05:17:03,Firefly,https://www.fireflycarrental.com.mx/,Fallo,403,0.24
29/06/2026,05:17:03,Avis,https://avis.mx/,OK,200,0.88
29/06/2026,05:17:03,National,https://nationalcar.com.mx/,OK,200,3.36
29/06/2026,05:17:03,Alamo,https://www.alamo.com.mx/es,OK,200,1.43
29/06/2026,05:17:03,Mex Rent A Car,https://mexrentacar.com/es/index,OK,200,1.59
29/06/2026,05:17:03,Budget,https://budget.com.mx/#/,OK,200,0.55
29/06/2026,05:17:03,Localiza,https://www.localiza.com/mexico/es-mx,OK,200,1.1
29/06/2026,05:17:03,Enterprise,https://enterprise.mx/,OK,200,1.2
29/06/2026,05:17:03,Europcar,https://www.europcar.com.mx/,OK,200,0.73
29/06/2026,10:01:01,Hertz,https://www.hertzmexico.com/,OK,200,0.76
29/06/2026,10:01:01,Dollar,https://dollarmexico.com.mx/,OK,200,0.63
29/06/2026,10:01:01,Thrifty,https://www.thrifty.com.mx/,OK,200,0.77
29/06/2026,10:01:01,Firefly,https://www.fireflycarrental.com.mx/,OK,200,1.7
29/06/2026,10:01:01,Avis,https://avis.mx/,OK,200,0.94
29/06/2026,10:01:01,National,https://nationalcar.com.mx/,OK,200,2.68
29/06/2026,10:01:01,Alamo,https://www.alamo.com.mx/es,OK,200,1.95
29/06/2026,10:01:01,Mex Rent A Car,https://mexrentacar.com/es/index,OK,200,1.06
29/06/2026,10:01:01,Budget,https://budget.com.mx/#/,OK,200,1.09
29/06/2026,10:01:01,Localiza,https://www.localiza.com/mexico/es-mx,OK,200,1.48
29/06/2026,10:01:01,Enterprise,https://enterprise.mx/,OK,200,0.42
29/06/2026,10:01:01,Europcar,https://www.europcar.com.mx/,OK,200,0.84
29/06/2026,14:12:18,Hertz,https://www.hertzmexico.com/,OK,200,0.79
29/06/2026,14:12:18,Dollar,https://dollarmexico.com.mx/,OK,200,0.6
29/06/2026,14:12:18,Thrifty,https://www.thrifty.com.mx/,Fallo,403,0.08
29/06/2026,14:12:18,Firefly,https://www.fireflycarrental.com.mx/,Fallo,403,0.18
29/06/2026,14:12:18,Avis,https://avis.mx/,OK,200,0.92
29/06/2026,14:12:18,National,https://nationalcar.com.mx/,OK,200,3.8
29/06/2026,14:12:18,Alamo,https://www.alamo.com.mx/es,OK,200,1.11
29/06/2026,14:12:18,Mex Rent A Car,https://mexrentacar.com/es/index,OK,200,1.76
29/06/2026,14:12:18,Budget,https://budget.com.mx/#/,OK,200,0.51
29/06/2026,14:12:18,Localiza,https://www.localiza.com/mexico/es-mx,OK,200,1.04
29/06/2026,14:12:18,Enterprise,https://enterprise.mx/,OK,200,1.55
29/06/2026,14:12:18,Europcar,https://www.europcar.com.mx/,OK,200,0.47
29/06/2026,17:05:36,Hertz,https://www.hertzmexico.com/,OK,200,0.71
29/06/2026,17:05:36,Dollar,https://dollarmexico.com.mx/,OK,200,0.37
29/06/2026,17:05:36,Thrifty,https://www.thrifty.com.mx/,OK,200,0.78
29/06/2026,17:05:36,Firefly,https://www.fireflycarrental.com.mx/,OK,200,0.57
29/06/2026,17:05:36,Avis,https://avis.mx/,OK,200,0.9
29/06/2026,17:05:36,National,https://nationalcar.com.mx/,OK,200,3.42
29/06/2026,17:05:36,Alamo,https://www.alamo.com.mx/es,OK,200,1.38
29/06/2026,17:05:36,Mex Rent A Car,https://mexrentacar.com/es/index,OK,200,0.99
29/06/2026,17:05:36,Budget,https://budget.com.mx/#/,OK,200,0.54
29/06/2026,17:05:36,Localiza,https://www.localiza.com/mexico/es-mx,OK,200,1.62
29/06/2026,17:05:36,Enterprise,https://enterprise.mx/,OK,200,1.13
29/06/2026,17:05:36,Europcar,https://www.europcar.com.mx/,OK,200,0.41
29/06/2026,22:14:59,Hertz,https://www.hertzmexico.com/,OK,200,0.53
29/06/2026,22:14:59,Dollar,https://dollarmexico.com.mx/,OK,200,0.5
29/06/2026,22:14:59,Thrifty,https://www.thrifty.com.mx/,Fallo,403,0.12
29/06/2026,22:14:59,Firefly,https://www.fireflycarrental.com.mx/,Fallo,403,0.14
29/06/2026,22:14:59,Avis,https://avis.mx/,OK,200,0.83
29/06/2026,22:14:59,National,https://nationalcar.com.mx/,OK,200,3.46
29/06/2026,22:14:59,Alamo,https://www.alamo.com.mx/es,OK,200,1.11
29/06/2026,22:14:59,Mex Rent A Car,https://mexrentacar.com/es/index,OK,200,0.95
29/06/2026,22:14:59,Budget,https://budget.com.mx/#/,OK,200,0.6
29/06/2026,22:14:59,Localiza,https://www.localiza.com/mexico/es-mx,OK,200,1.58
29/06/2026,22:14:59,Enterprise,https://enterprise.mx/,OK,200,1.08
29/06/2026,22:14:59,Europcar,https://www.europcar.com.mx/,OK,200,0.64
30/06/2026,03:54:42,Hertz,https://www.hertzmexico.com/,OK,200,0.66
30/06/2026,03:54:42,Dollar,https://dollarmexico.com.mx/,OK,200,0.52
30/06/2026,03:54:42,Thrifty,https://www.thrifty.com.mx/,OK,200,0.57
30/06/2026,03:54:42,Firefly,https://www.fireflycarrental.com.mx/,OK,200,0.51
30/06/2026,03:54:42,Avis,https://avis.mx/,OK,200,0.91
30/06/2026,03:54:42,National,https://nationalcar.com.mx/,OK,200,3.92
30/06/2026,03:54:42,Alamo,https://www.alamo.com.mx/es,OK,200,1.31
30/06/2026,03:54:42,Mex Rent A Car,https://mexrentacar.com/es/index,OK,200,1.87
30/06/2026,03:54:42,Budget,https://budget.com.mx/#/,OK,200,0.98
30/06/2026,03:54:42,Localiza,https://www.localiza.com/mexico/es-mx,OK,200,1.33
30/06/2026,03:54:42,Enterprise,https://enterprise.mx/,OK,200,1.37
30/06/2026,03:54:42,Europcar,https://www.europcar.com.mx/,OK,200,0.98
30/06/2026,06:18:05,Hertz,https://www.hertzmexico.com/,OK,200,0.65
30/06/2026,06:18:05,Dollar,https://dollarmexico.com.mx/,OK,200,0.76
30/06/2026,06:18:05,Thrifty,https://www.thrifty.com.mx/,Fallo,403,0.1
30/06/2026,06:18:05,Firefly,https://www.fireflycarrental.com.mx/,Fallo,403,0.07
30/06/2026,06:18:05,Avis,https://avis.mx/,OK,200,0.78
30/06/2026,06:18:05,National,https://nationalcar.com.mx/,OK,200,2.19
30/06/2026,06:18:05,Alamo,https://www.alamo.com.mx/es,OK,200,2.36
30/06/2026,06:18:05,Mex Rent A Car,https://mexrentacar.com/es/index,OK,200,0.82
30/06/2026,06:18:05,Budget,https://budget.com.mx/#/,OK,200,0.95
30/06/2026,06:18:05,Localiza,https://www.localiza.com/mexico/es-mx,OK,200,1.08
30/06/2026,06:18:05,Enterprise,https://enterprise.mx/,OK,200,0.38
30/06/2026,06:18:05,Europcar,https://www.europcar.com.mx/,OK,200,0.67
30/06/2026,10:26:09,Hertz,https://www.hertzmexico.com/,OK,200,0.59
30/06/2026,10:26:09,Dollar,https://dollarmexico.com.mx/,OK,200,36.48
30/06/2026,10:26:09,Thrifty,https://www.thrifty.com.mx/,Fallo,403,0.12
30/06/2026,10:26:09,Firefly,https://www.fireflycarrental.com.mx/,Fallo,403,0.13
30/06/2026,10:26:09,Avis,https://avis.mx/,OK,200,0.86
30/06/2026,10:26:09,National,https://nationalcar.com.mx/,OK,200,3.91
30/06/2026,10:26:09,Alamo,https://www.alamo.com.mx/es,OK,200,1.17
30/06/2026,10:26:09,Mex Rent A Car,https://mexrentacar.com/es/index,OK,200,0.96
30/06/2026,10:26:09,Budget,https://budget.com.mx/#/,OK,200,0.86
30/06/2026,10:26:09,Localiza,https://www.localiza.com/mexico/es-mx,OK,200,1.48
30/06/2026,10:26:09,Enterprise,https://enterprise.mx/,OK,200,1.29
30/06/2026,10:26:09,Europcar,https://www.europcar.com.mx/,OK,200,0.54
30/06/2026,14:08:04,Hertz,https://www.hertzmexico.com/,OK,200,0.77
30/06/2026,14:08:04,Dollar,https://dollarmexico.com.mx/,OK,200,0.98
30/06/2026,14:08:04,Thrifty,https://www.thrifty.com.mx/,Fallo,403,0.09
30/06/2026,14:08:04,Firefly,https://www.fireflycarrental.com.mx/,Fallo,403,0.08
30/06/2026,14:08:04,Avis,https://avis.mx/,OK,200,0.82
30/06/2026,14:08:04,National,https://nationalcar.com.mx/,OK,200,2.21
30/06/2026,14:08:04,Alamo,https://www.alamo.com.mx/es,OK,200,1.68
30/06/2026,14:08:04,Mex Rent A Car,https://mexrentacar.com/es/index,OK,200,0.92
30/06/2026,14:08:04,Budget,https://budget.com.mx/#/,OK,200,0.51
30/06/2026,14:08:04,Localiza,https://www.localiza.com/mexico/es-mx,OK,200,1.26
30/06/2026,14:08:04,Enterprise,https://enterprise.mx/,OK,200,0.41
30/06/2026,14:08:04,Europcar,https://www.europcar.com.mx/,OK,200,0.63
30/06/2026,17:19:44,Hertz,https://www.hertzmexico.com/,OK,200,0.71
30/06/2026,17:19:44,Dollar,https://dollarmexico.com.mx/,OK,200,0.43
30/06/2026,17:19:44,Thrifty,https://www.thrifty.com.mx/,OK,200,0.54
30/06/2026,17:19:44,Firefly,https://www.fireflycarrental.com.mx/,OK,200,0.44
30/06/2026,17:19:44,Avis,https://avis.mx/,OK,200,0.92
30/06/2026,17:19:44,National,https://nationalcar.com.mx/,OK,200,3.38
30/06/2026,17:19:44,Alamo,https://www.alamo.com.mx/es,OK,200,1.17
30/06/2026,17:19:44,Mex Rent A Car,https://mexrentacar.com/es/index,OK,200,1.55
30/06/2026,17:19:44,Budget,https://budget.com.mx/#/,OK,200,0.65
30/06/2026,17:19:44,Localiza,https://www.localiza.com/mexico/es-mx,OK,200,1.62
30/06/2026,17:19:44,Enterprise,https://enterprise.mx/,OK,200,1.09
30/06/2026,17:19:44,Europcar,https://www.europcar.com.mx/,OK,200,0.6
30/06/2026,22:43:33,Hertz,https://www.hertzmexico.com/,OK,200,0.54
30/06/2026,22:43:33,Dollar,https://dollarmexico.com.mx/,OK,200,0.56
30/06/2026,22:43:33,Thrifty,https://www.thrifty.com.mx/,OK,200,0.59
30/06/2026,22:43:33,Firefly,https://www.fireflycarrental.com.mx/,OK,200,0.66
30/06/2026,22:43:33,Avis,https://avis.mx/,OK,200,0.85
30/06/2026,22:43:33,National,https://nationalcar.com.mx/,OK,200,3.43
30/06/2026,22:43:33,Alamo,https://www.alamo.com.mx/es,OK,200,1.22
30/06/2026,22:43:33,Mex Rent A Car,https://mexrentacar.com/es/index,OK,200,1.54
30/06/2026,22:43:33,Budget,https://budget.com.mx/#/,OK,200,0.58
30/06/2026,22:43:33,Localiza,https://www.localiza.com/mexico/es-mx,OK,200,2.07
30/06/2026,22:43:33,Enterprise,https://enterprise.mx/,OK,200,1.22
30/06/2026,22:43:33,Europcar,https://www.europcar.com.mx/,OK,200,0.59
1/07/2026,04:04:13,Hertz,https://www.hertzmexico.com/,OK,200,0.74
1/07/2026,04:04:13,Dollar,https://dollarmexico.com.mx/,OK,200,0.62
1/07/2026,04:04:13,Thrifty,https://www.thrifty.com.mx/,Fallo,403,0.13
1/07/2026,04:04:13,Firefly,https://www.fireflycarrental.com.mx/,Fallo,403,0.15
1/07/2026,04:04:13,Avis,https://avis.mx/,OK,200,0.73
1/07/2026,04:04:13,National,https://nationalcar.com.mx/,OK,200,2.41
1/07/2026,04:04:13,Alamo,https://www.alamo.com.mx/es,OK,200,1.78
1/07/2026,04:04:13,Mex Rent A Car,https://mexrentacar.com/es/index,OK,200,1.01
1/07/2026,04:04:13,Budget,https://budget.com.mx/#/,OK,200,1.03
1/07/2026,04:04:13,Localiza,https://www.localiza.com/mexico/es-mx,OK,200,0.97
1/07/2026,04:04:13,Enterprise,https://enterprise.mx/,OK,200,0.36
1/07/2026,04:04:13,Europcar,https://www.europcar.com.mx/,OK,200,0.65
1/07/2026,08:51:46,Hertz,https://www.hertzmexico.com/,OK,200,0.55
1/07/2026,08:51:46,Dollar,https://dollarmexico.com.mx/,OK,200,0.58
1/07/2026,08:51:46,Thrifty,https://www.thrifty.com.mx/,OK,200,0.54
1/07/2026,08:51:46,Firefly,https://www.fireflycarrental.com.mx/,OK,200,0.45
1/07/2026,08:51:46,Avis,https://avis.mx/,OK,200,0.86
1/07/2026,08:51:46,National,https://nationalcar.com.mx/,OK,200,3.39
1/07/2026,08:51:46,Alamo,https://www.alamo.com.mx/es,OK,200,1.49
1/07/2026,08:51:46,Mex Rent A Car,https://mexrentacar.com/es/index,OK,200,1.71
1/07/2026,08:51:46,Budget,https://budget.com.mx/#/,OK,200,0.66
1/07/2026,08:51:46,Localiza,https://www.localiza.com/mexico/es-mx,OK,200,1.38
1/07/2026,08:51:46,Enterprise,https://enterprise.mx/,OK,200,1.24
1/07/2026,08:51:46,Europcar,https://www.europcar.com.mx/,OK,200,0.59
1/07/2026,12:04:55,Hertz,https://www.hertzmexico.com/,OK,200,0.51
1/07/2026,12:04:55,Dollar,https://dollarmexico.com.mx/,OK,200,0.64
1/07/2026,12:04:55,Thrifty,https://www.thrifty.com.mx/,Fallo,403,0.2
1/07/2026,12:04:55,Firefly,https://www.fireflycarrental.com.mx/,Fallo,403,0.18
1/07/2026,12:04:55,Avis,https://avis.mx/,OK,200,0.93
1/07/2026,12:04:55,National,https://nationalcar.com.mx/,OK,200,3.79
1/07/2026,12:04:55,Alamo,https://www.alamo.com.mx/es,OK,200,1.49
1/07/2026,12:04:55,Mex Rent A Car,https://mexrentacar.com/es/index,OK,200,1.08
1/07/2026,12:04:55,Budget,https://budget.com.mx/#/,OK,200,0.51
1/07/2026,12:04:55,Localiza,https://www.localiza.com/mexico/es-mx,OK,200,1.18
1/07/2026,12:04:55,Enterprise,https://enterprise.mx/,OK,200,1.41
1/07/2026,12:04:55,Europcar,https://www.europcar.com.mx/,OK,200,0.57
1/07/2026,15:42:32,Hertz,https://www.hertzmexico.com/,OK,200,0.68
1/07/2026,15:42:32,Dollar,https://dollarmexico.com.mx/,OK,200,0.5
1/07/2026,15:42:32,Thrifty,https://www.thrifty.com.mx/,Fallo,403,0.08
1/07/2026,15:42:32,Firefly,https://www.fireflycarrental.com.mx/,Fallo,403,0.16
1/07/2026,15:42:32,Avis,https://avis.mx/,OK,200,0.83
1/07/2026,15:42:32,National,https://nationalcar.com.mx/,OK,200,3.41
1/07/2026,15:42:32,Alamo,https://www.alamo.com.mx/es,OK,200,1.12
1/07/2026,15:42:32,Mex Rent A Car,https://mexrentacar.com/es/index,OK,200,1.62
1/07/2026,15:42:32,Budget,https://budget.com.mx/#/,OK,200,0.86
1/07/2026,15:42:32,Localiza,https://www.localiza.com/mexico/es-mx,OK,200,1.46
1/07/2026,15:42:32,Enterprise,https://enterprise.mx/,OK,200,1.17
1/07/2026,15:42:32,Europcar,https://www.europcar.com.mx/,OK,200,0.61
1/07/2026,17:22:24,Hertz,https://www.hertzmexico.com/,OK,200,0.68
1/07/2026,17:22:24,Dollar,https://dollarmexico.com.mx/,OK,200,0.55
1/07/2026,17:22:24,Thrifty,https://www.thrifty.com.mx/,OK,200,4.54
1/07/2026,17:22:24,Firefly,https://www.fireflycarrental.com.mx/,OK,200,0.59
1/07/2026,17:22:24,Avis,https://avis.mx/,OK,200,0.87
1/07/2026,17:22:24,National,https://nationalcar.com.mx/,OK,200,3.2
1/07/2026,17:22:24,Alamo,https://www.alamo.com.mx/es,OK,200,1.32
1/07/2026,17:22:24,Mex Rent A Car,https://mexrentacar.com/es/index,OK,200,1.2
1/07/2026,17:22:24,Budget,https://budget.com.mx/#/,OK,200,0.54
1/07/2026,17:22:24,Localiza,https://www.localiza.com/mexico/es-mx,OK,200,1.38
1/07/2026,17:22:24,Enterprise,https://enterprise.mx/,OK,200,0.87
1/07/2026,17:22:24,Europcar,https://www.europcar.com.mx/,OK,200,0.58
1/07/2026,22:10:34,Hertz,https://www.hertzmexico.com/,OK,200,0.67
1/07/2026,22:10:34,Dollar,https://dollarmexico.com.mx/,OK,200,0.52
1/07/2026,22:10:34,Thrifty,https://www.thrifty.com.mx/,Fallo,403,0.19
1/07/2026,22:10:34,Firefly,https://www.fireflycarrental.com.mx/,Fallo,403,0.18
1/07/2026,22:10:34,Avis,https://avis.mx/,OK,200,0.84
1/07/2026,22:10:34,National,https://nationalcar.com.mx/,OK,200,3.14
1/07/2026,22:10:34,Alamo,https://www.alamo.com.mx/es,OK,200,1.33
1/07/2026,22:10:34,Mex Rent A Car,https://mexrentacar.com/es/index,OK,200,1.19
1/07/2026,22:10:34,Budget,https://budget.com.mx/#/,OK,200,0.53
1/07/2026,22:10:34,Localiza,https://www.localiza.com/mexico/es-mx,OK,200,1.4
1/07/2026,22:10:34,Enterprise,https://enterprise.mx/,OK,200,0.92
1/07/2026,22:10:34,Europcar,https://www.europcar.com.mx/,OK,200,0.59
2/07/2026,03:26:35,Hertz,https://www.hertzmexico.com/,OK,200,0.62
2/07/2026,03:26:35,Dollar,https://dollarmexico.com.mx/,OK,200,0.52
2/07/2026,03:26:35,Thrifty,https://www.thrifty.com.mx/,OK,200,0.63
2/07/2026,03:26:35,Firefly,https://www.fireflycarrental.com.mx/,OK,200,0.77
2/07/2026,03:26:35,Avis,https://avis.mx/,OK,200,0.91
2/07/2026,03:26:35,National,https://nationalcar.com.mx/,OK,200,3.91
2/07/2026,03:26:35,Alamo,https://www.alamo.com.mx/es,OK,200,1.07
2/07/2026,03:26:35,Mex Rent A Car,https://mexrentacar.com/es/index,OK,200,1.98
2/07/2026,03:26:35,Budget,https://budget.com.mx/#/,OK,200,0.97
2/07/2026,03:26:35,Localiza,https://www.localiza.com/mexico/es-mx,OK,200,1.03
2/07/2026,03:26:35,Enterprise,https://enterprise.mx/,OK,200,1.42
2/07/2026,03:26:35,Europcar,https://www.europcar.com.mx/,OK,200,0.44
2/07/2026,06:14:44,Hertz,https://www.hertzmexico.com/,OK,200,1.12
2/07/2026,06:14:44,Dollar,https://dollarmexico.com.mx/,OK,200,0.46
2/07/2026,06:14:44,Thrifty,https://www.thrifty.com.mx/,OK,200,0.47
2/07/2026,06:14:44,Firefly,https://www.fireflycarrental.com.mx/,OK,200,0.59
2/07/2026,06:14:44,Avis,https://avis.mx/,OK,200,0.89
2/07/2026,06:14:44,National,https://nationalcar.com.mx/,OK,200,3.36
2/07/2026,06:14:44,Alamo,https://www.alamo.com.mx/es,OK,200,1.33
2/07/2026,06:14:44,Mex Rent A Car,https://mexrentacar.com/es/index,OK,200,1.65
2/07/2026,06:14:44,Budget,https://budget.com.mx/#/,OK,200,0.65
2/07/2026,06:14:44,Localiza,https://www.localiza.com/mexico/es-mx,OK,200,1.44
2/07/2026,06:14:44,Enterprise,https://enterprise.mx/,OK,200,1.05
2/07/2026,06:14:44,Europcar,https://www.europcar.com.mx/,OK,200,0.6
2/07/2026,10:08:31,Hertz,https://www.hertzmexico.com/,OK,200,0.62
2/07/2026,10:08:31,Dollar,https://dollarmexico.com.mx/,OK,200,0.43
2/07/2026,10:08:31,Thrifty,https://www.thrifty.com.mx/,OK,200,0.49
2/07/2026,10:08:31,Firefly,https://www.fireflycarrental.com.mx/,OK,200,0.53
2/07/2026,10:08:31,Avis,https://avis.mx/,OK,200,0.84
2/07/2026,10:08:31,National,https://nationalcar.com.mx/,OK,200,3.3
2/07/2026,10:08:31,Alamo,https://www.alamo.com.mx/es,OK,200,1.12
2/07/2026,10:08:31,Mex Rent A Car,https://mexrentacar.com/es/index,OK,200,1.65
2/07/2026,10:08:31,Budget,https://budget.com.mx/#/,OK,200,0.46
2/07/2026,10:08:31,Localiza,https://www.localiza.com/mexico/es-mx,OK,200,1.61
2/07/2026,10:08:31,Enterprise,https://enterprise.mx/,OK,200,1.15
2/07/2026,10:08:31,Europcar,https://www.europcar.com.mx/,OK,200,0.57
2/07/2026,13:42:48,Hertz,https://www.hertzmexico.com/,OK,200,0.58
2/07/2026,13:42:48,Dollar,https://dollarmexico.com.mx/,OK,200,0.54
2/07/2026,13:42:48,Thrifty,https://www.thrifty.com.mx/,OK,200,0.57
2/07/2026,13:42:48,Firefly,https://www.fireflycarrental.com.mx/,OK,200,0.56
2/07/2026,13:42:48,Avis,https://avis.mx/,OK,200,0.75
2/07/2026,13:42:48,National,https://nationalcar.com.mx/,OK,200,3.34
2/07/2026,13:42:48,Alamo,https://www.alamo.com.mx/es,OK,200,1.4
2/07/2026,13:42:48,Mex Rent A Car,https://mexrentacar.com/es/index,OK,200,0.99
2/07/2026,13:42:48,Budget,https://budget.com.mx/#/,OK,200,0.6
2/07/2026,13:42:48,Localiza,https://www.localiza.com/mexico/es-mx,OK,200,2.28
2/07/2026,13:42:48,Enterprise,https://enterprise.mx/,OK,200,0.9
2/07/2026,13:42:48,Europcar,https://www.europcar.com.mx/,OK,200,0.55
2/07/2026,15:17:33,Hertz,https://www.hertzmexico.com/,OK,200,0.72
2/07/2026,15:17:33,Dollar,https://dollarmexico.com.mx/,OK,200,0.67
2/07/2026,15:17:33,Thrifty,https://www.thrifty.com.mx/,OK,200,0.74
2/07/2026,15:17:33,Firefly,https://www.fireflycarrental.com.mx/,OK,200,0.67
2/07/2026,15:17:33,Avis,https://avis.mx/,OK,200,0.8
2/07/2026,15:17:33,National,https://nationalcar.com.mx/,OK,200,2.23
2/07/2026,15:17:33,Alamo,https://www.alamo.com.mx/es,OK,200,1.96
2/07/2026,15:17:33,Mex Rent A Car,https://mexrentacar.com/es/index,OK,200,0.86
2/07/2026,15:17:33,Budget,https://budget.com.mx/#/,OK,200,0.52
2/07/2026,15:17:33,Localiza,https://www.localiza.com/mexico/es-mx,OK,200,0.89
2/07/2026,15:17:33,Enterprise,https://enterprise.mx/,OK,200,0.41
2/07/2026,15:17:33,Europcar,https://www.europcar.com.mx/,OK,200,0.69
2/07/2026,17:16:20,Hertz,https://www.hertzmexico.com/,OK,200,0.74
2/07/2026,17:16:20,Dollar,https://dollarmexico.com.mx/,OK,200,0.75
2/07/2026,17:16:20,Thrifty,https://www.thrifty.com.mx/,Fallo,403,0.07
2/07/2026,17:16:20,Firefly,https://www.fireflycarrental.com.mx/,Fallo,403,0.07
2/07/2026,17:16:20,Avis,https://avis.mx/,OK,200,0.75
2/07/2026,17:16:20,National,https://nationalcar.com.mx/,OK,200,2.81
2/07/2026,17:16:20,Alamo,https://www.alamo.com.mx/es,OK,200,1.74
2/07/2026,17:16:20,Mex Rent A Car,https://mexrentacar.com/es/index,OK,200,0.95
2/07/2026,17:16:20,Budget,https://budget.com.mx/#/,OK,200,0.79
2/07/2026,17:16:20,Localiza,https://www.localiza.com/mexico/es-mx,OK,200,2.29
2/07/2026,17:16:20,Enterprise,https://enterprise.mx/,OK,200,0.47
2/07/2026,17:16:20,Europcar,https://www.europcar.com.mx/,OK,200,0.6
2/07/2026,21:57:07,Hertz,https://www.hertzmexico.com/,OK,200,0.61
2/07/2026,21:57:07,Dollar,https://dollarmexico.com.mx/,OK,200,0.66
2/07/2026,21:57:07,Thrifty,https://www.thrifty.com.mx/,OK,200,0.71
2/07/2026,21:57:07,Firefly,https://www.fireflycarrental.com.mx/,OK,200,0.72
2/07/2026,21:57:07,Avis,https://avis.mx/,OK,200,0.82
2/07/2026,21:57:07,National,https://nationalcar.com.mx/,OK,200,3.21
2/07/2026,21:57:07,Alamo,https://www.alamo.com.mx/es,OK,200,1.3
2/07/2026,21:57:07,Mex Rent A Car,https://mexrentacar.com/es/index,OK,200,1.17
2/07/2026,21:57:07,Budget,https://budget.com.mx/#/,OK,200,0.62
2/07/2026,21:57:07,Localiza,https://www.localiza.com/mexico/es-mx,OK,200,1.16
2/07/2026,21:57:07,Enterprise,https://enterprise.mx/,OK,200,0.91
2/07/2026,21:57:07,Europcar,https://www.europcar.com.mx/,OK,200,0.58
3/07/2026,01:31:26,Hertz,https://www.hertzmexico.com/,OK,200,0.68
3/07/2026,01:31:26,Dollar,https://dollarmexico.com.mx/,OK,200,0.51
3/07/2026,01:31:26,Thrifty,https://www.thrifty.com.mx/,OK,200,0.6
3/07/2026,01:31:26,Firefly,https://www.fireflycarrental.com.mx/,OK,200,0.67
3/07/2026,01:31:26,Avis,https://avis.mx/,OK,200,1.01
3/07/2026,01:31:26,National,https://nationalcar.com.mx/,OK,200,3.68
3/07/2026,01:31:26,Alamo,https://www.alamo.com.mx/es,OK,200,1.22
3/07/2026,01:31:26,Mex Rent A Car,https://mexrentacar.com/es/index,OK,200,1.92
3/07/2026,01:31:26,Budget,https://budget.com.mx/#/,OK,200,0.45
3/07/2026,01:31:26,Localiza,https://www.localiza.com/mexico/es-mx,OK,200,1.34
3/07/2026,01:31:26,Enterprise,https://enterprise.mx/,OK,200,1.59
3/07/2026,01:31:26,Europcar,https://www.europcar.com.mx/,OK,200,0.42
3/07/2026,04:45:59,Hertz,https://www.hertzmexico.com/,OK,200,0.85
3/07/2026,04:45:59,Dollar,https://dollarmexico.com.mx/,OK,200,0.77
3/07/2026,04:45:59,Thrifty,https://www.thrifty.com.mx/,Fallo,403,0.1
3/07/2026,04:45:59,Firefly,https://www.fireflycarrental.com.mx/,Fallo,403,0.05
3/07/2026,04:45:59,Avis,https://avis.mx/,OK,200,0.8
3/07/2026,04:45:59,National,https://nationalcar.com.mx/,OK,200,2.17
3/07/2026,04:45:59,Alamo,https://www.alamo.com.mx/es,OK,200,1.97
3/07/2026,04:45:59,Mex Rent A Car,https://mexrentacar.com/es/index,OK,200,0.86
3/07/2026,04:45:59,Budget,https://budget.com.mx/#/,OK,200,1.04
3/07/2026,04:45:59,Localiza,https://www.localiza.com/mexico/es-mx,OK,200,1.82
3/07/2026,04:45:59,Enterprise,https://enterprise.mx/,OK,200,0.4
3/07/2026,04:45:59,Europcar,https://www.europcar.com.mx/,OK,200,0.65
3/07/2026,08:25:38,Hertz,https://www.hertzmexico.com/,OK,200,0.69
3/07/2026,08:25:38,Dollar,https://dollarmexico.com.mx/,OK,200,0.72
3/07/2026,08:25:38,Thrifty,https://www.thrifty.com.mx/,Fallo,403,0.19
3/07/2026,08:25:38,Firefly,https://www.fireflycarrental.com.mx/,Fallo,403,0.24
3/07/2026,08:25:38,Avis,https://avis.mx/,OK,200,1.12
3/07/2026,08:25:38,National,https://nationalcar.com.mx/,OK,200,3.75
3/07/2026,08:25:38,Alamo,https://www.alamo.com.mx/es,OK,200,1.24
3/07/2026,08:25:38,Mex Rent A Car,https://mexrentacar.com/es/index,OK,200,1.17
3/07/2026,08:25:38,Budget,https://budget.com.mx/#/,OK,200,0.55
3/07/2026,08:25:38,Localiza,https://www.localiza.com/mexico/es-mx,OK,200,1.25
3/07/2026,08:25:38,Enterprise,https://enterprise.mx/,OK,200,1.49
3/07/2026,08:25:38,Europcar,https://www.europcar.com.mx/,OK,200,0.44
3/07/2026,11:40:59,Hertz,https://www.hertzmexico.com/,OK,200,0.9
3/07/2026,11:40:59,Dollar,https://dollarmexico.com.mx/,OK,200,0.8
3/07/2026,11:40:59,Thrifty,https://www.thrifty.com.mx/,Fallo,403,0.12
3/07/2026,11:40:59,Firefly,https://www.fireflycarrental.com.mx/,Fallo,403,0.07
3/07/2026,11:40:59,Avis,https://avis.mx/,OK,200,0.69
3/07/2026,11:40:59,National,https://nationalcar.com.mx/,OK,200,2.52
3/07/2026,11:40:59,Alamo,https://www.alamo.com.mx/es,OK,200,1.76
3/07/2026,11:40:59,Mex Rent A Car,https://mexrentacar.com/es/index,OK,200,1.12
3/07/2026,11:40:59,Budget,https://budget.com.mx/#/,OK,200,0.61
3/07/2026,11:40:59,Localiza,https://www.localiza.com/mexico/es-mx,OK,200,1.15
3/07/2026,11:40:59,Enterprise,https://enterprise.mx/,OK,200,0.38
3/07/2026,11:40:59,Europcar,https://www.europcar.com.mx/,OK,200,0.69
3/07/2026,13:40:30,Hertz,https://www.hertzmexico.com/,OK,200,0.75
3/07/2026,13:40:30,Dollar,https://dollarmexico.com.mx/,OK,200,0.62
3/07/2026,13:40:30,Thrifty,https://www.thrifty.com.mx/,Fallo,403,0.1
3/07/2026,13:40:30,Firefly,https://www.fireflycarrental.com.mx/,Fallo,403,0.09
3/07/2026,13:40:30,Avis,https://avis.mx/,OK,200,0.85
3/07/2026,13:40:30,National,https://nationalcar.com.mx/,OK,200,2.56
3/07/2026,13:40:30,Alamo,https://www.alamo.com.mx/es,OK,200,1.52
3/07/2026,13:40:30,Mex Rent A Car,https://mexrentacar.com/es/index,OK,200,1.11
3/07/2026,13:40:30,Budget,https://budget.com.mx/#/,OK,200,0.62
3/07/2026,13:40:30,Localiza,https://www.localiza.com/mexico/es-mx,OK,200,2.44
3/07/2026,13:40:30,Enterprise,https://enterprise.mx/,OK,200,0.46
3/07/2026,13:40:30,Europcar,https://www.europcar.com.mx/,OK,200,1.03
3/07/2026,15:16:10,Hertz,https://www.hertzmexico.com/,OK,200,0.64
3/07/2026,15:16:10,Dollar,https://dollarmexico.com.mx/,OK,200,0.65
3/07/2026,15:16:10,Thrifty,https://www.thrifty.com.mx/,Fallo,403,0.22
3/07/2026,15:16:10,Firefly,https://www.fireflycarrental.com.mx/,Fallo,403,0.2
3/07/2026,15:16:10,Avis,https://avis.mx/,OK,200,0.95
3/07/2026,15:16:10,National,https://nationalcar.com.mx/,OK,200,3.63
3/07/2026,15:16:10,Alamo,https://www.alamo.com.mx/es,OK,200,1.26
3/07/2026,15:16:10,Mex Rent A Car,https://mexrentacar.com/es/index,OK,200,1.16
3/07/2026,15:16:10,Budget,https://budget.com.mx/#/,OK,200,0.98
3/07/2026,15:16:10,Localiza,https://www.localiza.com/mexico/es-mx,OK,200,1.13
3/07/2026,15:16:10,Enterprise,https://enterprise.mx/,OK,200,1.5
3/07/2026,15:16:10,Europcar,https://www.europcar.com.mx/,OK,200,0.51
3/07/2026,17:12:53,Hertz,https://www.hertzmexico.com/,OK,200,0.84
3/07/2026,17:12:53,Dollar,https://dollarmexico.com.mx/,OK,200,0.77
3/07/2026,17:12:53,Thrifty,https://www.thrifty.com.mx/,Fallo,403,0.06
3/07/2026,17:12:53,Firefly,https://www.fireflycarrental.com.mx/,Fallo,403,0.05
3/07/2026,17:12:53,Avis,https://avis.mx/,OK,200,0.78
3/07/2026,17:12:53,National,https://nationalcar.com.mx/,OK,200,2.24
3/07/2026,17:12:53,Alamo,https://www.alamo.com.mx/es,OK,200,1.82
3/07/2026,17:12:53,Mex Rent A Car,https://mexrentacar.com/es/index,OK,200,0.91
3/07/2026,17:12:53,Budget,https://budget.com.mx/#/,OK,200,0.49
3/07/2026,17:12:53,Localiza,https://www.localiza.com/mexico/es-mx,OK,200,0.98
3/07/2026,17:12:53,Enterprise,https://enterprise.mx/,OK,200,0.53
3/07/2026,17:12:53,Europcar,https://www.europcar.com.mx/,OK,200,0.62
3/07/2026,21:50:42,Hertz,https://www.hertzmexico.com/,OK,200,0.77
3/07/2026,21:50:42,Dollar,https://dollarmexico.com.mx/,OK,200,0.75
3/07/2026,21:50:42,Thrifty,https://www.thrifty.com.mx/,OK,200,0.8
3/07/2026,21:50:42,Firefly,https://www.fireflycarrental.com.mx/,OK,200,1.01
3/07/2026,21:50:42,Avis,https://avis.mx/,OK,200,0.73
3/07/2026,21:50:42,National,https://nationalcar.com.mx/,OK,200,2.45
3/07/2026,21:50:42,Alamo,https://www.alamo.com.mx/es,OK,200,1.98
3/07/2026,21:50:42,Mex Rent A Car,https://mexrentacar.com/es/index,OK,200,1.18
3/07/2026,21:50:42,Budget,https://budget.com.mx/#/,OK,200,0.68
3/07/2026,21:50:42,Localiza,https://www.localiza.com/mexico/es-mx,OK,200,1.03
3/07/2026,21:50:42,Enterprise,https://enterprise.mx/,OK,200,0.57
3/07/2026,21:50:42,Europcar,https://www.europcar.com.mx/,OK,200,0.68
4/07/2026,00:53:36,Hertz,https://www.hertzmexico.com/,OK,200,0.65
4/07/2026,00:53:36,Dollar,https://dollarmexico.com.mx/,OK,200,0.56
4/07/2026,00:53:36,Thrifty,https://www.thrifty.com.mx/,OK,200,0.68
4/07/2026,00:53:36,Firefly,https://www.fireflycarrental.com.mx/,OK,200,0.71
4/07/2026,00:53:36,Avis,https://avis.mx/,OK,200,0.89
4/07/2026,00:53:36,National,https://nationalcar.com.mx/,OK,200,3.24
4/07/2026,00:53:36,Alamo,https://www.alamo.com.mx/es,OK,200,1.29
4/07/2026,00:53:36,Mex Rent A Car,https://mexrentacar.com/es/index,OK,200,1.63
4/07/2026,00:53:36,Budget,https://budget.com.mx/#/,OK,200,0.59
4/07/2026,00:53:36,Localiza,https://www.localiza.com/mexico/es-mx,OK,200,3.08
4/07/2026,00:53:36,Enterprise,https://enterprise.mx/,OK,200,1.08
4/07/2026,00:53:36,Europcar,https://www.europcar.com.mx/,OK,200,0.56
4/07/2026,04:19:22,Hertz,https://www.hertzmexico.com/,OK,200,0.82
4/07/2026,04:19:22,Dollar,https://dollarmexico.com.mx/,OK,200,0.65
4/07/2026,04:19:22,Thrifty,https://www.thrifty.com.mx/,OK,200,0.83
4/07/2026,04:19:22,Firefly,https://www.fireflycarrental.com.mx/,OK,200,1.06
4/07/2026,04:19:22,Avis,https://avis.mx/,OK,200,0.86
4/07/2026,04:19:22,National,https://nationalcar.com.mx/,OK,200,3.7
4/07/2026,04:19:22,Alamo,https://www.alamo.com.mx/es,OK,200,1.22
4/07/2026,04:19:22,Mex Rent A Car,https://mexrentacar.com/es/index,OK,200,1.92
4/07/2026,04:19:22,Budget,https://budget.com.mx/#/,OK,200,0.46
4/07/2026,04:19:22,Localiza,https://www.localiza.com/mexico/es-mx,OK,200,1.34
4/07/2026,04:19:22,Enterprise,https://enterprise.mx/,OK,200,1.39
4/07/2026,04:19:22,Europcar,https://www.europcar.com.mx/,OK,200,0.41
4/07/2026,07:50:35,Hertz,https://www.hertzmexico.com/,OK,200,0.87
4/07/2026,07:50:35,Dollar,https://dollarmexico.com.mx/,OK,200,0.79
4/07/2026,07:50:35,Thrifty,https://www.thrifty.com.mx/,Fallo,403,0.07
4/07/2026,07:50:35,Firefly,https://www.fireflycarrental.com.mx/,Fallo,403,0.09
4/07/2026,07:50:35,Avis,https://avis.mx/,OK,200,0.83
4/07/2026,07:50:35,National,https://nationalcar.com.mx/,OK,200,2.26
4/07/2026,07:50:35,Alamo,https://www.alamo.com.mx/es,OK,200,1.74
4/07/2026,07:50:35,Mex Rent A Car,https://mexrentacar.com/es/index,OK,200,0.87
4/07/2026,07:50:35,Budget,https://budget.com.mx/#/,OK,200,1.0
4/07/2026,07:50:35,Localiza,https://www.localiza.com/mexico/es-mx,OK,200,1.33
4/07/2026,07:50:35,Enterprise,https://enterprise.mx/,OK,200,0.37
4/07/2026,07:50:35,Europcar,https://www.europcar.com.mx/,OK,200,0.65
4/07/2026,09:13:17,Hertz,https://www.hertzmexico.com/,OK,200,0.76
4/07/2026,09:13:17,Dollar,https://dollarmexico.com.mx/,OK,200,0.62
4/07/2026,09:13:17,Thrifty,https://www.thrifty.com.mx/,OK,200,0.64
4/07/2026,09:13:17,Firefly,https://www.fireflycarrental.com.mx/,OK,200,0.61
4/07/2026,09:13:17,Avis,https://avis.mx/,OK,200,0.89
4/07/2026,09:13:17,National,https://nationalcar.com.mx/,OK,200,3.88
4/07/2026,09:13:17,Alamo,https://www.alamo.com.mx/es,OK,200,1.21
4/07/2026,09:13:17,Mex Rent A Car,https://mexrentacar.com/es/index,OK,200,1.86
4/07/2026,09:13:17,Budget,https://budget.com.mx/#/,OK,200,0.92
4/07/2026,09:13:17,Localiza,https://www.localiza.com/mexico/es-mx,OK,200,1.06
4/07/2026,09:13:17,Enterprise,https://enterprise.mx/,OK,200,1.61
4/07/2026,09:13:17,Europcar,https://www.europcar.com.mx/,OK,200,0.43
4/07/2026,11:14:41,Hertz,https://www.hertzmexico.com/,OK,200,0.71
4/07/2026,11:14:41,Dollar,https://dollarmexico.com.mx/,OK,200,0.62
4/07/2026,11:14:41,Thrifty,https://www.thrifty.com.mx/,Fallo,403,0.21
4/07/2026,11:14:41,Firefly,https://www.fireflycarrental.com.mx/,Fallo,403,0.14
4/07/2026,11:14:41,Avis,https://avis.mx/,OK,200,0.87
4/07/2026,11:14:41,National,https://nationalcar.com.mx/,OK,200,3.69
4/07/2026,11:14:41,Alamo,https://www.alamo.com.mx/es,OK,200,0.99
4/07/2026,11:14:41,Mex Rent A Car,https://mexrentacar.com/es/index,OK,200,1.76
4/07/2026,11:14:41,Budget,https://budget.com.mx/#/,OK,200,0.97
4/07/2026,11:14:41,Localiza,https://www.localiza.com/mexico/es-mx,OK,200,1.33
4/07/2026,11:14:41,Enterprise,https://enterprise.mx/,OK,200,1.24
4/07/2026,11:14:41,Europcar,https://www.europcar.com.mx/,OK,200,0.44
4/07/2026,13:25:05,Hertz,https://www.hertzmexico.com/,OK,200,0.74
4/07/2026,13:25:05,Dollar,https://dollarmexico.com.mx/,OK,200,0.66
4/07/2026,13:25:05,Thrifty,https://www.thrifty.com.mx/,OK,200,0.81
4/07/2026,13:25:05,Firefly,https://www.fireflycarrental.com.mx/,OK,200,0.63
4/07/2026,13:25:05,Avis,https://avis.mx/,OK,200,0.93
4/07/2026,13:25:05,National,https://nationalcar.com.mx/,OK,200,3.58
4/07/2026,13:25:05,Alamo,https://www.alamo.com.mx/es,OK,200,1.22
4/07/2026,13:25:05,Mex Rent A Car,https://mexrentacar.com/es/index,OK,200,1.89
4/07/2026,13:25:05,Budget,https://budget.com.mx/#/,OK,200,1.01
4/07/2026,13:25:05,Localiza,https://www.localiza.com/mexico/es-mx,OK,200,1.64
4/07/2026,13:25:05,Enterprise,https://enterprise.mx/,OK,200,1.28
4/07/2026,13:25:05,Europcar,https://www.europcar.com.mx/,OK,200,0.52
4/07/2026,15:06:54,Hertz,https://www.hertzmexico.com/,OK,200,0.73
4/07/2026,15:06:54,Dollar,https://dollarmexico.com.mx/,OK,200,0.66
4/07/2026,15:06:54,Thrifty,https://www.thrifty.com.mx/,OK,200,0.69
4/07/2026,15:06:54,Firefly,https://www.fireflycarrental.com.mx/,OK,200,0.74
4/07/2026,15:06:54,Avis,https://avis.mx/,OK,200,0.84
4/07/2026,15:06:54,National,https://nationalcar.com.mx/,OK,200,3.08
4/07/2026,15:06:54,Alamo,https://www.alamo.com.mx/es,OK,200,1.33
4/07/2026,15:06:54,Mex Rent A Car,https://mexrentacar.com/es/index,OK,200,1.18
4/07/2026,15:06:54,Budget,https://budget.com.mx/#/,OK,200,0.53
4/07/2026,15:06:54,Localiza,https://www.localiza.com/mexico/es-mx,OK,200,1.6
4/07/2026,15:06:54,Enterprise,https://enterprise.mx/,OK,200,1.01
4/07/2026,15:06:54,Europcar,https://www.europcar.com.mx/,OK,200,0.58
4/07/2026,17:04:29,Hertz,https://www.hertzmexico.com/,OK,200,0.83
4/07/2026,17:04:29,Dollar,https://dollarmexico.com.mx/,OK,200,0.86
4/07/2026,17:04:29,Thrifty,https://www.thrifty.com.mx/,Fallo,403,0.09
4/07/2026,17:04:29,Firefly,https://www.fireflycarrental.com.mx/,Fallo,403,0.09
4/07/2026,17:04:29,Avis,https://avis.mx/,OK,200,0.76
4/07/2026,17:04:29,National,https://nationalcar.com.mx/,OK,200,2.25
4/07/2026,17:04:29,Alamo,https://www.alamo.com.mx/es,OK,200,1.76
4/07/2026,17:04:29,Mex Rent A Car,https://mexrentacar.com/es/index,OK,200,0.9
4/07/2026,17:04:29,Budget,https://budget.com.mx/#/,OK,200,0.49
4/07/2026,17:04:29,Localiza,https://www.localiza.com/mexico/es-mx,OK,200,1.15
4/07/2026,17:04:29,Enterprise,https://enterprise.mx/,OK,200,0.54
4/07/2026,17:04:29,Europcar,https://www.europcar.com.mx/,OK,200,0.7
4/07/2026,22:09:17,Hertz,https://www.hertzmexico.com/,OK,200,0.81
4/07/2026,22:09:17,Dollar,https://dollarmexico.com.mx/,OK,200,0.7
4/07/2026,22:09:17,Thrifty,https://www.thrifty.com.mx/,Fallo,403,0.12
4/07/2026,22:09:17,Firefly,https://www.fireflycarrental.com.mx/,Fallo,403,0.4
4/07/2026,22:09:17,Avis,https://avis.mx/,OK,200,0.9
4/07/2026,22:09:17,National,https://nationalcar.com.mx/,OK,200,2.4
4/07/2026,22:09:17,Alamo,https://www.alamo.com.mx/es,OK,200,1.6
4/07/2026,22:09:17,Mex Rent A Car,https://mexrentacar.com/es/index,OK,200,1.06
4/07/2026,22:09:17,Budget,https://budget.com.mx/#/,OK,200,0.59
4/07/2026,22:09:17,Localiza,https://www.localiza.com/mexico/es-mx,OK,200,1.21
4/07/2026,22:09:17,Enterprise,https://enterprise.mx/,OK,200,0.46
4/07/2026,22:09:17,Europcar,https://www.europcar.com.mx/,OK,200,0.6
5/07/2026,03:16:56,Hertz,https://www.hertzmexico.com/,OK,200,0.64
5/07/2026,03:16:56,Dollar,https://dollarmexico.com.mx/,OK,200,0.68
5/07/2026,03:16:56,Thrifty,https://www.thrifty.com.mx/,OK,200,0.72
5/07/2026,03:16:56,Firefly,https://www.fireflycarrental.com.mx/,OK,200,0.59
5/07/2026,03:16:56,Avis,https://avis.mx/,OK,200,0.87
5/07/2026,03:16:56,National,https://nationalcar.com.mx/,OK,200,3.33
5/07/2026,03:16:56,Alamo,https://www.alamo.com.mx/es,OK,200,1.23
5/07/2026,03:16:56,Mex Rent A Car,https://mexrentacar.com/es/index,OK,200,1.58
5/07/2026,03:16:56,Budget,https://budget.com.mx/#/,OK,200,0.6
5/07/2026,03:16:56,Localiza,https://www.localiza.com/mexico/es-mx,OK,200,1.65
5/07/2026,03:16:56,Enterprise,https://enterprise.mx/,OK,200,1.2
5/07/2026,03:16:56,Europcar,https://www.europcar.com.mx/,OK,200,0.59
5/07/2026,05:40:44,Hertz,https://www.hertzmexico.com/,OK,200,0.79
5/07/2026,05:40:44,Dollar,https://dollarmexico.com.mx/,OK,200,0.64
5/07/2026,05:40:44,Thrifty,https://www.thrifty.com.mx/,Fallo,403,0.19
5/07/2026,05:40:44,Firefly,https://www.fireflycarrental.com.mx/,Fallo,403,0.22
5/07/2026,05:40:44,Avis,https://avis.mx/,OK,200,0.85
5/07/2026,05:40:44,National,https://nationalcar.com.mx/,OK,200,3.11
5/07/2026,05:40:44,Alamo,https://www.alamo.com.mx/es,OK,200,1.42
5/07/2026,05:40:44,Mex Rent A Car,https://mexrentacar.com/es/index,OK,200,1.03
5/07/2026,05:40:44,Budget,https://budget.com.mx/#/,OK,200,0.56
5/07/2026,05:40:44,Localiza,https://www.localiza.com/mexico/es-mx,OK,200,1.44
5/07/2026,05:40:44,Enterprise,https://enterprise.mx/,OK,200,0.87
5/07/2026,05:40:44,Europcar,https://www.europcar.com.mx/,OK,200,0.63
5/07/2026,07:57:04,Hertz,https://www.hertzmexico.com/,OK,200,0.79
5/07/2026,07:57:04,Dollar,https://dollarmexico.com.mx/,OK,200,0.72
5/07/2026,07:57:04,Thrifty,https://www.thrifty.com.mx/,Fallo,403,0.07
5/07/2026,07:57:04,Firefly,https://www.fireflycarrental.com.mx/,Fallo,403,0.05
5/07/2026,07:57:04,Avis,https://avis.mx/,OK,200,0.91
5/07/2026,07:57:04,National,https://nationalcar.com.mx/,OK,200,2.27
5/07/2026,07:57:04,Alamo,https://www.alamo.com.mx/es,OK,200,1.75
5/07/2026,07:57:04,Mex Rent A Car,https://mexrentacar.com/es/index,OK,200,0.87
5/07/2026,07:57:04,Budget,https://budget.com.mx/#/,OK,200,1.01
5/07/2026,07:57:04,Localiza,https://www.localiza.com/mexico/es-mx,OK,200,1.0
5/07/2026,07:57:04,Enterprise,https://enterprise.mx/,OK,200,0.36
5/07/2026,07:57:04,Europcar,https://www.europcar.com.mx/,OK,200,0.63
5/07/2026,09:20:26,Hertz,https://www.hertzmexico.com/,OK,200,0.76
5/07/2026,09:20:26,Dollar,https://dollarmexico.com.mx/,OK,200,0.62
5/07/2026,09:20:26,Thrifty,https://www.thrifty.com.mx/,OK,200,0.73
5/07/2026,09:20:26,Firefly,https://www.fireflycarrental.com.mx/,OK,200,0.74
5/07/2026,09:20:26,Avis,https://avis.mx/,OK,200,0.98
5/07/2026,09:20:26,National,https://nationalcar.com.mx/,OK,200,3.15
5/07/2026,09:20:26,Alamo,https://www.alamo.com.mx/es,OK,200,1.4
5/07/2026,09:20:26,Mex Rent A Car,https://mexrentacar.com/es/index,OK,200,1.12
5/07/2026,09:20:26,Budget,https://budget.com.mx/#/,OK,200,0.6
5/07/2026,09:20:26,Localiza,https://www.localiza.com/mexico/es-mx,OK,200,1.17
5/07/2026,09:20:26,Enterprise,https://enterprise.mx/,OK,200,0.97
5/07/2026,09:20:26,Europcar,https://www.europcar.com.mx/,OK,200,0.57
5/07/2026,11:20:38,Hertz,https://www.hertzmexico.com/,OK,200,0.83
5/07/2026,11:20:38,Dollar,https://dollarmexico.com.mx/,OK,200,0.55
5/07/2026,11:20:38,Thrifty,https://www.thrifty.com.mx/,Fallo,403,0.19
5/07/2026,11:20:38,Firefly,https://www.fireflycarrental.com.mx/,Fallo,403,0.24
5/07/2026,11:20:38,Avis,https://avis.mx/,OK,200,0.89
5/07/2026,11:20:38,National,https://nationalcar.com.mx/,OK,200,3.7
5/07/2026,11:20:38,Alamo,https://www.alamo.com.mx/es,OK,200,1.25
5/07/2026,11:20:38,Mex Rent A Car,https://mexrentacar.com/es/index,OK,200,1.93
5/07/2026,11:20:38,Budget,https://budget.com.mx/#/,OK,200,0.51
5/07/2026,11:20:38,Localiza,https://www.localiza.com/mexico/es-mx,OK,200,0.87
5/07/2026,11:20:38,Enterprise,https://enterprise.mx/,OK,200,1.49
5/07/2026,11:20:38,Europcar,https://www.europcar.com.mx/,OK,200,0.39
5/07/2026,13:35:51,Hertz,https://www.hertzmexico.com/,OK,200,0.68
5/07/2026,13:35:51,Dollar,https://dollarmexico.com.mx/,OK,200,0.61
5/07/2026,13:35:51,Thrifty,https://www.thrifty.com.mx/,Fallo,403,0.11
5/07/2026,13:35:51,Firefly,https://www.fireflycarrental.com.mx/,Fallo,403,0.25
5/07/2026,13:35:51,Avis,https://avis.mx/,OK,200,0.87
5/07/2026,13:35:51,National,https://nationalcar.com.mx/,OK,200,3.57
5/07/2026,13:35:51,Alamo,https://www.alamo.com.mx/es,OK,200,1.15
5/07/2026,13:35:51,Mex Rent A Car,https://mexrentacar.com/es/index,OK,200,1.9
5/07/2026,13:35:51,Budget,https://budget.com.mx/#/,OK,200,0.97
5/07/2026,13:35:51,Localiza,https://www.localiza.com/mexico/es-mx,OK,200,2.11
5/07/2026,13:35:51,Enterprise,https://enterprise.mx/,OK,200,1.37
5/07/2026,13:35:51,Europcar,https://www.europcar.com.mx/,OK,200,0.49
5/07/2026,15:11:08,Hertz,https://www.hertzmexico.com/,OK,200,0.69
5/07/2026,15:11:08,Dollar,https://dollarmexico.com.mx/,OK,200,0.56
5/07/2026,15:11:08,Thrifty,https://www.thrifty.com.mx/,Fallo,403,0.2
5/07/2026,15:11:08,Firefly,https://www.fireflycarrental.com.mx/,Fallo,403,0.15
5/07/2026,15:11:08,Avis,https://avis.mx/,OK,200,0.72
5/07/2026,15:11:08,National,https://nationalcar.com.mx/,OK,200,3.16
5/07/2026,15:11:08,Alamo,https://www.alamo.com.mx/es,OK,200,1.47
5/07/2026,15:11:08,Mex Rent A Car,https://mexrentacar.com/es/index,OK,200,1.47
5/07/2026,15:11:08,Budget,https://budget.com.mx/#/,OK,200,0.84
5/07/2026,15:11:08,Localiza,https://www.localiza.com/mexico/es-mx,OK,200,1.69
5/07/2026,15:11:08,Enterprise,https://enterprise.mx/,OK,200,1.04
5/07/2026,15:11:08,Europcar,https://www.europcar.com.mx/,OK,200,0.64
5/07/2026,17:09:05,Hertz,https://www.hertzmexico.com/,OK,200,1.19
5/07/2026,17:09:05,Dollar,https://dollarmexico.com.mx/,OK,200,0.87
5/07/2026,17:09:05,Thrifty,https://www.thrifty.com.mx/,Fallo,403,0.08
5/07/2026,17:09:05,Firefly,https://www.fireflycarrental.com.mx/,Fallo,403,0.08
5/07/2026,17:09:05,Avis,https://avis.mx/,OK,200,0.82
5/07/2026,17:09:05,National,https://nationalcar.com.mx/,OK,200,2.39
5/07/2026,17:09:05,Alamo,https://www.alamo.com.mx/es,OK,200,2.04
5/07/2026,17:09:05,Mex Rent A Car,https://mexrentacar.com/es/index,OK,200,0.91
5/07/2026,17:09:05,Budget,https://budget.com.mx/#/,OK,200,0.62
5/07/2026,17:09:05,Localiza,https://www.localiza.com/mexico/es-mx,OK,200,1.48
5/07/2026,17:09:05,Enterprise,https://enterprise.mx/,OK,200,0.43
5/07/2026,17:09:05,Europcar,https://www.europcar.com.mx/,OK,200,0.69
5/07/2026,22:16:11,Hertz,https://www.hertzmexico.com/,OK,200,0.78
5/07/2026,22:16:11,Dollar,https://dollarmexico.com.mx/,OK,200,0.68
5/07/2026,22:16:11,Thrifty,https://www.thrifty.com.mx/,OK,200,0.7
5/07/2026,22:16:11,Firefly,https://www.fireflycarrental.com.mx/,OK,200,0.71
5/07/2026,22:16:11,Avis,https://avis.mx/,OK,200,0.81
5/07/2026,22:16:11,National,https://nationalcar.com.mx/,OK,200,2.27
5/07/2026,22:16:11,Alamo,https://www.alamo.com.mx/es,OK,200,1.62
5/07/2026,22:16:11,Mex Rent A Car,https://mexrentacar.com/es/index,OK,200,0.88
5/07/2026,22:16:11,Budget,https://budget.com.mx/#/,OK,200,2.01
5/07/2026,22:16:11,Localiza,https://www.localiza.com/mexico/es-mx,OK,200,1.05
5/07/2026,22:16:11,Enterprise,https://enterprise.mx/,OK,200,0.36
5/07/2026,22:16:11,Europcar,https://www.europcar.com.mx/,OK,200,0.64
6/07/2026,04:53:23,Hertz,https://www.hertzmexico.com/,OK,200,0.77
6/07/2026,04:53:23,Dollar,https://dollarmexico.com.mx/,OK,200,0.59
6/07/2026,04:53:23,Thrifty,https://www.thrifty.com.mx/,OK,200,0.67
6/07/2026,04:53:23,Firefly,https://www.fireflycarrental.com.mx/,OK,200,0.65
6/07/2026,04:53:23,Avis,https://avis.mx/,OK,200,0.86
6/07/2026,04:53:23,National,https://nationalcar.com.mx/,OK,200,3.2
6/07/2026,04:53:23,Alamo,https://www.alamo.com.mx/es,OK,200,1.22
6/07/2026,04:53:23,Mex Rent A Car,https://mexrentacar.com/es/index,OK,200,1.75
6/07/2026,04:53:23,Budget,https://budget.com.mx/#/,OK,200,0.66
6/07/2026,04:53:23,Localiza,https://www.localiza.com/mexico/es-mx,OK,200,1.42
6/07/2026,04:53:23,Enterprise,https://enterprise.mx/,OK,200,1.1
6/07/2026,04:53:23,Europcar,https://www.europcar.com.mx/,OK,200,0.65
6/07/2026,09:50:17,Hertz,https://www.hertzmexico.com/,OK,200,0.7
6/07/2026,09:50:17,Dollar,https://dollarmexico.com.mx/,OK,200,0.63
6/07/2026,09:50:17,Thrifty,https://www.thrifty.com.mx/,OK,200,0.6
6/07/2026,09:50:17,Firefly,https://www.fireflycarrental.com.mx/,OK,200,0.65
6/07/2026,09:50:17,Avis,https://avis.mx/,OK,200,0.97
6/07/2026,09:50:17,National,https://nationalcar.com.mx/,OK,200,3.7
6/07/2026,09:50:17,Alamo,https://www.alamo.com.mx/es,OK,200,1.14
6/07/2026,09:50:17,Mex Rent A Car,https://mexrentacar.com/es/index,OK,200,1.52
6/07/2026,09:50:17,Budget,https://budget.com.mx/#/,OK,200,0.61
6/07/2026,09:50:17,Localiza,https://www.localiza.com/mexico/es-mx,OK,200,0.9
6/07/2026,09:50:17,Enterprise,https://enterprise.mx/,OK,200,1.35
6/07/2026,09:50:17,Europcar,https://www.europcar.com.mx/,OK,200,0.36
6/07/2026,12:16:05,Hertz,https://www.hertzmexico.com/,OK,200,0.79
6/07/2026,12:16:05,Dollar,https://dollarmexico.com.mx/,OK,200,0.79
6/07/2026,12:16:05,Thrifty,https://www.thrifty.com.mx/,Fallo,403,0.09
6/07/2026,12:16:05,Firefly,https://www.fireflycarrental.com.mx/,Fallo,403,0.14
6/07/2026,12:16:05,Avis,https://avis.mx/,OK,200,0.8
6/07/2026,12:16:05,National,https://nationalcar.com.mx/,OK,200,2.51
6/07/2026,12:16:05,Alamo,https://www.alamo.com.mx/es,OK,200,1.54
6/07/2026,12:16:05,Mex Rent A Car,https://mexrentacar.com/es/index,OK,200,0.61
6/07/2026,12:16:05,Budget,https://budget.com.mx/#/,OK,200,0.58
6/07/2026,12:16:05,Localiza,https://www.localiza.com/mexico/es-mx,OK,200,1.16
6/07/2026,12:16:05,Enterprise,https://enterprise.mx/,OK,200,0.4
6/07/2026,12:16:05,Europcar,https://www.europcar.com.mx/,OK,200,0.9
6/07/2026,15:42:25,Hertz,https://www.hertzmexico.com/,OK,200,1.29
6/07/2026,15:42:25,Dollar,https://dollarmexico.com.mx/,OK,200,0.68
6/07/2026,15:42:25,Thrifty,https://www.thrifty.com.mx/,Fallo,403,0.06
6/07/2026,15:42:25,Firefly,https://www.fireflycarrental.com.mx/,Fallo,403,0.1
6/07/2026,15:42:25,Avis,https://avis.mx/,OK,200,0.78
6/07/2026,15:42:25,National,https://nationalcar.com.mx/,OK,200,2.3
6/07/2026,15:42:25,Alamo,https://www.alamo.com.mx/es,OK,200,1.66
6/07/2026,15:42:25,Mex Rent A Car,https://mexrentacar.com/es/index,OK,200,0.89
6/07/2026,15:42:25,Budget,https://budget.com.mx/#/,OK,200,1.0
6/07/2026,15:42:25,Localiza,https://www.localiza.com/mexico/es-mx,OK,200,1.06
6/07/2026,15:42:25,Enterprise,https://enterprise.mx/,OK,200,0.4
6/07/2026,15:42:25,Europcar,https://www.europcar.com.mx/,OK,200,0.61
6/07/2026,17:14:28,Hertz,https://www.hertzmexico.com/,OK,200,0.72
6/07/2026,17:14:28,Dollar,https://dollarmexico.com.mx/,OK,200,0.59
6/07/2026,17:14:28,Thrifty,https://www.thrifty.com.mx/,Fallo,403,0.07
6/07/2026,17:14:28,Firefly,https://www.fireflycarrental.com.mx/,Fallo,403,0.17
6/07/2026,17:14:28,Avis,https://avis.mx/,OK,200,0.86
6/07/2026,17:14:28,National,https://nationalcar.com.mx/,OK,200,2.27
6/07/2026,17:14:28,Alamo,https://www.alamo.com.mx/es,OK,200,1.61
6/07/2026,17:14:28,Mex Rent A Car,https://mexrentacar.com/es/index,OK,200,0.77
6/07/2026,17:14:28,Budget,https://budget.com.mx/#/,OK,200,0.47
6/07/2026,17:14:28,Localiza,https://www.localiza.com/mexico/es-mx,OK,200,1.28
6/07/2026,17:14:28,Enterprise,https://enterprise.mx/,OK,200,0.45
6/07/2026,17:14:28,Europcar,https://www.europcar.com.mx/,OK,200,0.59
6/07/2026,22:05:56,Hertz,https://www.hertzmexico.com/,OK,200,0.63
6/07/2026,22:05:56,Dollar,https://dollarmexico.com.mx/,OK,200,0.55
6/07/2026,22:05:56,Thrifty,https://www.thrifty.com.mx/,Fallo,403,0.18
6/07/2026,22:05:56,Firefly,https://www.fireflycarrental.com.mx/,Fallo,403,0.19
6/07/2026,22:05:56,Avis,https://avis.mx/,OK,200,0.86
6/07/2026,22:05:56,National,https://nationalcar.com.mx/,OK,200,3.32
6/07/2026,22:05:56,Alamo,https://www.alamo.com.mx/es,OK,200,1.45
6/07/2026,22:05:56,Mex Rent A Car,https://mexrentacar.com/es/index,OK,200,1.79
6/07/2026,22:05:56,Budget,https://budget.com.mx/#/,OK,200,0.54
6/07/2026,22:05:56,Localiza,https://www.localiza.com/mexico/es-mx,OK,200,1.28
6/07/2026,22:05:56,Enterprise,https://enterprise.mx/,OK,200,1.16
6/07/2026,22:05:56,Europcar,https://www.europcar.com.mx/,OK,200,0.69
7/07/2026,03:55:13,Hertz,https://www.hertzmexico.com/,OK,200,0.6
7/07/2026,03:55:13,Dollar,https://dollarmexico.com.mx/,OK,200,0.5
7/07/2026,03:55:13,Thrifty,https://www.thrifty.com.mx/,Fallo,403,0.19
7/07/2026,03:55:13,Firefly,https://www.fireflycarrental.com.mx/,Fallo,403,0.12
7/07/2026,03:55:13,Avis,https://avis.mx/,OK,200,0.72
7/07/2026,03:55:13,National,https://nationalcar.com.mx/,OK,200,3.3
7/07/2026,03:55:13,Alamo,https://www.alamo.com.mx/es,OK,200,1.21
7/07/2026,03:55:13,Mex Rent A Car,https://mexrentacar.com/es/index,OK,200,1.42
7/07/2026,03:55:13,Budget,https://budget.com.mx/#/,OK,200,0.88
7/07/2026,03:55:13,Localiza,https://www.localiza.com/mexico/es-mx,OK,200,1.35
7/07/2026,03:55:13,Enterprise,https://enterprise.mx/,OK,200,1.05
7/07/2026,03:55:13,Europcar,https://www.europcar.com.mx/,OK,200,0.59
7/07/2026,06:32:21,Hertz,https://www.hertzmexico.com/,OK,200,0.56
7/07/2026,06:32:21,Dollar,https://dollarmexico.com.mx/,OK,200,0.47
7/07/2026,06:32:21,Thrifty,https://www.thrifty.com.mx/,Fallo,403,0.21
7/07/2026,06:32:21,Firefly,https://www.fireflycarrental.com.mx/,Fallo,403,0.19
7/07/2026,06:32:21,Avis,https://avis.mx/,OK,200,0.91
7/07/2026,06:32:21,National,https://nationalcar.com.mx/,OK,200,3.71
7/07/2026,06:32:21,Alamo,https://www.alamo.com.mx/es,OK,200,1.35
7/07/2026,06:32:21,Mex Rent A Car,https://mexrentacar.com/es/index,OK,200,0.96
7/07/2026,06:32:21,Budget,https://budget.com.mx/#/,OK,200,0.96
7/07/2026,06:32:21,Localiza,https://www.localiza.com/mexico/es-mx,OK,200,1.1
7/07/2026,06:32:21,Enterprise,https://enterprise.mx/,OK,200,1.35
7/07/2026,06:32:21,Europcar,https://www.europcar.com.mx/,OK,200,0.49
7/07/2026,10:36:32,Hertz,https://www.hertzmexico.com/,OK,200,0.65
7/07/2026,10:36:32,Dollar,https://dollarmexico.com.mx/,OK,200,0.56
7/07/2026,10:36:32,Thrifty,https://www.thrifty.com.mx/,Fallo,403,0.14
7/07/2026,10:36:32,Firefly,https://www.fireflycarrental.com.mx/,Fallo,403,0.08
7/07/2026,10:36:32,Avis,https://avis.mx/,OK,200,0.9
7/07/2026,10:36:32,National,https://nationalcar.com.mx/,OK,200,2.44
7/07/2026,10:36:32,Alamo,https://www.alamo.com.mx/es,OK,200,1.73
7/07/2026,10:36:32,Mex Rent A Car,https://mexrentacar.com/es/index,OK,200,0.95
7/07/2026,10:36:32,Budget,https://budget.com.mx/#/,OK,200,0.61
7/07/2026,10:36:32,Localiza,https://www.localiza.com/mexico/es-mx,OK,200,0.87
7/07/2026,10:36:32,Enterprise,https://enterprise.mx/,OK,200,0.44
7/07/2026,10:36:32,Europcar,https://www.europcar.com.mx/,OK,200,0.64
7/07/2026,14:06:47,Hertz,https://www.hertzmexico.com/,OK,200,0.73
7/07/2026,14:06:47,Dollar,https://dollarmexico.com.mx/,OK,200,0.71
7/07/2026,14:06:47,Thrifty,https://www.thrifty.com.mx/,OK,200,0.69
7/07/2026,14:06:47,Firefly,https://www.fireflycarrental.com.mx/,OK,200,0.71
7/07/2026,14:06:47,Avis,https://avis.mx/,OK,200,0.67
7/07/2026,14:06:47,National,https://nationalcar.com.mx/,OK,200,2.6
7/07/2026,14:06:47,Alamo,https://www.alamo.com.mx/es,OK,200,2.07
7/07/2026,14:06:47,Mex Rent A Car,https://mexrentacar.com/es/index,OK,200,1.09
7/07/2026,14:06:47,Budget,https://budget.com.mx/#/,OK,200,0.68
7/07/2026,14:06:47,Localiza,https://www.localiza.com/mexico/es-mx,OK,200,1.96
7/07/2026,14:06:47,Enterprise,https://enterprise.mx/,OK,200,0.39
7/07/2026,14:06:47,Europcar,https://www.europcar.com.mx/,OK,200,0.66
7/07/2026,17:08:22,Hertz,https://www.hertzmexico.com/,OK,200,0.67
7/07/2026,17:08:22,Dollar,https://dollarmexico.com.mx/,OK,200,0.63
7/07/2026,17:08:22,Thrifty,https://www.thrifty.com.mx/,Fallo,403,0.1
7/07/2026,17:08:22,Firefly,https://www.fireflycarrental.com.mx/,Fallo,403,0.08
7/07/2026,17:08:22,Avis,https://avis.mx/,OK,200,0.8
7/07/2026,17:08:22,National,https://nationalcar.com.mx/,OK,200,2.15
7/07/2026,17:08:22,Alamo,https://www.alamo.com.mx/es,OK,200,1.96
7/07/2026,17:08:22,Mex Rent A Car,https://mexrentacar.com/es/index,OK,200,0.76
7/07/2026,17:08:22,Budget,https://budget.com.mx/#/,OK,200,0.48
7/07/2026,17:08:22,Localiza,https://www.localiza.com/mexico/es-mx,OK,200,0.72
7/07/2026,17:08:22,Enterprise,https://enterprise.mx/,OK,200,0.37
7/07/2026,17:08:22,Europcar,https://www.europcar.com.mx/,OK,200,0.64
7/07/2026,21:31:36,Hertz,https://www.hertzmexico.com/,OK,200,0.76
7/07/2026,21:31:36,Dollar,https://dollarmexico.com.mx/,OK,200,1.37
7/07/2026,21:31:36,Thrifty,https://www.thrifty.com.mx/,Fallo,403,0.13
7/07/2026,21:31:36,Firefly,https://www.fireflycarrental.com.mx/,Fallo,403,0.11
7/07/2026,21:31:36,Avis,https://avis.mx/,OK,200,0.78
7/07/2026,21:31:36,National,https://nationalcar.com.mx/,OK,200,3.49
7/07/2026,21:31:36,Alamo,https://www.alamo.com.mx/es,OK,200,1.67
7/07/2026,21:31:36,Mex Rent A Car,https://mexrentacar.com/es/index,OK,200,1.16
7/07/2026,21:31:36,Budget,https://budget.com.mx/#/,OK,200,0.84
7/07/2026,21:31:36,Localiza,https://www.localiza.com/mexico/es-mx,OK,200,1.21
7/07/2026,21:31:36,Enterprise,https://enterprise.mx/,OK,200,0.39
7/07/2026,21:31:36,Europcar,https://www.europcar.com.mx/,OK,200,1.67
8/07/2026,00:35:01,Hertz,https://www.hertzmexico.com/,OK,200,0.71
8/07/2026,00:35:01,Dollar,https://dollarmexico.com.mx/,OK,200,7.8
8/07/2026,00:35:01,Thrifty,https://www.thrifty.com.mx/,OK,200,4.38
8/07/2026,00:35:01,Firefly,https://www.fireflycarrental.com.mx/,OK,200,1.25
8/07/2026,00:35:01,Avis,https://avis.mx/,OK,200,0.8
8/07/2026,00:35:01,National,https://nationalcar.com.mx/,OK,200,2.3
8/07/2026,00:35:01,Alamo,https://www.alamo.com.mx/es,OK,200,1.93
8/07/2026,00:35:01,Mex Rent A Car,https://mexrentacar.com/es/index,OK,200,0.96
8/07/2026,00:35:01,Budget,https://budget.com.mx/#/,OK,200,0.49
8/07/2026,00:35:01,Localiza,https://www.localiza.com/mexico/es-mx,OK,200,1.64
8/07/2026,00:35:01,Enterprise,https://enterprise.mx/,OK,200,0.48
8/07/2026,00:35:01,Europcar,https://www.europcar.com.mx/,OK,200,0.69
8/07/2026,04:26:58,Hertz,https://www.hertzmexico.com/,OK,200,10.78
8/07/2026,04:26:58,Dollar,https://dollarmexico.com.mx/,OK,200,3.53
8/07/2026,04:26:58,Thrifty,https://www.thrifty.com.mx/,OK,200,0.69
8/07/2026,04:26:58,Firefly,https://www.fireflycarrental.com.mx/,OK,200,0.61
8/07/2026,04:26:58,Avis,https://avis.mx/,OK,200,0.77
8/07/2026,04:26:58,National,https://nationalcar.com.mx/,OK,200,2.35
8/07/2026,04:26:58,Alamo,https://www.alamo.com.mx/es,OK,200,1.73
8/07/2026,04:26:58,Mex Rent A Car,https://mexrentacar.com/es/index,OK,200,0.86
8/07/2026,04:26:58,Budget,https://budget.com.mx/#/,OK,200,0.63
8/07/2026,04:26:58,Localiza,https://www.localiza.com/mexico/es-mx,OK,200,1.15
8/07/2026,04:26:58,Enterprise,https://enterprise.mx/,OK,200,0.43
8/07/2026,04:26:58,Europcar,https://www.europcar.com.mx/,OK,200,0.6
8/07/2026,08:31:53,Hertz,https://www.hertzmexico.com/,OK,200,0.71
8/07/2026,08:31:53,Dollar,https://dollarmexico.com.mx/,OK,200,0.57
8/07/2026,08:31:53,Thrifty,https://www.thrifty.com.mx/,Fallo,403,0.2
8/07/2026,08:31:53,Firefly,https://www.fireflycarrental.com.mx/,Fallo,403,0.17
8/07/2026,08:31:53,Avis,https://avis.mx/,OK,200,1.5
8/07/2026,08:31:53,National,https://nationalcar.com.mx/,OK,200,3.28
8/07/2026,08:31:53,Alamo,https://www.alamo.com.mx/es,OK,200,1.51
8/07/2026,08:31:53,Mex Rent A Car,https://mexrentacar.com/es/index,OK,200,1.47
8/07/2026,08:31:53,Budget,https://budget.com.mx/#/,OK,200,0.69
8/07/2026,08:31:53,Localiza,https://www.localiza.com/mexico/es-mx,OK,200,1.28
8/07/2026,08:31:53,Enterprise,https://enterprise.mx/,OK,200,1.25
8/07/2026,08:31:53,Europcar,https://www.europcar.com.mx/,OK,200,0.6
8/07/2026,11:45:54,Hertz,https://www.hertzmexico.com/,OK,200,0.39
8/07/2026,11:45:54,Dollar,https://dollarmexico.com.mx/,OK,200,0.59
8/07/2026,11:45:54,Thrifty,https://www.thrifty.com.mx/,OK,200,0.61
8/07/2026,11:45:54,Firefly,https://www.fireflycarrental.com.mx/,OK,200,0.55
8/07/2026,11:45:54,Avis,https://avis.mx/,OK,200,0.78
8/07/2026,11:45:54,National,https://nationalcar.com.mx/,OK,200,3.07
8/07/2026,11:45:54,Alamo,https://www.alamo.com.mx/es,OK,200,1.4
8/07/2026,11:45:54,Mex Rent A Car,https://mexrentacar.com/es/index,OK,200,0.95
8/07/2026,11:45:54,Budget,https://budget.com.mx/#/,OK,200,0.79
8/07/2026,11:45:54,Localiza,https://www.localiza.com/mexico/es-mx,OK,200,1.92
8/07/2026,11:45:54,Enterprise,https://enterprise.mx/,OK,200,0.91
8/07/2026,11:45:54,Europcar,https://www.europcar.com.mx/,OK,200,0.61
8/07/2026,13:45:29,Hertz,https://www.hertzmexico.com/,OK,200,0.63
8/07/2026,13:45:29,Dollar,https://dollarmexico.com.mx/,OK,200,0.43
8/07/2026,13:45:29,Thrifty,https://www.thrifty.com.mx/,Fallo,403,0.15
8/07/2026,13:45:29,Firefly,https://www.fireflycarrental.com.mx/,Fallo,403,0.16
8/07/2026,13:45:29,Avis,https://avis.mx/,OK,200,0.89
8/07/2026,13:45:29,National,https://nationalcar.com.mx/,OK,200,3.27
8/07/2026,13:45:29,Alamo,https://www.alamo.com.mx/es,OK,200,1.36
8/07/2026,13:45:29,Mex Rent A Car,https://mexrentacar.com/es/index,OK,200,0.99
8/07/2026,13:45:29,Budget,https://budget.com.mx/#/,OK,200,0.46
8/07/2026,13:45:29,Localiza,https://www.localiza.com/mexico/es-mx,OK,200,1.49
8/07/2026,13:45:29,Enterprise,https://enterprise.mx/,OK,200,1.18
8/07/2026,13:45:29,Europcar,https://www.europcar.com.mx/,OK,200,0.6
8/07/2026,15:16:41,Hertz,https://www.hertzmexico.com/,OK,200,0.61
8/07/2026,15:16:41,Dollar,https://dollarmexico.com.mx/,OK,200,0.67
8/07/2026,15:16:41,Thrifty,https://www.thrifty.com.mx/,Fallo,403,0.18
8/07/2026,15:16:41,Firefly,https://www.fireflycarrental.com.mx/,Fallo,403,0.13
8/07/2026,15:16:41,Avis,https://avis.mx/,OK,200,0.94
8/07/2026,15:16:41,National,https://nationalcar.com.mx/,OK,200,2.79
8/07/2026,15:16:41,Alamo,https://www.alamo.com.mx/es,OK,200,1.8
8/07/2026,15:16:41,Mex Rent A Car,https://mexrentacar.com/es/index,OK,200,0.85
8/07/2026,15:16:41,Budget,https://budget.com.mx/#/,OK,200,1.19
8/07/2026,15:16:41,Localiza,https://www.localiza.com/mexico/es-mx,OK,200,1.11
8/07/2026,15:16:41,Enterprise,https://enterprise.mx/,OK,200,0.84
8/07/2026,15:16:41,Europcar,https://www.europcar.com.mx/,OK,200,0.76
8/07/2026,17:16:22,Hertz,https://www.hertzmexico.com/,OK,200,0.79
8/07/2026,17:16:22,Dollar,https://dollarmexico.com.mx/,OK,200,0.83
8/07/2026,17:16:22,Thrifty,https://www.thrifty.com.mx/,OK,200,0.67
8/07/2026,17:16:22,Firefly,https://www.fireflycarrental.com.mx/,OK,200,1.09
8/07/2026,17:16:22,Avis,https://avis.mx/,OK,200,0.81
8/07/2026,17:16:22,National,https://nationalcar.com.mx/,OK,200,2.49
8/07/2026,17:16:22,Alamo,https://www.alamo.com.mx/es,OK,200,1.76
8/07/2026,17:16:22,Mex Rent A Car,https://mexrentacar.com/es/index,OK,200,0.89
8/07/2026,17:16:22,Budget,https://budget.com.mx/#/,OK,200,0.64
8/07/2026,17:16:22,Localiza,https://www.localiza.com/mexico/es-mx,OK,200,2.35
8/07/2026,17:16:22,Enterprise,https://enterprise.mx/,OK,200,0.41
8/07/2026,17:16:22,Europcar,https://www.europcar.com.mx/,OK,200,0.78
8/07/2026,22:00:06,Hertz,https://www.hertzmexico.com/,OK,200,0.72
8/07/2026,22:00:06,Dollar,https://dollarmexico.com.mx/,OK,200,0.52
8/07/2026,22:00:06,Thrifty,https://www.thrifty.com.mx/,Fallo,403,0.2
8/07/2026,22:00:06,Firefly,https://www.fireflycarrental.com.mx/,Fallo,403,0.13
8/07/2026,22:00:06,Avis,https://avis.mx/,OK,200,0.85
8/07/2026,22:00:06,National,https://nationalcar.com.mx/,OK,200,3.77
8/07/2026,22:00:06,Alamo,https://www.alamo.com.mx/es,OK,200,1.16
8/07/2026,22:00:06,Mex Rent A Car,https://mexrentacar.com/es/index,OK,200,1.78
8/07/2026,22:00:06,Budget,https://budget.com.mx/#/,OK,200,0.5
8/07/2026,22:00:06,Localiza,https://www.localiza.com/mexico/es-mx,OK,200,1.98
8/07/2026,22:00:06,Enterprise,https://enterprise.mx/,OK,200,1.45
8/07/2026,22:00:06,Europcar,https://www.europcar.com.mx/,OK,200,0.47
9/07/2026,01:49:30,Hertz,https://www.hertzmexico.com/,OK,200,3.76
9/07/2026,01:49:30,Dollar,https://dollarmexico.com.mx/,OK,200,0.61
9/07/2026,01:49:30,Thrifty,https://www.thrifty.com.mx/,Fallo,403,0.19
9/07/2026,01:49:30,Firefly,https://www.fireflycarrental.com.mx/,Fallo,403,0.19
9/07/2026,01:49:30,Avis,https://avis.mx/,OK,200,1.01
9/07/2026,01:49:30,National,https://nationalcar.com.mx/,OK,200,3.19
9/07/2026,01:49:30,Alamo,https://www.alamo.com.mx/es,OK,200,1.31
9/07/2026,01:49:30,Mex Rent A Car,https://mexrentacar.com/es/index,OK,200,1.18
9/07/2026,01:49:30,Budget,https://budget.com.mx/#/,OK,200,0.53
9/07/2026,01:49:30,Localiza,https://www.localiza.com/mexico/es-mx,OK,200,1.51
9/07/2026,01:49:30,Enterprise,https://enterprise.mx/,OK,200,0.91
9/07/2026,01:49:30,Europcar,https://www.europcar.com.mx/,OK,200,0.49
9/07/2026,05:13:33,Hertz,https://www.hertzmexico.com/,OK,200,1.1
9/07/2026,05:13:33,Dollar,https://dollarmexico.com.mx/,OK,200,0.61
9/07/2026,05:13:33,Thrifty,https://www.thrifty.com.mx/,Fallo,403,0.21
9/07/2026,05:13:33,Firefly,https://www.fireflycarrental.com.mx/,Fallo,403,0.13
9/07/2026,05:13:33,Avis,https://avis.mx/,OK,200,0.87
9/07/2026,05:13:33,National,https://nationalcar.com.mx/,OK,200,3.78
9/07/2026,05:13:33,Alamo,https://www.alamo.com.mx/es,OK,200,1.21
9/07/2026,05:13:33,Mex Rent A Car,https://mexrentacar.com/es/index,OK,200,1.95
9/07/2026,05:13:33,Budget,https://budget.com.mx/#/,OK,200,0.51
9/07/2026,05:13:33,Localiza,https://www.localiza.com/mexico/es-mx,OK,200,1.57
9/07/2026,05:13:33,Enterprise,https://enterprise.mx/,OK,200,1.39
9/07/2026,05:13:33,Europcar,https://www.europcar.com.mx/,OK,200,0.44
9/07/2026,09:27:12,Hertz,https://www.hertzmexico.com/,OK,200,0.84
9/07/2026,09:27:12,Dollar,https://dollarmexico.com.mx/,OK,200,9.79
9/07/2026,09:27:12,Thrifty,https://www.thrifty.com.mx/,OK,200,0.59
9/07/2026,09:27:12,Firefly,https://www.fireflycarrental.com.mx/,OK,200,0.69
9/07/2026,09:27:12,Avis,https://avis.mx/,OK,200,0.83
9/07/2026,09:27:12,National,https://nationalcar.com.mx/,OK,200,2.47
9/07/2026,09:27:12,Alamo,https://www.alamo.com.mx/es,OK,200,1.63
9/07/2026,09:27:12,Mex Rent A Car,https://mexrentacar.com/es/index,OK,200,0.89
9/07/2026,09:27:12,Budget,https://budget.com.mx/#/,OK,200,1.01
9/07/2026,09:27:12,Localiza,https://www.localiza.com/mexico/es-mx,OK,200,0.91
9/07/2026,09:27:12,Enterprise,https://enterprise.mx/,OK,200,0.58
9/07/2026,09:27:12,Europcar,https://www.europcar.com.mx/,OK,200,0.65
9/07/2026,12:04:30,Hertz,https://www.hertzmexico.com/,OK,200,0.85
9/07/2026,12:04:30,Dollar,https://dollarmexico.com.mx/,OK,200,0.62
9/07/2026,12:04:30,Thrifty,https://www.thrifty.com.mx/,Fallo,403,0.18
9/07/2026,12:04:30,Firefly,https://www.fireflycarrental.com.mx/,Fallo,403,0.1
9/07/2026,12:04:30,Avis,https://avis.mx/,OK,200,0.77
9/07/2026,12:04:30,National,https://nationalcar.com.mx/,OK,200,2.31
9/07/2026,12:04:30,Alamo,https://www.alamo.com.mx/es,OK,200,1.65
9/07/2026,12:04:30,Mex Rent A Car,https://mexrentacar.com/es/index,OK,200,0.87
9/07/2026,12:04:30,Budget,https://budget.com.mx/#/,OK,200,0.48
9/07/2026,12:04:30,Localiza,https://www.localiza.com/mexico/es-mx,OK,200,1.09
9/07/2026,12:04:30,Enterprise,https://enterprise.mx/,OK,200,0.47
9/07/2026,12:04:30,Europcar,https://www.europcar.com.mx/,OK,200,0.94
9/07/2026,15:36:13,Hertz,https://www.hertzmexico.com/,OK,200,0.67
9/07/2026,15:36:13,Dollar,https://dollarmexico.com.mx/,OK,200,0.55
9/07/2026,15:36:13,Thrifty,https://www.thrifty.com.mx/,OK,200,0.54
9/07/2026,15:36:13,Firefly,https://www.fireflycarrental.com.mx/,OK,200,0.78
9/07/2026,15:36:13,Avis,https://avis.mx/,OK,200,0.72
9/07/2026,15:36:13,National,https://nationalcar.com.mx/,OK,200,3.48
9/07/2026,15:36:13,Alamo,https://www.alamo.com.mx/es,OK,200,2.25
9/07/2026,15:36:13,Mex Rent A Car,https://mexrentacar.com/es/index,OK,200,1.49
9/07/2026,15:36:13,Budget,https://budget.com.mx/#/,OK,200,0.51
9/07/2026,15:36:13,Localiza,https://www.localiza.com/mexico/es-mx,OK,200,1.45
9/07/2026,15:36:13,Enterprise,https://enterprise.mx/,OK,200,1.33
9/07/2026,15:36:13,Europcar,https://www.europcar.com.mx/,OK,200,0.7
9/07/2026,17:19:27,Hertz,https://www.hertzmexico.com/,OK,200,0.78
9/07/2026,17:19:27,Dollar,https://dollarmexico.com.mx/,OK,200,0.83
9/07/2026,17:19:27,Thrifty,https://www.thrifty.com.mx/,Fallo,403,0.09
9/07/2026,17:19:27,Firefly,https://www.fireflycarrental.com.mx/,Fallo,403,0.07
9/07/2026,17:19:27,Avis,https://avis.mx/,OK,200,0.81
9/07/2026,17:19:27,National,https://nationalcar.com.mx/,OK,200,2.39
9/07/2026,17:19:27,Alamo,https://www.alamo.com.mx/es,OK,200,2.11
9/07/2026,17:19:27,Mex Rent A Car,https://mexrentacar.com/es/index,OK,200,0.88
9/07/2026,17:19:27,Budget,https://budget.com.mx/#/,OK,200,1.0
9/07/2026,17:19:27,Localiza,https://www.localiza.com/mexico/es-mx,OK,200,1.4
9/07/2026,17:19:27,Enterprise,https://enterprise.mx/,OK,200,0.42
9/07/2026,17:19:27,Europcar,https://www.europcar.com.mx/,OK,200,0.64
9/07/2026,22:00:04,Hertz,https://www.hertzmexico.com/,OK,200,0.66
9/07/2026,22:00:04,Dollar,https://dollarmexico.com.mx/,OK,200,0.51
9/07/2026,22:00:04,Thrifty,https://www.thrifty.com.mx/,Fallo,403,0.2
9/07/2026,22:00:04,Firefly,https://www.fireflycarrental.com.mx/,Fallo,403,0.28
9/07/2026,22:00:04,Avis,https://avis.mx/,OK,200,1.08
9/07/2026,22:00:04,National,https://nationalcar.com.mx/,OK,200,3.95
9/07/2026,22:00:04,Alamo,https://www.alamo.com.mx/es,OK,200,1.27
9/07/2026,22:00:04,Mex Rent A Car,https://mexrentacar.com/es/index,OK,200,1.94
9/07/2026,22:00:04,Budget,https://budget.com.mx/#/,OK,200,0.99
9/07/2026,22:00:04,Localiza,https://www.localiza.com/mexico/es-mx,OK,200,1.09
9/07/2026,22:00:04,Enterprise,https://enterprise.mx/,OK,200,1.39
9/07/2026,22:00:04,Europcar,https://www.europcar.com.mx/,OK,200,0.46
10/07/2026,01:55:13,Hertz,https://www.hertzmexico.com/,OK,200,0.97
10/07/2026,01:55:13,Dollar,https://dollarmexico.com.mx/,OK,200,7.88
10/07/2026,01:55:13,Thrifty,https://www.thrifty.com.mx/,Fallo,403,0.18
10/07/2026,01:55:13,Firefly,https://www.fireflycarrental.com.mx/,Fallo,403,0.26
10/07/2026,01:55:13,Avis,https://avis.mx/,OK,200,0.71
10/07/2026,01:55:13,National,https://nationalcar.com.mx/,OK,200,3.4
10/07/2026,01:55:13,Alamo,https://www.alamo.com.mx/es,OK,200,1.38
10/07/2026,01:55:13,Mex Rent A Car,https://mexrentacar.com/es/index,OK,200,1.37
10/07/2026,01:55:13,Budget,https://budget.com.mx/#/,OK,200,0.7
10/07/2026,01:55:13,Localiza,https://www.localiza.com/mexico/es-mx,OK,200,1.29
10/07/2026,01:55:13,Enterprise,https://enterprise.mx/,OK,200,1.2
10/07/2026,01:55:13,Europcar,https://www.europcar.com.mx/,OK,200,0.7
10/07/2026,05:12:47,Hertz,https://www.hertzmexico.com/,OK,200,0.7
10/07/2026,05:12:47,Dollar,https://dollarmexico.com.mx/,OK,200,0.57
10/07/2026,05:12:47,Thrifty,https://www.thrifty.com.mx/,Fallo,403,0.23
10/07/2026,05:12:47,Firefly,https://www.fireflycarrental.com.mx/,Fallo,403,0.13
10/07/2026,05:12:47,Avis,https://avis.mx/,OK,200,0.98
10/07/2026,05:12:47,National,https://nationalcar.com.mx/,OK,200,3.86
10/07/2026,05:12:47,Alamo,https://www.alamo.com.mx/es,OK,200,1.3
10/07/2026,05:12:47,Mex Rent A Car,https://mexrentacar.com/es/index,OK,200,1.85
10/07/2026,05:12:47,Budget,https://budget.com.mx/#/,OK,200,1.05
10/07/2026,05:12:47,Localiza,https://www.localiza.com/mexico/es-mx,OK,200,1.37
10/07/2026,05:12:47,Enterprise,https://enterprise.mx/,OK,200,1.48
10/07/2026,05:12:47,Europcar,https://www.europcar.com.mx/,OK,200,0.46
10/07/2026,08:44:34,Hertz,https://www.hertzmexico.com/,OK,200,0.79
10/07/2026,08:44:34,Dollar,https://dollarmexico.com.mx/,OK,200,0.6
10/07/2026,08:44:34,Thrifty,https://www.thrifty.com.mx/,Fallo,403,0.13
10/07/2026,08:44:34,Firefly,https://www.fireflycarrental.com.mx/,Fallo,403,0.1
10/07/2026,08:44:34,Avis,https://avis.mx/,OK,200,0.91
10/07/2026,08:44:34,National,https://nationalcar.com.mx/,OK,200,2.36
10/07/2026,08:44:34,Alamo,https://www.alamo.com.mx/es,OK,200,1.58
10/07/2026,08:44:34,Mex Rent A Car,https://mexrentacar.com/es/index,OK,200,1.05
10/07/2026,08:44:34,Budget,https://budget.com.mx/#/,OK,200,0.55
10/07/2026,08:44:34,Localiza,https://www.localiza.com/mexico/es-mx,OK,200,2.64
10/07/2026,08:44:34,Enterprise,https://enterprise.mx/,OK,200,0.48
10/07/2026,08:44:34,Europcar,https://www.europcar.com.mx/,OK,200,0.65
10/07/2026,11:52:45,Hertz,https://www.hertzmexico.com/,OK,200,0.83
10/07/2026,11:52:45,Dollar,https://dollarmexico.com.mx/,OK,200,0.46
10/07/2026,11:52:45,Thrifty,https://www.thrifty.com.mx/,OK,200,0.69
10/07/2026,11:52:45,Firefly,https://www.fireflycarrental.com.mx/,OK,200,0.62
10/07/2026,11:52:45,Avis,https://avis.mx/,OK,200,0.92
10/07/2026,11:52:45,National,https://nationalcar.com.mx/,OK,200,3.74
10/07/2026,11:52:45,Alamo,https://www.alamo.com.mx/es,OK,200,1.09
10/07/2026,11:52:45,Mex Rent A Car,https://mexrentacar.com/es/index,OK,200,1.89
10/07/2026,11:52:45,Budget,https://budget.com.mx/#/,OK,200,0.52
10/07/2026,11:52:45,Localiza,https://www.localiza.com/mexico/es-mx,OK,200,1.32
10/07/2026,11:52:45,Enterprise,https://enterprise.mx/,OK,200,1.39
10/07/2026,11:52:45,Europcar,https://www.europcar.com.mx/,OK,200,0.46
10/07/2026,13:43:45,Hertz,https://www.hertzmexico.com/,OK,200,0.93
10/07/2026,13:43:45,Dollar,https://dollarmexico.com.mx/,OK,200,0.58
10/07/2026,13:43:45,Thrifty,https://www.thrifty.com.mx/,OK,200,0.66
10/07/2026,13:43:45,Firefly,https://www.fireflycarrental.com.mx/,OK,200,0.64
10/07/2026,13:43:45,Avis,https://avis.mx/,OK,200,0.76
10/07/2026,13:43:45,National,https://nationalcar.com.mx/,OK,200,2.27
10/07/2026,13:43:45,Alamo,https://www.alamo.com.mx/es,OK,200,1.63
10/07/2026,13:43:45,Mex Rent A Car,https://mexrentacar.com/es/index,OK,200,0.9
10/07/2026,13:43:45,Budget,https://budget.com.mx/#/,OK,200,1.04
10/07/2026,13:43:45,Localiza,https://www.localiza.com/mexico/es-mx,OK,200,1.07
10/07/2026,13:43:45,Enterprise,https://enterprise.mx/,OK,200,0.38
10/07/2026,13:43:45,Europcar,https://www.europcar.com.mx/,OK,200,0.67
10/07/2026,15:13:25,Hertz,https://www.hertzmexico.com/,OK,200,0.55
10/07/2026,15:13:25,Dollar,https://dollarmexico.com.mx/,OK,200,0.49
10/07/2026,15:13:25,Thrifty,https://www.thrifty.com.mx/,Fallo,403,0.21
10/07/2026,15:13:25,Firefly,https://www.fireflycarrental.com.mx/,Fallo,403,0.17
10/07/2026,15:13:25,Avis,https://avis.mx/,OK,200,0.87
10/07/2026,15:13:25,National,https://nationalcar.com.mx/,OK,200,3.8
10/07/2026,15:13:25,Alamo,https://www.alamo.com.mx/es,OK,200,1.52
10/07/2026,15:13:25,Mex Rent A Car,https://mexrentacar.com/es/index,OK,200,1.83
10/07/2026,15:13:25,Budget,https://budget.com.mx/#/,OK,200,0.53
10/07/2026,15:13:25,Localiza,https://www.localiza.com/mexico/es-mx,OK,200,0.95
10/07/2026,15:13:25,Enterprise,https://enterprise.mx/,OK,200,1.44
10/07/2026,15:13:25,Europcar,https://www.europcar.com.mx/,OK,200,0.48
10/07/2026,17:05:05,Hertz,https://www.hertzmexico.com/,OK,200,0.71
10/07/2026,17:05:05,Dollar,https://dollarmexico.com.mx/,OK,200,0.45
10/07/2026,17:05:05,Thrifty,https://www.thrifty.com.mx/,Fallo,403,0.16
10/07/2026,17:05:05,Firefly,https://www.fireflycarrental.com.mx/,Fallo,403,0.12
10/07/2026,17:05:05,Avis,https://avis.mx/,OK,200,0.82
10/07/2026,17:05:05,National,https://nationalcar.com.mx/,OK,200,3.31
10/07/2026,17:05:05,Alamo,https://www.alamo.com.mx/es,OK,200,1.34
10/07/2026,17:05:05,Mex Rent A Car,https://mexrentacar.com/es/index,OK,200,1.36
10/07/2026,17:05:05,Budget,https://budget.com.mx/#/,OK,200,1.63
10/07/2026,17:05:05,Localiza,https://www.localiza.com/mexico/es-mx,OK,200,1.11
10/07/2026,17:05:05,Enterprise,https://enterprise.mx/,OK,200,1.14
10/07/2026,17:05:05,Europcar,https://www.europcar.com.mx/,OK,200,0.61
10/07/2026,21:27:02,Hertz,https://www.hertzmexico.com/,OK,200,0.95
10/07/2026,21:27:02,Dollar,https://dollarmexico.com.mx/,OK,200,0.5
10/07/2026,21:27:02,Thrifty,https://www.thrifty.com.mx/,Fallo,403,0.16
10/07/2026,21:27:02,Firefly,https://www.fireflycarrental.com.mx/,Fallo,403,0.15
10/07/2026,21:27:02,Avis,https://avis.mx/,OK,200,0.88
10/07/2026,21:27:02,National,https://nationalcar.com.mx/,OK,200,3.93
10/07/2026,21:27:02,Alamo,https://www.alamo.com.mx/es,OK,200,1.17
10/07/2026,21:27:02,Mex Rent A Car,https://mexrentacar.com/es/index,OK,200,2.09
10/07/2026,21:27:02,Budget,https://budget.com.mx/#/,OK,200,1.01
10/07/2026,21:27:02,Localiza,https://www.localiza.com/mexico/es-mx,OK,200,1.5
10/07/2026,21:27:02,Enterprise,https://enterprise.mx/,OK,200,1.34
10/07/2026,21:27:02,Europcar,https://www.europcar.com.mx/,OK,200,0.53
11/07/2026,00:21:23,Hertz,https://www.hertzmexico.com/,OK,200,5.64
11/07/2026,00:21:23,Dollar,https://dollarmexico.com.mx/,OK,200,1.35
11/07/2026,00:21:23,Thrifty,https://www.thrifty.com.mx/,OK,200,0.52
11/07/2026,00:21:23,Firefly,https://www.fireflycarrental.com.mx/,OK,200,6.82
11/07/2026,00:21:23,Avis,https://avis.mx/,OK,200,0.97
11/07/2026,00:21:23,National,https://nationalcar.com.mx/,OK,200,3.76
11/07/2026,00:21:23,Alamo,https://www.alamo.com.mx/es,OK,200,1.21
11/07/2026,00:21:23,Mex Rent A Car,https://mexrentacar.com/es/index,OK,200,1.86
11/07/2026,00:21:23,Budget,https://budget.com.mx/#/,OK,200,0.97
11/07/2026,00:21:23,Localiza,https://www.localiza.com/mexico/es-mx,OK,200,1.4
11/07/2026,00:21:23,Enterprise,https://enterprise.mx/,OK,200,1.39
11/07/2026,00:21:23,Europcar,https://www.europcar.com.mx/,OK,200,1.08
11/07/2026,03:44:32,Hertz,https://www.hertzmexico.com/,OK,200,0.76
11/07/2026,03:44:32,Dollar,https://dollarmexico.com.mx/,OK,200,0.48
11/07/2026,03:44:32,Thrifty,https://www.thrifty.com.mx/,Fallo,403,0.26
11/07/2026,03:44:32,Firefly,https://www.fireflycarrental.com.mx/,Fallo,403,0.24
11/07/2026,03:44:32,Avis,https://avis.mx/,OK,200,0.94
11/07/2026,03:44:32,National,https://nationalcar.com.mx/,OK,200,3.76
11/07/2026,03:44:32,Alamo,https://www.alamo.com.mx/es,OK,200,1.34
11/07/2026,03:44:32,Mex Rent A Car,https://mexrentacar.com/es/index,OK,200,1.09
11/07/2026,03:44:32,Budget,https://budget.com.mx/#/,OK,200,0.97
11/07/2026,03:44:32,Localiza,https://www.localiza.com/mexico/es-mx,OK,200,1.03
11/07/2026,03:44:32,Enterprise,https://enterprise.mx/,OK,200,1.36
11/07/2026,03:44:32,Europcar,https://www.europcar.com.mx/,OK,200,0.5
11/07/2026,05:12:03,Hertz,https://www.hertzmexico.com/,OK,200,0.64
11/07/2026,05:12:03,Dollar,https://dollarmexico.com.mx/,OK,200,0.52
11/07/2026,05:12:03,Thrifty,https://www.thrifty.com.mx/,OK,200,0.7
11/07/2026,05:12:03,Firefly,https://www.fireflycarrental.com.mx/,OK,200,0.63
11/07/2026,05:12:03,Avis,https://avis.mx/,OK,200,0.92
11/07/2026,05:12:03,National,https://nationalcar.com.mx/,OK,200,3.72
11/07/2026,05:12:03,Alamo,https://www.alamo.com.mx/es,OK,200,1.42
11/07/2026,05:12:03,Mex Rent A Car,https://mexrentacar.com/es/index,OK,200,1.87
11/07/2026,05:12:03,Budget,https://budget.com.mx/#/,OK,200,0.47
11/07/2026,05:12:03,Localiza,https://www.localiza.com/mexico/es-mx,OK,200,1.93
11/07/2026,05:12:03,Enterprise,https://enterprise.mx/,OK,200,1.36
11/07/2026,05:12:03,Europcar,https://www.europcar.com.mx/,OK,200,0.52
11/07/2026,07:43:01,Hertz,https://www.hertzmexico.com/,OK,200,0.66
11/07/2026,07:43:01,Dollar,https://dollarmexico.com.mx/,OK,200,0.38
11/07/2026,07:43:01,Thrifty,https://www.thrifty.com.mx/,OK,200,0.55
11/07/2026,07:43:01,Firefly,https://www.fireflycarrental.com.mx/,OK,200,0.54
11/07/2026,07:43:01,Avis,https://avis.mx/,OK,200,0.88
11/07/2026,07:43:01,National,https://nationalcar.com.mx/,OK,200,3.31
11/07/2026,07:43:01,Alamo,https://www.alamo.com.mx/es,OK,200,1.37
11/07/2026,07:43:01,Mex Rent A Car,https://mexrentacar.com/es/index,OK,200,1.63
11/07/2026,07:43:01,Budget,https://budget.com.mx/#/,OK,200,0.82
11/07/2026,07:43:01,Localiza,https://www.localiza.com/mexico/es-mx,OK,200,1.15
11/07/2026,07:43:01,Enterprise,https://enterprise.mx/,OK,200,1.13
11/07/2026,07:43:01,Europcar,https://www.europcar.com.mx/,OK,200,0.6
11/07/2026,09:02:29,Hertz,https://www.hertzmexico.com/,OK,200,0.89
11/07/2026,09:02:29,Dollar,https://dollarmexico.com.mx/,OK,200,0.55
11/07/2026,09:02:29,Thrifty,https://www.thrifty.com.mx/,Fallo,403,0.09
11/07/2026,09:02:29,Firefly,https://www.fireflycarrental.com.mx/,Fallo,403,0.08
11/07/2026,09:02:29,Avis,https://avis.mx/,OK,200,0.78
11/07/2026,09:02:29,National,https://nationalcar.com.mx/,OK,200,2.53
11/07/2026,09:02:29,Alamo,https://www.alamo.com.mx/es,OK,200,1.81
11/07/2026,09:02:29,Mex Rent A Car,https://mexrentacar.com/es/index,OK,200,1.12
11/07/2026,09:02:29,Budget,https://budget.com.mx/#/,OK,200,0.59
11/07/2026,09:02:29,Localiza,https://www.localiza.com/mexico/es-mx,OK,200,1.5
11/07/2026,09:02:29,Enterprise,https://enterprise.mx/,OK,200,0.52
11/07/2026,09:02:29,Europcar,https://www.europcar.com.mx/,OK,200,0.79
11/07/2026,11:05:37,Hertz,https://www.hertzmexico.com/,OK,200,0.56
11/07/2026,11:05:37,Dollar,https://dollarmexico.com.mx/,OK,200,0.57
11/07/2026,11:05:37,Thrifty,https://www.thrifty.com.mx/,Fallo,403,0.15
11/07/2026,11:05:37,Firefly,https://www.fireflycarrental.com.mx/,Fallo,403,0.21
11/07/2026,11:05:37,Avis,https://avis.mx/,OK,200,0.91
11/07/2026,11:05:37,National,https://nationalcar.com.mx/,OK,200,3.85
11/07/2026,11:05:37,Alamo,https://www.alamo.com.mx/es,OK,200,1.14
11/07/2026,11:05:37,Mex Rent A Car,https://mexrentacar.com/es/index,OK,200,1.9
11/07/2026,11:05:37,Budget,https://budget.com.mx/#/,OK,200,0.49
11/07/2026,11:05:37,Localiza,https://www.localiza.com/mexico/es-mx,OK,200,1.27
11/07/2026,11:05:37,Enterprise,https://enterprise.mx/,OK,200,1.49
11/07/2026,11:05:37,Europcar,https://www.europcar.com.mx/,OK,200,0.46
11/07/2026,13:15:11,Hertz,https://www.hertzmexico.com/,OK,200,0.43
11/07/2026,13:15:11,Dollar,https://dollarmexico.com.mx/,OK,200,0.52
11/07/2026,13:15:11,Thrifty,https://www.thrifty.com.mx/,OK,200,0.5
11/07/2026,13:15:11,Firefly,https://www.fireflycarrental.com.mx/,OK,200,0.5
11/07/2026,13:15:11,Avis,https://avis.mx/,OK,200,0.85
11/07/2026,13:15:11,National,https://nationalcar.com.mx/,OK,200,3.43
11/07/2026,13:15:11,Alamo,https://www.alamo.com.mx/es,OK,200,1.41
11/07/2026,13:15:11,Mex Rent A Car,https://mexrentacar.com/es/index,OK,200,1.63
11/07/2026,13:15:11,Budget,https://budget.com.mx/#/,OK,200,0.82
11/07/2026,13:15:11,Localiza,https://www.localiza.com/mexico/es-mx,OK,200,1.37
11/07/2026,13:15:11,Enterprise,https://enterprise.mx/,OK,200,1.17
11/07/2026,13:15:11,Europcar,https://www.europcar.com.mx/,OK,200,0.57
11/07/2026,14:59:24,Hertz,https://www.hertzmexico.com/,OK,200,0.72
11/07/2026,14:59:24,Dollar,https://dollarmexico.com.mx/,OK,200,0.64
11/07/2026,14:59:24,Thrifty,https://www.thrifty.com.mx/,Fallo,403,0.1
11/07/2026,14:59:24,Firefly,https://www.fireflycarrental.com.mx/,Fallo,403,0.09
11/07/2026,14:59:24,Avis,https://avis.mx/,OK,200,0.81
11/07/2026,14:59:24,National,https://nationalcar.com.mx/,OK,200,2.43
11/07/2026,14:59:24,Alamo,https://www.alamo.com.mx/es,OK,200,1.5
11/07/2026,14:59:24,Mex Rent A Car,https://mexrentacar.com/es/index,OK,200,0.98
11/07/2026,14:59:24,Budget,https://budget.com.mx/#/,OK,200,0.53
11/07/2026,14:59:24,Localiza,https://www.localiza.com/mexico/es-mx,OK,200,1.19
11/07/2026,14:59:24,Enterprise,https://enterprise.mx/,OK,200,0.39
11/07/2026,14:59:24,Europcar,https://www.europcar.com.mx/,OK,200,0.7
11/07/2026,16:57:12,Hertz,https://www.hertzmexico.com/,OK,200,0.8
11/07/2026,16:57:12,Dollar,https://dollarmexico.com.mx/,OK,200,0.74
11/07/2026,16:57:12,Thrifty,https://www.thrifty.com.mx/,Fallo,403,0.2
11/07/2026,16:57:12,Firefly,https://www.fireflycarrental.com.mx/,Fallo,403,0.18
11/07/2026,16:57:12,Avis,https://avis.mx/,OK,200,1.08
11/07/2026,16:57:12,National,https://nationalcar.com.mx/,OK,200,2.64
11/07/2026,16:57:12,Alamo,https://www.alamo.com.mx/es,OK,200,1.83
11/07/2026,16:57:12,Mex Rent A Car,https://mexrentacar.com/es/index,OK,200,0.83
11/07/2026,16:57:12,Budget,https://budget.com.mx/#/,OK,200,1.19
11/07/2026,16:57:12,Localiza,https://www.localiza.com/mexico/es-mx,OK,200,1.44
11/07/2026,16:57:12,Enterprise,https://enterprise.mx/,OK,200,0.91
11/07/2026,16:57:12,Europcar,https://www.europcar.com.mx/,OK,200,0.79
11/07/2026,21:38:45,Hertz,https://www.hertzmexico.com/,OK,200,0.8
11/07/2026,21:38:45,Dollar,https://dollarmexico.com.mx/,OK,200,0.58
11/07/2026,21:38:45,Thrifty,https://www.thrifty.com.mx/,OK,200,0.64
11/07/2026,21:38:45,Firefly,https://www.fireflycarrental.com.mx/,OK,200,0.68
11/07/2026,21:38:45,Avis,https://avis.mx/,OK,200,0.75
11/07/2026,21:38:45,National,https://nationalcar.com.mx/,OK,200,2.46
11/07/2026,21:38:45,Alamo,https://www.alamo.com.mx/es,OK,200,1.85
11/07/2026,21:38:45,Mex Rent A Car,https://mexrentacar.com/es/index,OK,200,0.89
11/07/2026,21:38:45,Budget,https://budget.com.mx/#/,OK,200,0.5
11/07/2026,21:38:45,Localiza,https://www.localiza.com/mexico/es-mx,OK,200,1.36
11/07/2026,21:38:45,Enterprise,https://enterprise.mx/,OK,200,0.52
11/07/2026,21:38:45,Europcar,https://www.europcar.com.mx/,OK,200,0.9
12/07/2026,00:41:51,Hertz,https://www.hertzmexico.com/,OK,200,0.7
12/07/2026,00:41:51,Dollar,https://dollarmexico.com.mx/,OK,200,0.59
12/07/2026,00:41:51,Thrifty,https://www.thrifty.com.mx/,Fallo,403,0.28
12/07/2026,00:41:51,Firefly,https://www.fireflycarrental.com.mx/,Fallo,403,0.22
12/07/2026,00:41:51,Avis,https://avis.mx/,OK,200,0.87
12/07/2026,00:41:51,National,https://nationalcar.com.mx/,OK,200,3.86
12/07/2026,00:41:51,Alamo,https://www.alamo.com.mx/es,OK,200,1.3
12/07/2026,00:41:51,Mex Rent A Car,https://mexrentacar.com/es/index,OK,200,1.11
12/07/2026,00:41:51,Budget,https://budget.com.mx/#/,OK,200,0.5
12/07/2026,00:41:51,Localiza,https://www.localiza.com/mexico/es-mx,OK,200,1.44
12/07/2026,00:41:51,Enterprise,https://enterprise.mx/,OK,200,1.4
12/07/2026,00:41:51,Europcar,https://www.europcar.com.mx/,OK,200,0.46
12/07/2026,03:57:57,Hertz,https://www.hertzmexico.com/,OK,200,0.86
12/07/2026,03:57:57,Dollar,https://dollarmexico.com.mx/,OK,200,0.66
12/07/2026,03:57:57,Thrifty,https://www.thrifty.com.mx/,Fallo,403,0.1
12/07/2026,03:57:57,Firefly,https://www.fireflycarrental.com.mx/,Fallo,403,0.11
12/07/2026,03:57:57,Avis,https://avis.mx/,OK,200,0.77
12/07/2026,03:57:57,National,https://nationalcar.com.mx/,OK,200,2.41
12/07/2026,03:57:57,Alamo,https://www.alamo.com.mx/es,OK,200,1.81
12/07/2026,03:57:57,Mex Rent A Car,https://mexrentacar.com/es/index,OK,200,0.86
12/07/2026,03:57:57,Budget,https://budget.com.mx/#/,OK,200,0.49
12/07/2026,03:57:57,Localiza,https://www.localiza.com/mexico/es-mx,OK,200,1.39
12/07/2026,03:57:57,Enterprise,https://enterprise.mx/,OK,200,0.44
12/07/2026,03:57:57,Europcar,https://www.europcar.com.mx/,OK,200,0.63
12/07/2026,05:19:41,Hertz,https://www.hertzmexico.com/,OK,200,0.75
12/07/2026,05:19:41,Dollar,https://dollarmexico.com.mx/,OK,200,0.56
12/07/2026,05:19:41,Thrifty,https://www.thrifty.com.mx/,OK,200,0.68
12/07/2026,05:19:41,Firefly,https://www.fireflycarrental.com.mx/,OK,200,0.57
12/07/2026,05:19:41,Avis,https://avis.mx/,OK,200,0.91
12/07/2026,05:19:41,National,https://nationalcar.com.mx/,OK,200,3.85
12/07/2026,05:19:41,Alamo,https://www.alamo.com.mx/es,OK,200,1.51
12/07/2026,05:19:41,Mex Rent A Car,https://mexrentacar.com/es/index,OK,200,1.83
12/07/2026,05:19:41,Budget,https://budget.com.mx/#/,OK,200,0.98
12/07/2026,05:19:41,Localiza,https://www.localiza.com/mexico/es-mx,OK,200,1.42
12/07/2026,05:19:41,Enterprise,https://enterprise.mx/,OK,200,1.46
12/07/2026,05:19:41,Europcar,https://www.europcar.com.mx/,OK,200,0.47
12/07/2026,07:43:50,Hertz,https://www.hertzmexico.com/,OK,200,0.7
12/07/2026,07:43:50,Dollar,https://dollarmexico.com.mx/,OK,200,0.59
12/07/2026,07:43:50,Thrifty,https://www.thrifty.com.mx/,Fallo,403,0.23
12/07/2026,07:43:50,Firefly,https://www.fireflycarrental.com.mx/,Fallo,403,0.17
12/07/2026,07:43:50,Avis,https://avis.mx/,OK,200,1.01
12/07/2026,07:43:50,National,https://nationalcar.com.mx/,OK,200,3.7
12/07/2026,07:43:50,Alamo,https://www.alamo.com.mx/es,OK,200,1.16
12/07/2026,07:43:50,Mex Rent A Car,https://mexrentacar.com/es/index,OK,200,1.92
12/07/2026,07:43:50,Budget,https://budget.com.mx/#/,OK,200,0.94
12/07/2026,07:43:50,Localiza,https://www.localiza.com/mexico/es-mx,OK,200,0.99
12/07/2026,07:43:50,Enterprise,https://enterprise.mx/,OK,200,1.39
12/07/2026,07:43:50,Europcar,https://www.europcar.com.mx/,OK,200,0.45
12/07/2026,09:04:32,Hertz,https://www.hertzmexico.com/,OK,200,0.76
12/07/2026,09:04:32,Dollar,https://dollarmexico.com.mx/,OK,200,0.56
12/07/2026,09:04:32,Thrifty,https://www.thrifty.com.mx/,Fallo,403,0.21
12/07/2026,09:04:32,Firefly,https://www.fireflycarrental.com.mx/,Fallo,403,0.13
12/07/2026,09:04:32,Avis,https://avis.mx/,OK,200,0.9
12/07/2026,09:04:32,National,https://nationalcar.com.mx/,OK,200,3.7
12/07/2026,09:04:32,Alamo,https://www.alamo.com.mx/es,OK,200,1.14
12/07/2026,09:04:32,Mex Rent A Car,https://mexrentacar.com/es/index,OK,200,1.77
12/07/2026,09:04:32,Budget,https://budget.com.mx/#/,OK,200,0.52
12/07/2026,09:04:32,Localiza,https://www.localiza.com/mexico/es-mx,OK,200,1.46
12/07/2026,09:04:32,Enterprise,https://enterprise.mx/,OK,200,1.43
12/07/2026,09:04:32,Europcar,https://www.europcar.com.mx/,OK,200,0.42
12/07/2026,11:08:01,Hertz,https://www.hertzmexico.com/,OK,200,0.89
12/07/2026,11:08:01,Dollar,https://dollarmexico.com.mx/,OK,200,0.59
12/07/2026,11:08:01,Thrifty,https://www.thrifty.com.mx/,Fallo,403,0.11
12/07/2026,11:08:01,Firefly,https://www.fireflycarrental.com.mx/,Fallo,403,0.09
12/07/2026,11:08:01,Avis,https://avis.mx/,OK,200,0.76
12/07/2026,11:08:01,National,https://nationalcar.com.mx/,OK,200,2.45
12/07/2026,11:08:01,Alamo,https://www.alamo.com.mx/es,OK,200,1.49
12/07/2026,11:08:01,Mex Rent A Car,https://mexrentacar.com/es/index,OK,200,0.59
12/07/2026,11:08:01,Budget,https://budget.com.mx/#/,OK,200,0.58
12/07/2026,11:08:01,Localiza,https://www.localiza.com/mexico/es-mx,OK,200,1.12
12/07/2026,11:08:01,Enterprise,https://enterprise.mx/,OK,200,0.37
12/07/2026,11:08:01,Europcar,https://www.europcar.com.mx/,OK,200,0.71
12/07/2026,13:15:43,Hertz,https://www.hertzmexico.com/,OK,200,0.83
12/07/2026,13:15:43,Dollar,https://dollarmexico.com.mx/,OK,200,0.74
12/07/2026,13:15:43,Thrifty,https://www.thrifty.com.mx/,Fallo,403,0.09
12/07/2026,13:15:43,Firefly,https://www.fireflycarrental.com.mx/,Fallo,403,0.06
12/07/2026,13:15:43,Avis,https://avis.mx/,OK,200,0.77
12/07/2026,13:15:43,National,https://nationalcar.com.mx/,OK,200,2.37
12/07/2026,13:15:43,Alamo,https://www.alamo.com.mx/es,OK,200,1.67
12/07/2026,13:15:43,Mex Rent A Car,https://mexrentacar.com/es/index,OK,200,0.92
12/07/2026,13:15:43,Budget,https://budget.com.mx/#/,OK,200,1.04
12/07/2026,13:15:43,Localiza,https://www.localiza.com/mexico/es-mx,OK,200,1.0
12/07/2026,13:15:43,Enterprise,https://enterprise.mx/,OK,200,0.52
12/07/2026,13:15:43,Europcar,https://www.europcar.com.mx/,OK,200,0.66
12/07/2026,14:59:45,Hertz,https://www.hertzmexico.com/,OK,200,0.81
12/07/2026,14:59:45,Dollar,https://dollarmexico.com.mx/,OK,200,0.62
12/07/2026,14:59:45,Thrifty,https://www.thrifty.com.mx/,OK,200,0.61
12/07/2026,14:59:45,Firefly,https://www.fireflycarrental.com.mx/,OK,200,0.65
12/07/2026,14:59:45,Avis,https://avis.mx/,OK,200,0.94
12/07/2026,14:59:45,National,https://nationalcar.com.mx/,OK,200,2.32
12/07/2026,14:59:45,Alamo,https://www.alamo.com.mx/es,OK,200,1.72
12/07/2026,14:59:45,Mex Rent A Car,https://mexrentacar.com/es/index,OK,200,0.9
12/07/2026,14:59:45,Budget,https://budget.com.mx/#/,OK,200,0.51
12/07/2026,14:59:45,Localiza,https://www.localiza.com/mexico/es-mx,OK,200,0.97
12/07/2026,14:59:45,Enterprise,https://enterprise.mx/,OK,200,0.45
12/07/2026,14:59:45,Europcar,https://www.europcar.com.mx/,OK,200,0.71
12/07/2026,16:57:13,Hertz,https://www.hertzmexico.com/,OK,200,0.68
12/07/2026,16:57:13,Dollar,https://dollarmexico.com.mx/,OK,200,0.54
12/07/2026,16:57:13,Thrifty,https://www.thrifty.com.mx/,Fallo,403,0.1
12/07/2026,16:57:13,Firefly,https://www.fireflycarrental.com.mx/,Fallo,403,0.25
12/07/2026,16:57:13,Avis,https://avis.mx/,OK,200,1.0
12/07/2026,16:57:13,National,https://nationalcar.com.mx/,OK,200,3.7
12/07/2026,16:57:13,Alamo,https://www.alamo.com.mx/es,OK,200,1.16
12/07/2026,16:57:13,Mex Rent A Car,https://mexrentacar.com/es/index,OK,200,1.9
12/07/2026,16:57:13,Budget,https://budget.com.mx/#/,OK,200,0.5
12/07/2026,16:57:13,Localiza,https://www.localiza.com/mexico/es-mx,OK,200,1.0
12/07/2026,16:57:13,Enterprise,https://enterprise.mx/,OK,200,1.38
12/07/2026,16:57:13,Europcar,https://www.europcar.com.mx/,OK,200,0.47
12/07/2026,21:40:45,Hertz,https://www.hertzmexico.com/,OK,200,0.7
12/07/2026,21:40:45,Dollar,https://dollarmexico.com.mx/,OK,200,0.47
12/07/2026,21:40:45,Thrifty,https://www.thrifty.com.mx/,Fallo,403,0.13
12/07/2026,21:40:45,Firefly,https://www.fireflycarrental.com.mx/,Fallo,403,0.2
12/07/2026,21:40:45,Avis,https://avis.mx/,OK,200,1.0
12/07/2026,21:40:45,National,https://nationalcar.com.mx/,OK,200,3.74
12/07/2026,21:40:45,Alamo,https://www.alamo.com.mx/es,OK,200,1.11
12/07/2026,21:40:45,Mex Rent A Car,https://mexrentacar.com/es/index,OK,200,1.09
12/07/2026,21:40:45,Budget,https://budget.com.mx/#/,OK,200,0.98
12/07/2026,21:40:45,Localiza,https://www.localiza.com/mexico/es-mx,OK,200,1.22
12/07/2026,21:40:45,Enterprise,https://enterprise.mx/,OK,200,1.36
12/07/2026,21:40:45,Europcar,https://www.europcar.com.mx/,OK,200,0.49
13/07/2026,01:29:35,Hertz,https://www.hertzmexico.com/,OK,200,7.22
13/07/2026,01:29:35,Dollar,https://dollarmexico.com.mx/,OK,200,0.78
13/07/2026,01:29:35,Thrifty,https://www.thrifty.com.mx/,OK,200,0.84
13/07/2026,01:29:35,Firefly,https://www.fireflycarrental.com.mx/,OK,200,0.86
13/07/2026,01:29:35,Avis,https://avis.mx/,OK,200,0.67
13/07/2026,01:29:35,National,https://nationalcar.com.mx/,OK,200,2.81
13/07/2026,01:29:35,Alamo,https://www.alamo.com.mx/es,OK,200,1.62
13/07/2026,01:29:35,Mex Rent A Car,https://mexrentacar.com/es/index,OK,200,1.08
13/07/2026,01:29:35,Budget,https://budget.com.mx/#/,OK,200,0.63
13/07/2026,01:29:35,Localiza,https://www.localiza.com/mexico/es-mx,OK,200,1.15
13/07/2026,01:29:35,Enterprise,https://enterprise.mx/,OK,200,0.44
13/07/2026,01:29:35,Europcar,https://www.europcar.com.mx/,OK,200,0.66
13/07/2026,05:21:39,Hertz,https://www.hertzmexico.com/,OK,200,0.76
13/07/2026,05:21:39,Dollar,https://dollarmexico.com.mx/,OK,200,0.62
13/07/2026,05:21:39,Thrifty,https://www.thrifty.com.mx/,Fallo,403,0.12
13/07/2026,05:21:39,Firefly,https://www.fireflycarrental.com.mx/,Fallo,403,0.13
13/07/2026,05:21:39,Avis,https://avis.mx/,OK,200,1.19
13/07/2026,05:21:39,National,https://nationalcar.com.mx/,OK,200,2.47
13/07/2026,05:21:39,Alamo,https://www.alamo.com.mx/es,OK,200,1.46
13/07/2026,05:21:39,Mex Rent A Car,https://mexrentacar.com/es/index,OK,200,1.01
13/07/2026,05:21:39,Budget,https://budget.com.mx/#/,OK,200,1.16
13/07/2026,05:21:39,Localiza,https://www.localiza.com/mexico/es-mx,OK,200,1.24
13/07/2026,05:21:39,Enterprise,https://enterprise.mx/,OK,200,0.39
13/07/2026,05:21:39,Europcar,https://www.europcar.com.mx/,OK,200,0.66
13/07/2026,08:52:03,Hertz,https://www.hertzmexico.com/,OK,200,0.91
13/07/2026,08:52:03,Dollar,https://dollarmexico.com.mx/,OK,200,0.61
13/07/2026,08:52:03,Thrifty,https://www.thrifty.com.mx/,Fallo,403,0.09
13/07/2026,08:52:03,Firefly,https://www.fireflycarrental.com.mx/,Fallo,403,0.06
13/07/2026,08:52:03,Avis,https://avis.mx/,OK,200,0.79
13/07/2026,08:52:03,National,https://nationalcar.com.mx/,OK,200,2.28
13/07/2026,08:52:03,Alamo,https://www.alamo.com.mx/es,OK,200,1.77
13/07/2026,08:52:03,Mex Rent A Car,https://mexrentacar.com/es/index,OK,200,0.85
13/07/2026,08:52:03,Budget,https://budget.com.mx/#/,OK,200,0.5
13/07/2026,08:52:03,Localiza,https://www.localiza.com/mexico/es-mx,OK,200,0.88
13/07/2026,08:52:03,Enterprise,https://enterprise.mx/,OK,200,0.45
13/07/2026,08:52:03,Europcar,https://www.europcar.com.mx/,OK,200,0.7
13/07/2026,12:01:04,Hertz,https://www.hertzmexico.com/,OK,200,0.66
13/07/2026,12:01:04,Dollar,https://dollarmexico.com.mx/,OK,200,0.68
13/07/2026,12:01:04,Thrifty,https://www.thrifty.com.mx/,OK,200,0.71
13/07/2026,12:01:04,Firefly,https://www.fireflycarrental.com.mx/,OK,200,0.73
13/07/2026,12:01:04,Avis,https://avis.mx/,OK,200,1.14
13/07/2026,12:01:04,National,https://nationalcar.com.mx/,OK,200,3.96
13/07/2026,12:01:04,Alamo,https://www.alamo.com.mx/es,OK,200,1.3
13/07/2026,12:01:04,Mex Rent A Car,https://mexrentacar.com/es/index,OK,200,1.52
13/07/2026,12:01:04,Budget,https://budget.com.mx/#/,OK,200,1.08
13/07/2026,12:01:04,Localiza,https://www.localiza.com/mexico/es-mx,OK,200,1.0
13/07/2026,12:01:04,Enterprise,https://enterprise.mx/,OK,200,1.62
13/07/2026,12:01:04,Europcar,https://www.europcar.com.mx/,OK,200,0.62
13/07/2026,15:05:04,Hertz,https://www.hertzmexico.com/,OK,200,0.74
13/07/2026,15:05:04,Dollar,https://dollarmexico.com.mx/,OK,200,0.61
13/07/2026,15:05:04,Thrifty,https://www.thrifty.com.mx/,Fallo,403,0.11
13/07/2026,15:05:04,Firefly,https://www.fireflycarrental.com.mx/,Fallo,403,0.07
13/07/2026,15:05:04,Avis,https://avis.mx/,OK,200,1.15
13/07/2026,15:05:04,National,https://nationalcar.com.mx/,OK,200,2.51
13/07/2026,15:05:04,Alamo,https://www.alamo.com.mx/es,OK,200,1.59
13/07/2026,15:05:04,Mex Rent A Car,https://mexrentacar.com/es/index,OK,200,1.11
13/07/2026,15:05:04,Budget,https://budget.com.mx/#/,OK,200,0.62
13/07/2026,15:05:04,Localiza,https://www.localiza.com/mexico/es-mx,OK,200,2.28
13/07/2026,15:05:04,Enterprise,https://enterprise.mx/,OK,200,0.39
13/07/2026,15:05:04,Europcar,https://www.europcar.com.mx/,OK,200,0.72
13/07/2026,17:02:14,Hertz,https://www.hertzmexico.com/,OK,200,0.84
13/07/2026,17:02:14,Dollar,https://dollarmexico.com.mx/,OK,200,0.57
13/07/2026,17:02:14,Thrifty,https://www.thrifty.com.mx/,Fallo,403,0.09
13/07/2026,17:02:14,Firefly,https://www.fireflycarrental.com.mx/,Fallo,403,0.13
13/07/2026,17:02:14,Avis,https://avis.mx/,OK,200,0.71
13/07/2026,17:02:14,National,https://nationalcar.com.mx/,OK,200,2.52
13/07/2026,17:02:14,Alamo,https://www.alamo.com.mx/es,OK,200,1.5
13/07/2026,17:02:14,Mex Rent A Car,https://mexrentacar.com/es/index,OK,200,0.98
13/07/2026,17:02:14,Budget,https://budget.com.mx/#/,OK,200,0.56
13/07/2026,17:02:14,Localiza,https://www.localiza.com/mexico/es-mx,OK,200,0.79
13/07/2026,17:02:14,Enterprise,https://enterprise.mx/,OK,200,0.33
13/07/2026,17:02:14,Europcar,https://www.europcar.com.mx/,OK,200,0.49
13/07/2026,21:16:05,Hertz,https://www.hertzmexico.com/,OK,200,0.64
13/07/2026,21:16:05,Dollar,https://dollarmexico.com.mx/,OK,200,0.49
13/07/2026,21:16:05,Thrifty,https://www.thrifty.com.mx/,Fallo,403,0.2
13/07/2026,21:16:05,Firefly,https://www.fireflycarrental.com.mx/,Fallo,403,0.21
13/07/2026,21:16:05,Avis,https://avis.mx/,OK,200,0.8
13/07/2026,21:16:05,National,https://nationalcar.com.mx/,OK,200,3.13
13/07/2026,21:16:05,Alamo,https://www.alamo.com.mx/es,OK,200,1.55
13/07/2026,21:16:05,Mex Rent A Car,https://mexrentacar.com/es/index,OK,200,1.13
13/07/2026,21:16:05,Budget,https://budget.com.mx/#/,OK,200,0.61
13/07/2026,21:16:05,Localiza,https://www.localiza.com/mexico/es-mx,OK,200,2.27
13/07/2026,21:16:05,Enterprise,https://enterprise.mx/,OK,200,1.03
13/07/2026,21:16:05,Europcar,https://www.europcar.com.mx/,OK,200,0.56
14/07/2026,00:19:01,Hertz,https://www.hertzmexico.com/,OK,200,0.63
14/07/2026,00:19:01,Dollar,https://dollarmexico.com.mx/,OK,200,0.73
14/07/2026,00:19:01,Thrifty,https://www.thrifty.com.mx/,OK,200,0.67
14/07/2026,00:19:01,Firefly,https://www.fireflycarrental.com.mx/,OK,200,0.63
14/07/2026,00:19:01,Avis,https://avis.mx/,OK,200,0.92
14/07/2026,00:19:01,National,https://nationalcar.com.mx/,OK,200,3.69
14/07/2026,00:19:01,Alamo,https://www.alamo.com.mx/es,OK,200,1.21
14/07/2026,00:19:01,Mex Rent A Car,https://mexrentacar.com/es/index,OK,200,1.51
14/07/2026,00:19:01,Budget,https://budget.com.mx/#/,OK,200,0.43
14/07/2026,00:19:01,Localiza,https://www.localiza.com/mexico/es-mx,OK,200,1.12
14/07/2026,00:19:01,Enterprise,https://enterprise.mx/,OK,200,1.48
14/07/2026,00:19:01,Europcar,https://www.europcar.com.mx/,OK,200,0.49
14/07/2026,04:05:32,Hertz,https://www.hertzmexico.com/,OK,200,0.75
14/07/2026,04:05:32,Dollar,https://dollarmexico.com.mx/,OK,200,3.64
14/07/2026,04:05:32,Thrifty,https://www.thrifty.com.mx/,Fallo,403,0.21
14/07/2026,04:05:32,Firefly,https://www.fireflycarrental.com.mx/,Fallo,403,0.32
14/07/2026,04:05:32,Avis,https://avis.mx/,OK,200,0.88
14/07/2026,04:05:32,National,https://nationalcar.com.mx/,OK,200,3.84
14/07/2026,04:05:32,Alamo,https://www.alamo.com.mx/es,OK,200,1.12
14/07/2026,04:05:32,Mex Rent A Car,https://mexrentacar.com/es/index,OK,200,1.79
14/07/2026,04:05:32,Budget,https://budget.com.mx/#/,OK,200,0.49
14/07/2026,04:05:32,Localiza,https://www.localiza.com/mexico/es-mx,OK,200,1.3
14/07/2026,04:05:32,Enterprise,https://enterprise.mx/,OK,200,1.45
14/07/2026,04:05:32,Europcar,https://www.europcar.com.mx/,OK,200,0.45
14/07/2026,08:02:06,Hertz,https://www.hertzmexico.com/,OK,200,0.68
14/07/2026,08:02:06,Dollar,https://dollarmexico.com.mx/,OK,200,0.51
14/07/2026,08:02:06,Thrifty,https://www.thrifty.com.mx/,OK,200,0.46
14/07/2026,08:02:06,Firefly,https://www.fireflycarrental.com.mx/,OK,200,0.48
14/07/2026,08:02:06,Avis,https://avis.mx/,OK,200,0.87
14/07/2026,08:02:06,National,https://nationalcar.com.mx/,OK,200,3.39
14/07/2026,08:02:06,Alamo,https://www.alamo.com.mx/es,OK,200,1.16
14/07/2026,08:02:06,Mex Rent A Car,https://mexrentacar.com/es/index,OK,200,0.96
14/07/2026,08:02:06,Budget,https://budget.com.mx/#/,OK,200,0.42
14/07/2026,08:02:06,Localiza,https://www.localiza.com/mexico/es-mx,OK,200,1.71
14/07/2026,08:02:06,Enterprise,https://enterprise.mx/,OK,200,1.17
14/07/2026,08:02:06,Europcar,https://www.europcar.com.mx/,OK,200,0.66
14/07/2026,11:22:08,Hertz,https://www.hertzmexico.com/,OK,200,0.65
14/07/2026,11:22:08,Dollar,https://dollarmexico.com.mx/,OK,200,0.43
14/07/2026,11:22:08,Thrifty,https://www.thrifty.com.mx/,Fallo,403,0.16
14/07/2026,11:22:08,Firefly,https://www.fireflycarrental.com.mx/,Fallo,403,0.14
14/07/2026,11:22:08,Avis,https://avis.mx/,OK,200,0.7
14/07/2026,11:22:08,National,https://nationalcar.com.mx/,OK,200,3.21
14/07/2026,11:22:08,Alamo,https://www.alamo.com.mx/es,OK,200,1.58
14/07/2026,11:22:08,Mex Rent A Car,https://mexrentacar.com/es/index,OK,200,1.47
14/07/2026,11:22:08,Budget,https://budget.com.mx/#/,OK,200,0.86
14/07/2026,11:22:08,Localiza,https://www.localiza.com/mexico/es-mx,OK,200,1.01
14/07/2026,11:22:08,Enterprise,https://enterprise.mx/,OK,200,1.13
14/07/2026,11:22:08,Europcar,https://www.europcar.com.mx/,OK,200,0.64
14/07/2026,13:37:10,Hertz,https://www.hertzmexico.com/,OK,200,0.92
14/07/2026,13:37:10,Dollar,https://dollarmexico.com.mx/,OK,200,0.76
14/07/2026,13:37:10,Thrifty,https://www.thrifty.com.mx/,Fallo,403,0.14
14/07/2026,13:37:10,Firefly,https://www.fireflycarrental.com.mx/,Fallo,403,0.19
14/07/2026,13:37:10,Avis,https://avis.mx/,OK,200,1.15
14/07/2026,13:37:10,National,https://nationalcar.com.mx/,OK,200,2.69
14/07/2026,13:37:10,Alamo,https://www.alamo.com.mx/es,OK,200,1.78
14/07/2026,13:37:10,Mex Rent A Car,https://mexrentacar.com/es/index,OK,200,0.85
14/07/2026,13:37:10,Budget,https://budget.com.mx/#/,OK,200,1.23
14/07/2026,13:37:10,Localiza,https://www.localiza.com/mexico/es-mx,OK,200,0.94
14/07/2026,13:37:10,Enterprise,https://enterprise.mx/,OK,200,0.81
14/07/2026,13:37:10,Europcar,https://www.europcar.com.mx/,OK,200,0.75
14/07/2026,15:06:53,Hertz,https://www.hertzmexico.com/,OK,200,0.67
14/07/2026,15:06:53,Dollar,https://dollarmexico.com.mx/,OK,200,0.44
14/07/2026,15:06:53,Thrifty,https://www.thrifty.com.mx/,Fallo,403,0.07
14/07/2026,15:06:53,Firefly,https://www.fireflycarrental.com.mx/,Fallo,403,0.1
14/07/2026,15:06:53,Avis,https://avis.mx/,OK,200,1.09
14/07/2026,15:06:53,National,https://nationalcar.com.mx/,OK,200,2.83
14/07/2026,15:06:53,Alamo,https://www.alamo.com.mx/es,OK,200,1.96
14/07/2026,15:06:53,Mex Rent A Car,https://mexrentacar.com/es/index,OK,200,0.5
14/07/2026,15:06:53,Budget,https://budget.com.mx/#/,OK,200,0.58
14/07/2026,15:06:53,Localiza,https://www.localiza.com/mexico/es-mx,OK,200,1.08
14/07/2026,15:06:53,Enterprise,https://enterprise.mx/,OK,200,0.42
14/07/2026,15:06:53,Europcar,https://www.europcar.com.mx/,OK,200,0.64
14/07/2026,17:02:42,Hertz,https://www.hertzmexico.com/,OK,200,0.73
14/07/2026,17:02:42,Dollar,https://dollarmexico.com.mx/,OK,200,0.53
14/07/2026,17:02:42,Thrifty,https://www.thrifty.com.mx/,OK,200,0.55
14/07/2026,17:02:42,Firefly,https://www.fireflycarrental.com.mx/,OK,200,1.25
14/07/2026,17:02:42,Avis,https://avis.mx/,OK,200,0.75
14/07/2026,17:02:42,National,https://nationalcar.com.mx/,OK,200,3.45
14/07/2026,17:02:42,Alamo,https://www.alamo.com.mx/es,OK,200,1.25
14/07/2026,17:02:42,Mex Rent A Car,https://mexrentacar.com/es/index,OK,200,1.38
14/07/2026,17:02:42,Budget,https://budget.com.mx/#/,OK,200,0.54
14/07/2026,17:02:42,Localiza,https://www.localiza.com/mexico/es-mx,OK,200,1.38
14/07/2026,17:02:42,Enterprise,https://enterprise.mx/,OK,200,1.25
14/07/2026,17:02:42,Europcar,https://www.europcar.com.mx/,OK,200,0.79
14/07/2026,21:15:31,Hertz,https://www.hertzmexico.com/,OK,200,0.64
14/07/2026,21:15:31,Dollar,https://dollarmexico.com.mx/,OK,200,0.59
14/07/2026,21:15:31,Thrifty,https://www.thrifty.com.mx/,Fallo,403,0.18
14/07/2026,21:15:31,Firefly,https://www.fireflycarrental.com.mx/,Fallo,403,0.22
14/07/2026,21:15:31,Avis,https://avis.mx/,OK,200,0.94
14/07/2026,21:15:31,National,https://nationalcar.com.mx/,OK,200,3.75
14/07/2026,21:15:31,Alamo,https://www.alamo.com.mx/es,OK,200,1.49
14/07/2026,21:15:31,Mex Rent A Car,https://mexrentacar.com/es/index,OK,200,1.9
14/07/2026,21:15:31,Budget,https://budget.com.mx/#/,OK,200,0.53
14/07/2026,21:15:31,Localiza,https://www.localiza.com/mexico/es-mx,OK,200,1.16
14/07/2026,21:15:31,Enterprise,https://enterprise.mx/,OK,200,1.31
14/07/2026,21:15:31,Europcar,https://www.europcar.com.mx/,OK,200,0.52
15/07/2026,00:22:35,Hertz,https://www.hertzmexico.com/,OK,200,0.83
15/07/2026,00:22:35,Dollar,https://dollarmexico.com.mx/,OK,200,0.76
15/07/2026,00:22:35,Thrifty,https://www.thrifty.com.mx/,Fallo,403,0.09
15/07/2026,00:22:35,Firefly,https://www.fireflycarrental.com.mx/,Fallo,403,0.1
15/07/2026,00:22:35,Avis,https://avis.mx/,OK,200,0.88
15/07/2026,00:22:35,National,https://nationalcar.com.mx/,OK,200,2.33
15/07/2026,00:22:35,Alamo,https://www.alamo.com.mx/es,OK,200,1.75
15/07/2026,00:22:35,Mex Rent A Car,https://mexrentacar.com/es/index,OK,200,0.88
15/07/2026,00:22:35,Budget,https://budget.com.mx/#/,OK,200,1.01
15/07/2026,00:22:35,Localiza,https://www.localiza.com/mexico/es-mx,OK,200,1.34
15/07/2026,00:22:35,Enterprise,https://enterprise.mx/,OK,200,0.45
15/07/2026,00:22:35,Europcar,https://www.europcar.com.mx/,OK,200,0.65
15/07/2026,04:09:31,Hertz,https://www.hertzmexico.com/,OK,200,6.23
15/07/2026,04:09:31,Dollar,https://dollarmexico.com.mx/,OK,200,0.52
15/07/2026,04:09:31,Thrifty,https://www.thrifty.com.mx/,Fallo,403,0.11
15/07/2026,04:09:31,Firefly,https://www.fireflycarrental.com.mx/,Fallo,403,0.17
15/07/2026,04:09:31,Avis,https://avis.mx/,OK,200,0.96
15/07/2026,04:09:31,National,https://nationalcar.com.mx/,OK,200,4.01
15/07/2026,04:09:31,Alamo,https://www.alamo.com.mx/es,OK,200,1.23
15/07/2026,04:09:31,Mex Rent A Car,https://mexrentacar.com/es/index,OK,200,1.77
15/07/2026,04:09:31,Budget,https://budget.com.mx/#/,OK,200,0.95
15/07/2026,04:09:31,Localiza,https://www.localiza.com/mexico/es-mx,OK,200,0.89
15/07/2026,04:09:31,Enterprise,https://enterprise.mx/,OK,200,1.35
15/07/2026,04:09:31,Europcar,https://www.europcar.com.mx/,OK,200,0.46
15/07/2026,07:59:07,Hertz,https://www.hertzmexico.com/,OK,200,0.9
15/07/2026,07:59:07,Dollar,https://dollarmexico.com.mx/,OK,200,0.84
15/07/2026,07:59:07,Thrifty,https://www.thrifty.com.mx/,OK,200,0.63
15/07/2026,07:59:07,Firefly,https://www.fireflycarrental.com.mx/,OK,200,0.76
15/07/2026,07:59:07,Avis,https://avis.mx/,OK,200,0.71
15/07/2026,07:59:07,National,https://nationalcar.com.mx/,OK,200,2.7
15/07/2026,07:59:07,Alamo,https://www.alamo.com.mx/es,OK,200,1.71
15/07/2026,07:59:07,Mex Rent A Car,https://mexrentacar.com/es/index,OK,200,1.22
15/07/2026,07:59:07,Budget,https://budget.com.mx/#/,OK,200,1.23
15/07/2026,07:59:07,Localiza,https://www.localiza.com/mexico/es-mx,OK,200,1.67
15/07/2026,07:59:07,Enterprise,https://enterprise.mx/,OK,200,0.39
15/07/2026,07:59:07,Europcar,https://www.europcar.com.mx/,OK,200,0.62
15/07/2026,09:42:23,Hertz,https://www.hertzmexico.com/,OK,200,0.64
15/07/2026,09:42:23,Dollar,https://dollarmexico.com.mx/,OK,200,0.51
15/07/2026,09:42:23,Thrifty,https://www.thrifty.com.mx/,OK,200,0.6
15/07/2026,09:42:23,Firefly,https://www.fireflycarrental.com.mx/,OK,200,0.67
15/07/2026,09:42:23,Avis,https://avis.mx/,OK,200,1.09
15/07/2026,09:42:23,National,https://nationalcar.com.mx/,OK,200,3.86
15/07/2026,09:42:23,Alamo,https://www.alamo.com.mx/es,OK,200,1.56
15/07/2026,09:42:23,Mex Rent A Car,https://mexrentacar.com/es/index,OK,200,1.91
15/07/2026,09:42:23,Budget,https://budget.com.mx/#/,OK,200,0.99
15/07/2026,09:42:23,Localiza,https://www.localiza.com/mexico/es-mx,OK,200,1.15
15/07/2026,09:42:23,Enterprise,https://enterprise.mx/,OK,200,1.45
15/07/2026,09:42:23,Europcar,https://www.europcar.com.mx/,OK,200,0.59
15/07/2026,11:24:51,Hertz,https://www.hertzmexico.com/,OK,200,0.71
15/07/2026,11:24:51,Dollar,https://dollarmexico.com.mx/,OK,200,1.08
15/07/2026,11:24:51,Thrifty,https://www.thrifty.com.mx/,Fallo,403,0.11
15/07/2026,11:24:51,Firefly,https://www.fireflycarrental.com.mx/,Fallo,403,0.09
15/07/2026,11:24:51,Avis,https://avis.mx/,OK,200,0.75
15/07/2026,11:24:51,National,https://nationalcar.com.mx/,OK,200,2.43
15/07/2026,11:24:51,Alamo,https://www.alamo.com.mx/es,OK,200,1.99
15/07/2026,11:24:51,Mex Rent A Car,https://mexrentacar.com/es/index,OK,200,0.93
15/07/2026,11:24:51,Budget,https://budget.com.mx/#/,OK,200,0.57
15/07/2026,11:24:51,Localiza,https://www.localiza.com/mexico/es-mx,OK,200,0.93
15/07/2026,11:24:51,Enterprise,https://enterprise.mx/,OK,200,0.5
15/07/2026,11:24:51,Europcar,https://www.europcar.com.mx/,OK,200,0.68
15/07/2026,13:23:01,Hertz,https://www.hertzmexico.com/,OK,200,0.53
15/07/2026,13:23:01,Dollar,https://dollarmexico.com.mx/,OK,200,0.58
15/07/2026,13:23:01,Thrifty,https://www.thrifty.com.mx/,OK,200,0.63
15/07/2026,13:23:01,Firefly,https://www.fireflycarrental.com.mx/,OK,200,0.61
15/07/2026,13:23:01,Avis,https://avis.mx/,OK,200,0.93
15/07/2026,13:23:01,National,https://nationalcar.com.mx/,OK,200,3.77
15/07/2026,13:23:01,Alamo,https://www.alamo.com.mx/es,OK,200,1.32
15/07/2026,13:23:01,Mex Rent A Car,https://mexrentacar.com/es/index,OK,200,1.85
15/07/2026,13:23:01,Budget,https://budget.com.mx/#/,OK,200,0.98
15/07/2026,13:23:01,Localiza,https://www.localiza.com/mexico/es-mx,OK,200,1.28
15/07/2026,13:23:01,Enterprise,https://enterprise.mx/,OK,200,1.4
15/07/2026,13:23:01,Europcar,https://www.europcar.com.mx/,OK,200,0.5
15/07/2026,15:08:05,Hertz,https://www.hertzmexico.com/,OK,200,0.99
15/07/2026,15:08:05,Dollar,https://dollarmexico.com.mx/,OK,200,0.56
15/07/2026,15:08:05,Thrifty,https://www.thrifty.com.mx/,Fallo,403,0.17
15/07/2026,15:08:05,Firefly,https://www.fireflycarrental.com.mx/,Fallo,403,0.11
15/07/2026,15:08:05,Avis,https://avis.mx/,OK,200,0.93
15/07/2026,15:08:05,National,https://nationalcar.com.mx/,OK,200,3.61
15/07/2026,15:08:05,Alamo,https://www.alamo.com.mx/es,OK,200,1.19
15/07/2026,15:08:05,Mex Rent A Car,https://mexrentacar.com/es/index,OK,200,1.08
15/07/2026,15:08:05,Budget,https://budget.com.mx/#/,OK,200,0.59
15/07/2026,15:08:05,Localiza,https://www.localiza.com/mexico/es-mx,OK,200,1.27
15/07/2026,15:08:05,Enterprise,https://enterprise.mx/,OK,200,1.35
15/07/2026,15:08:05,Europcar,https://www.europcar.com.mx/,OK,200,0.49
15/07/2026,17:04:00,Hertz,https://www.hertzmexico.com/,OK,200,0.72
15/07/2026,17:04:00,Dollar,https://dollarmexico.com.mx/,OK,200,0.63
15/07/2026,17:04:00,Thrifty,https://www.thrifty.com.mx/,Fallo,403,0.1
15/07/2026,17:04:00,Firefly,https://www.fireflycarrental.com.mx/,Fallo,403,0.1
15/07/2026,17:04:00,Avis,https://avis.mx/,OK,200,0.78
15/07/2026,17:04:00,National,https://nationalcar.com.mx/,OK,200,2.31
15/07/2026,17:04:00,Alamo,https://www.alamo.com.mx/es,OK,200,2.05
15/07/2026,17:04:00,Mex Rent A Car,https://mexrentacar.com/es/index,OK,200,0.88
15/07/2026,17:04:00,Budget,https://budget.com.mx/#/,OK,200,0.5
15/07/2026,17:04:00,Localiza,https://www.localiza.com/mexico/es-mx,OK,200,0.98
15/07/2026,17:04:00,Enterprise,https://enterprise.mx/,OK,200,0.47
15/07/2026,17:04:00,Europcar,https://www.europcar.com.mx/,OK,200,0.73
15/07/2026,21:22:17,Hertz,https://www.hertzmexico.com/,OK,200,0.72
15/07/2026,21:22:17,Dollar,https://dollarmexico.com.mx/,OK,200,0.75
15/07/2026,21:22:17,Thrifty,https://www.thrifty.com.mx/,Fallo,403,0.13
15/07/2026,21:22:17,Firefly,https://www.fireflycarrental.com.mx/,Fallo,403,0.18
15/07/2026,21:22:17,Avis,https://avis.mx/,OK,200,1.53
15/07/2026,21:22:17,National,https://nationalcar.com.mx/,OK,200,2.66
15/07/2026,21:22:17,Alamo,https://www.alamo.com.mx/es,OK,200,1.75
15/07/2026,21:22:17,Mex Rent A Car,https://mexrentacar.com/es/index,OK,200,0.9
15/07/2026,21:22:17,Budget,https://budget.com.mx/#/,OK,200,1.09
15/07/2026,21:22:17,Localiza,https://www.localiza.com/mexico/es-mx,OK,200,1.13
15/07/2026,21:22:17,Enterprise,https://enterprise.mx/,OK,200,0.88
15/07/2026,21:22:17,Europcar,https://www.europcar.com.mx/,OK,200,0.77
16/07/2026,00:25:59,Hertz,https://www.hertzmexico.com/,OK,200,5.08
16/07/2026,00:25:59,Dollar,https://dollarmexico.com.mx/,OK,200,0.61
16/07/2026,00:25:59,Thrifty,https://www.thrifty.com.mx/,Fallo,403,0.15
16/07/2026,00:25:59,Firefly,https://www.fireflycarrental.com.mx/,Fallo,403,0.23
16/07/2026,00:25:59,Avis,https://avis.mx/,OK,200,0.86
16/07/2026,00:25:59,National,https://nationalcar.com.mx/,OK,200,3.36
16/07/2026,00:25:59,Alamo,https://www.alamo.com.mx/es,OK,200,1.35
16/07/2026,00:25:59,Mex Rent A Car,https://mexrentacar.com/es/index,OK,200,0.9
16/07/2026,00:25:59,Budget,https://budget.com.mx/#/,OK,200,0.81
16/07/2026,00:25:59,Localiza,https://www.localiza.com/mexico/es-mx,OK,200,1.55
16/07/2026,00:25:59,Enterprise,https://enterprise.mx/,OK,200,1.13
16/07/2026,00:25:59,Europcar,https://www.europcar.com.mx/,OK,200,1.33
16/07/2026,04:18:36,Hertz,https://www.hertzmexico.com/,OK,200,0.64
16/07/2026,04:18:36,Dollar,https://dollarmexico.com.mx/,OK,200,0.5
16/07/2026,04:18:36,Thrifty,https://www.thrifty.com.mx/,Fallo,403,0.05
16/07/2026,04:18:36,Firefly,https://www.fireflycarrental.com.mx/,Fallo,403,0.16
16/07/2026,04:18:36,Avis,https://avis.mx/,OK,200,1.04
16/07/2026,04:18:36,National,https://nationalcar.com.mx/,OK,200,3.46
16/07/2026,04:18:36,Alamo,https://www.alamo.com.mx/es,OK,200,1.31
16/07/2026,04:18:36,Mex Rent A Car,https://mexrentacar.com/es/index,OK,200,1.65
16/07/2026,04:18:36,Budget,https://budget.com.mx/#/,OK,200,0.86
16/07/2026,04:18:36,Localiza,https://www.localiza.com/mexico/es-mx,OK,200,1.41
16/07/2026,04:18:36,Enterprise,https://enterprise.mx/,OK,200,1.29
16/07/2026,04:18:36,Europcar,https://www.europcar.com.mx/,OK,200,0.59
16/07/2026,08:10:31,Hertz,https://www.hertzmexico.com/,OK,200,0.65
16/07/2026,08:10:31,Dollar,https://dollarmexico.com.mx/,OK,200,0.61
16/07/2026,08:10:31,Thrifty,https://www.thrifty.com.mx/,Fallo,403,0.13
16/07/2026,08:10:31,Firefly,https://www.fireflycarrental.com.mx/,Fallo,403,0.21
16/07/2026,08:10:31,Avis,https://avis.mx/,OK,200,0.86
16/07/2026,08:10:31,National,https://nationalcar.com.mx/,OK,200,3.79
16/07/2026,08:10:31,Alamo,https://www.alamo.com.mx/es,OK,200,1.33
16/07/2026,08:10:31,Mex Rent A Car,https://mexrentacar.com/es/index,OK,200,1.93
16/07/2026,08:10:31,Budget,https://budget.com.mx/#/,OK,200,1.02
16/07/2026,08:10:31,Localiza,https://www.localiza.com/mexico/es-mx,OK,200,0.86
16/07/2026,08:10:31,Enterprise,https://enterprise.mx/,OK,200,1.56
16/07/2026,08:10:31,Europcar,https://www.europcar.com.mx/,OK,200,0.55
16/07/2026,11:26:01,Hertz,https://www.hertzmexico.com/,OK,200,0.65
16/07/2026,11:26:01,Dollar,https://dollarmexico.com.mx/,OK,200,0.49
16/07/2026,11:26:01,Thrifty,https://www.thrifty.com.mx/,Fallo,403,0.25
16/07/2026,11:26:01,Firefly,https://www.fireflycarrental.com.mx/,Fallo,403,0.19
16/07/2026,11:26:01,Avis,https://avis.mx/,OK,200,0.87
16/07/2026,11:26:01,National,https://nationalcar.com.mx/,OK,200,0.36
16/07/2026,11:26:01,Alamo,https://www.alamo.com.mx/es,OK,200,1.32
16/07/2026,11:26:01,Mex Rent A Car,https://mexrentacar.com/es/index,OK,200,1.15
16/07/2026,11:26:01,Budget,https://budget.com.mx/#/,OK,200,0.94
16/07/2026,11:26:01,Localiza,https://www.localiza.com/mexico/es-mx,OK,200,1.06
16/07/2026,11:26:01,Enterprise,https://enterprise.mx/,OK,200,1.38
16/07/2026,11:26:01,Europcar,https://www.europcar.com.mx/,OK,200,0.48
16/07/2026,13:23:01,Hertz,https://www.hertzmexico.com/,OK,200,0.68
16/07/2026,13:23:01,Dollar,https://dollarmexico.com.mx/,OK,200,0.63
16/07/2026,13:23:01,Thrifty,https://www.thrifty.com.mx/,Fallo,403,0.14
16/07/2026,13:23:01,Firefly,https://www.fireflycarrental.com.mx/,Fallo,403,0.16
16/07/2026,13:23:01,Avis,https://avis.mx/,OK,200,1.1
16/07/2026,13:23:01,National,https://nationalcar.com.mx/,OK,200,3.79
16/07/2026,13:23:01,Alamo,https://www.alamo.com.mx/es,OK,200,1.3
16/07/2026,13:23:01,Mex Rent A Car,https://mexrentacar.com/es/index,OK,200,1.87
16/07/2026,13:23:01,Budget,https://budget.com.mx/#/,OK,200,0.48
16/07/2026,13:23:01,Localiza,https://www.localiza.com/mexico/es-mx,OK,200,1.79
16/07/2026,13:23:01,Enterprise,https://enterprise.mx/,OK,200,1.46
16/07/2026,13:23:01,Europcar,https://www.europcar.com.mx/,OK,200,0.48
16/07/2026,15:10:24,Hertz,https://www.hertzmexico.com/,OK,200,0.66
16/07/2026,15:10:24,Dollar,https://dollarmexico.com.mx/,OK,200,0.64
16/07/2026,15:10:24,Thrifty,https://www.thrifty.com.mx/,Fallo,403,0.12
16/07/2026,15:10:24,Firefly,https://www.fireflycarrental.com.mx/,Fallo,403,0.09
16/07/2026,15:10:24,Avis,https://avis.mx/,OK,200,0.86
16/07/2026,15:10:24,National,https://nationalcar.com.mx/,OK,200,2.34
16/07/2026,15:10:24,Alamo,https://www.alamo.com.mx/es,OK,200,1.6
16/07/2026,15:10:24,Mex Rent A Car,https://mexrentacar.com/es/index,OK,200,0.87
16/07/2026,15:10:24,Budget,https://budget.com.mx/#/,OK,200,0.5
16/07/2026,15:10:24,Localiza,https://www.localiza.com/mexico/es-mx,OK,200,1.43
16/07/2026,15:10:24,Enterprise,https://enterprise.mx/,OK,200,0.57
16/07/2026,15:10:24,Europcar,https://www.europcar.com.mx/,OK,200,0.71
16/07/2026,17:04:08,Hertz,https://www.hertzmexico.com/,OK,200,0.59
16/07/2026,17:04:08,Dollar,https://dollarmexico.com.mx/,OK,200,0.51
16/07/2026,17:04:08,Thrifty,https://www.thrifty.com.mx/,Fallo,403,0.13
16/07/2026,17:04:08,Firefly,https://www.fireflycarrental.com.mx/,Fallo,403,0.14
16/07/2026,17:04:08,Avis,https://avis.mx/,OK,200,4.21
16/07/2026,17:04:08,National,https://nationalcar.com.mx/,OK,200,3.79
16/07/2026,17:04:08,Alamo,https://www.alamo.com.mx/es,OK,200,1.23
16/07/2026,17:04:08,Mex Rent A Car,https://mexrentacar.com/es/index,OK,200,1.8
16/07/2026,17:04:08,Budget,https://budget.com.mx/#/,OK,200,16.23
16/07/2026,17:04:08,Localiza,https://www.localiza.com/mexico/es-mx,OK,200,1.07
16/07/2026,17:04:08,Enterprise,https://enterprise.mx/,OK,200,1.74
16/07/2026,17:04:08,Europcar,https://www.europcar.com.mx/,OK,200,0.49
